"Run_ID","Genus__Escherichia-Shigella|Family__Enterobacteriaceae","Genus__Enterococcus|Family__Enterococcaceae","Genus__Asteroleplasma|Family__Erysipelatoclostridiaceae","Genus__Akkermansia|Family__Akkermansiaceae","Genus__Prevotella|Family__Prevotellaceae","Genus__Staphylococcus|Family__Staphylococcaceae","Genus__Bacteroides|Family__Bacteroidaceae","Genus__Pseudomonas|Family__Pseudomonadaceae","Genus__Haemophilus|Family__Pasteurellaceae","Genus__Sphaerochaeta|Family__Spirochaetaceae","Genus__Klebsiella|Family__Enterobacteriaceae","Genus__Basfia|Family__Pasteurellaceae","Genus__Mycoplasmopsis|Family__Mycoplasmataceae","Genus__Dialister|Family__Veillonellaceae","Genus__Corynebacterium|Family__Corynebacteriaceae","Genus__Campylobacter|Family__Campylobacteraceae","Genus__Hoylesella|Family__Prevotellaceae","Genus__Gemmiger|Family__Ruminococcaceae","Genus__Fenollaria|Family__Family XI","Genus__Salmonella|Family__Enterobacteriaceae","Genus__Enterobacter|Family__Enterobacteriaceae","Genus__Prevotellaceae UCG-001|Family__Prevotellaceae","Genus__Porphyromonas|Family__Porphyromonadaceae","Genus__Parabacteroides|Family__Tannerellaceae","Genus__Acidaminococcus|Family__Acidaminococcaceae","Genus__Sutterella|Family__Sutterellaceae","Genus__Fusobacterium|Family__Fusobacteriaceae","Genus__Thomasclavelia|Family__Erysipelatoclostridiaceae","Genus__Lactobacillus|Family__Lactobacillaceae","Genus__UCG-004|Family__Erysipelatoclostridiaceae","Genus__Catenibacterium|Family__Erysipelatoclostridiaceae","Genus__Segatella|Family__Prevotellaceae","Genus__Phascolarctobacterium|Family__Acidaminococcaceae","Genus__Ruthenibacterium|Family__Ruminococcaceae","Genus__Alistipes|Family__Rikenellaceae","Genus__Mobiluncus|Family__Actinomycetaceae","Genus__UCG-002|Family__Oscillospiraceae","Genus__Enterocloster|Family__Lachnospiraceae","Genus__[Ruminococcus] gnavus group|Family__Lachnospiraceae","Genus__Succinivibrio|Family__Succinivibrionaceae","Genus__Faecalibacterium|Family__Ruminococcaceae","Genus__S5-A14a|Family__Anaerovoracaceae","Genus__Peptoniphilus|Family__Family XI","Genus__Parvimonas|Family__Family XI","Genus__[Clostridium] innocuum group|Family__Erysipelotrichaceae","Genus__Odoribacter|Family__Marinifilaceae","Genus__Negativicoccus|Family__Veillonellaceae","Genus__Trabulsiella|Family__Enterobacteriaceae","Genus__Christensenellaceae R-7 group|Family__Christensenellaceae","Genus__Proteus|Family__Morganellaceae","Genus__Mediterraneibacter|Family__Lachnospiraceae","Genus__Roseburia|Family__Lachnospiraceae","Genus__Holdemanella|Family__Erysipelotrichaceae","Genus__Ezakiella|Family__Family XI","Genus__UCG-005|Family__Oscillospiraceae","Genus__Lachnospiraceae NK4A136 group|Family__Lachnospiraceae","Genus__Finegoldia|Family__Family XI","Genus__Lachnospiraceae UCG-004|Family__Lachnospiraceae","Genus__Rikenellaceae RC9 gut group|Family__Rikenellaceae","Genus__Varibaculum|Family__Actinomycetaceae","Genus__Mycoplasma|Family__Mycoplasmataceae","Genus__Subdoligranulum|Family__Ruminococcaceae","Genus__NK4A214 group|Family__Oscillospiraceae","Genus__Oscillibacter|Family__Oscillospiraceae","Genus__Miniphocaeibacter|Family__Family XI","Genus__Aeromonas|Family__Aeromonadaceae","Genus__Bilophila|Family__Desulfovibrionaceae","Genus__W5053|Family__Family XI","Genus__Solobacterium|Family__Erysipelotrichaceae","Genus__Fannyhessea|Family__Atopobiaceae","Genus__[Eubacterium] eligens group|Family__Lachnospiraceae","Genus__Dorea|Family__Lachnospiraceae","Genus__Megasphaera|Family__Veillonellaceae","Genus__Hungatella|Family__Lachnospiraceae","Genus__Streptococcus|Family__Streptococcaceae","Genus__Lachnoclostridium|Family__Lachnospiraceae","Genus__Flavonifractor|Family__Oscillospiraceae","Genus__Peptostreptococcus|Family__Peptostreptococcaceae","Genus__CAG-352|Family__Ruminococcaceae","Genus__Sneathia|Family__Leptotrichiaceae","Genus__Anaerococcus|Family__Family XI","Genus__Agathobacter|Family__Lachnospiraceae","Genus__Eisenbergiella|Family__Lachnospiraceae","Genus__Pseudocitrobacter|Family__Enterobacteriaceae","Genus__Extibacter|Family__Lachnospiraceae","Genus__Pyramidobacter|Family__Synergistaceae","Genus__Citrobacter|Family__Enterobacteriaceae","Genus__CAG-873|Family__Muribaculaceae","Genus__Ruminococcus|Family__Ruminococcaceae","Genus__Leyella|Family__Prevotellaceae","Genus__Tyzzerella|Family__Lachnospiraceae","Genus__Gardnerella|Family__Bifidobacteriaceae","Genus__Moryella|Family__Lachnospiraceae","Genus__Catenisphaera|Family__Erysipelotrichaceae","Genus__Clostridium|Family__Clostridiaceae","Genus__Clostridioides|Family__Peptostreptococcaceae","Genus__Monoglobus|Family__Monoglobaceae","Genus__Murdochiella|Family__Family XI","Genus__Oribacterium|Family__Lachnospiraceae","Genus__Lachnospiraceae UCG-010|Family__Lachnospiraceae","Genus__Rarimicrobium|Family__Synergistaceae","Genus__Colidextribacter|Family__Oscillospiraceae","Genus__Anaerotignum|Family__Lachnospiraceae","Genus__Bifidobacterium|Family__Bifidobacteriaceae","Genus__Coprococcus|Family__Lachnospiraceae","Genus__Coprobacillus|Family__Erysipelatoclostridiaceae","Genus__Schaalia|Family__Actinomycetaceae","Genus__dgA-11 gut group|Family__Rikenellaceae","Genus__Sellimonas|Family__Lachnospiraceae","Genus__Faecalicatena|Family__Lachnospiraceae","Genus__Blautia|Family__Lachnospiraceae","Genus__Jonquetella|Family__Synergistaceae","Genus__Aquamonas|Family__Enterobacteriaceae","Genus__Massiliprevotella|Family__Prevotellaceae","Genus__Fastidiosipila|Family__Oscillospiraceae","Genus__Acutalibacter|Family__Ruminococcaceae","Genus__Arcanobacterium|Family__Actinomycetaceae","Genus__Veillonella|Family__Veillonellaceae","Genus__Lawsonella|Family__Corynebacteriaceae","Genus__Berryella|Family__Eggerthellaceae","Genus__Desulfovibrio|Family__Desulfovibrionaceae","Genus__Dielma|Family__Erysipelotrichaceae","Genus__Intestinimonas|Family__Oscillospiraceae","Genus__Acinetobacter|Family__Moraxellaceae","Genus__Mogibacterium|Family__Anaerovoracaceae","Genus__Phocaeicola|Family__Incertae Sedis","Genus__Lachnospiraceae NC2004 group|Family__Lachnospiraceae","Genus__[Eubacterium] siraeum group|Family__Ruminococcaceae","Genus__Succiniclasticum|Family__Acidaminococcaceae","Genus__Family XIII AD3011 group|Family__Anaerovoracaceae","Genus__Holdemania|Family__Erysipelotrichaceae","Genus__HT002|Family__Lactobacillaceae","Genus__Lachnospiraceae NK3A20 group|Family__Lachnospiraceae","Genus__Adlercreutzia|Family__Eggerthellaceae","Genus__Raoultella|Family__Enterobacteriaceae","Genus__Treponema|Family__Spirochaetaceae","Genus__Butyrivibrio|Family__Lachnospiraceae","Genus__[Eubacterium] oxidoreducens group|Family__Lachnospiraceae","Genus__Prevotellaceae UCG-003|Family__Prevotellaceae","Genus__Barnesiella|Family__Barnesiellaceae","Genus__Gemella|Family__Gemellaceae","Genus__Dapisostemonum CCIBt 3536|Family__Chroococcidiopsaceae","Genus__possible genus Sk018|Family__Lachnospiraceae","Genus__Limosilactobacillus|Family__Lactobacillaceae","Genus__Mitsuokella|Family__Selenomonadaceae","Genus__Zag_111|Family__Gastranaerophilaceae","Genus__Howardella|Family__Lachnospiraceae","Genus__Comamonas|Family__Comamonadaceae","Genus__Cloacibacillus|Family__Synergistaceae","Genus__Collinsella|Family__Coriobacteriaceae","Genus__Succinatimonas|Family__Succinivibrionaceae","Genus__Morganella|Family__Morganellaceae","Genus__UCG-003|Family__Oscillospiraceae","Genus__Agathobaculum|Family__Butyricicoccaceae","Genus__Parolsenella|Family__Atopobiaceae","Genus__Kluyvera|Family__Enterobacteriaceae","Genus__Paraprevotella|Family__Prevotellaceae","Genus__Parasutterella|Family__Sutterellaceae","Genus__Criibacterium|Family__Peptostreptococcaceae","Genus__CAG-56|Family__Lachnospiraceae","Genus__Samsonia|Family__Yersiniaceae","Genus__Candidatus Soleaferrea|Family__Ruminococcaceae","Genus__Anaerostipes|Family__Lachnospiraceae","Genus__Xylanibacter|Family__Prevotellaceae","Genus__[Eubacterium] brachy group|Family__Anaerovoracaceae","Genus__Senegalimassilia|Family__Eggerthellaceae","Genus__Fusicatenibacter|Family__Lachnospiraceae","Genus__Kallipyga|Family__Family XI","Genus__Lachnospira|Family__Lachnospiraceae","Genus__Lachnospiraceae AC2044 group|Family__Lachnospiraceae","Genus__Conservatibacter|Family__Pasteurellaceae","Genus__Allisonella|Family__Veillonellaceae","Genus__Cetobacterium|Family__Fusobacteriaceae","Genus__Victivallis|Family__Victivallaceae","Genus__Ligilactobacillus|Family__Lactobacillaceae","Genus__Faecalimonas|Family__Lachnospiraceae","Genus__Alloprevotella|Family__Prevotellaceae","Genus__Alloscardovia|Family__Bifidobacteriaceae","Genus__Robinsoniella|Family__Lachnospiraceae","Genus__Lelliottia|Family__Enterobacteriaceae","Genus__Elusimicrobium|Family__Elusimicrobiaceae","Genus__Facklamia|Family__Aerococcaceae","Genus__Atopobium|Family__Atopobiaceae","Genus__Brachyspira|Family__Brachyspiraceae","Genus__Shimwellia|Family__Enterobacteriaceae","Genus__Frisingicoccus|Family__Lachnospiraceae","Genus__Coprobacter|Family__Barnesiellaceae","Genus__Dermabacter|Family__Dermabacteraceae","Genus__Anaeroglobus|Family__Veillonellaceae","Genus__Weissella|Family__Lactobacillaceae","Genus__Azorhizophilus|Family__Pseudomonadaceae","Genus__Cronobacter|Family__Enterobacteriaceae","Genus__Lacticaseibacillus|Family__Lactobacillaceae","Genus__Fournierella|Family__Ruminococcaceae","Genus__Tractidigestivibacter|Family__Atopobiaceae","Genus__Lachnospiraceae UCG-007|Family__Lachnospiraceae","Genus__Granulicatella|Family__Carnobacteriaceae","Genus__Paludicola|Family__Ruminococcaceae","Genus__Oscillospira|Family__Oscillospiraceae","Genus__Butyricimonas|Family__Marinifilaceae","Genus__Anaerovibrio|Family__Selenomonadaceae","Genus__[Eubacterium] ruminantium group|Family__Lachnospiraceae","Genus__Candidatus Vestibaculum|Family__Tannerellaceae","Genus__Millisia|Family__Nocardiaceae","Genus__Synergistes|Family__Synergistaceae","Genus__UCG-009|Family__Butyricicoccaceae","Genus__Aerococcus|Family__Aerococcaceae","Genus__Negativibacillus|Family__Ruminococcaceae","Genus__Anoxybacillus|Family__Bacillaceae","Genus__Achromobacter|Family__Alcaligenaceae","Genus__Hafnia-Obesumbacterium|Family__Hafniaceae","Genus__TM7x|Family__Saccharimonadaceae","Genus__Erysipelotrichaceae UCG-003|Family__Erysipelatoclostridiaceae","Genus__UC5-1-2E3|Family__Lachnospiraceae","Genus__Serratia|Family__Yersiniaceae","Genus__Mixta|Family__Erwiniaceae","Genus__Eremococcus|Family__Aerococcaceae","Genus__Slackia|Family__Eggerthellaceae","Genus__Anaeroplasma|Family__Acholeplasmataceae","Genus__Ureaplasma|Family__Mycoplasmataceae","Genus__Eggerthella|Family__Eggerthellaceae","Genus__Prevotellaceae NK3B31 group|Family__Prevotellaceae","Genus__Massiliomicrobiota|Family__Erysipelatoclostridiaceae","Genus__Candidatus Saccharimonas|Family__Saccharimonadaceae","Genus__[Eubacterium] ventriosum group|Family__Lachnospiraceae","Genus__Anaerobutyricum|Family__Lachnospiraceae","Genus__Prevotellaceae UCG-004|Family__Prevotellaceae","Genus__Helcococcus|Family__Family XI","Genus__Caproiciproducens|Family__Ruminococcaceae","Genus__Butyribacter|Family__Lachnospiraceae","Genus__Hydrogenoanaerobacterium|Family__Ruminococcaceae","Genus__Duffyella|Family__Erwiniaceae","Genus__Pseudoclavibacter|Family__Microbacteriaceae","Genus__Olsenella|Family__Atopobiaceae","Genus__Peptococcus|Family__Peptococcaceae","Genus__Actinotignum|Family__Actinomycetaceae","Genus__Selenomonas|Family__Selenomonadaceae","Genus__Romboutsia|Family__Peptostreptococcaceae","Genus__Brevibacterium|Family__Brevibacteriaceae","Genus__Mailhella|Family__Desulfovibrionaceae","Genus__Turicimonas|Family__Sutterellaceae","Genus__Lachnospiraceae ND3007 group|Family__Lachnospiraceae","Genus__Lautropia|Family__Burkholderiaceae","Genus__Pseudoflavonifractor|Family__Oscillospiraceae","Genus__[Ruminococcus] gauvreauii group|Family__Lachnospiraceae","Genus__Acidiphilium|Family__Acetobacteraceae","Genus__Anaerobiospirillum|Family__Succinivibrionaceae","Genus__Mageeibacillus|Family__Oscillospiraceae","Genus__Gordonibacter|Family__Eggerthellaceae","Genus__Gleimia|Family__Actinomycetaceae","Genus__Faecalicoccus|Family__Erysipelotrichaceae","Genus__Burkholderia-Caballeronia-Paraburkholderia|Family__Burkholderiaceae","Genus__Hymenobacter|Family__Hymenobacteraceae","Genus__Pseudoscardovia|Family__Bifidobacteriaceae","Genus__Pantoea|Family__Erwiniaceae","Genus__Shinella|Family__Rhizobiaceae","Genus__Pseudonocardia|Family__Pseudonocardiaceae","Genus__Faecalitalea|Family__Erysipelotrichaceae","Genus__Kineothrix|Family__Lachnospiraceae","Genus__Eubacterium|Family__Eubacteriaceae","Genus__Marinobacter|Family__Marinobacteraceae","Genus__Anaerotruncus|Family__Ruminococcaceae","Genus__Massilia|Family__Oxalobacteraceae","Genus__Erysipelotrichaceae UCG-006|Family__Erysipelotrichaceae","Genus__GCA-900066575|Family__Lachnospiraceae","Genus__[Eubacterium] sulci group|Family__Anaerovoracaceae","Genus__Family XIII UCG-001|Family__Anaerovoracaceae","Genus__Raoultibacter|Family__Coriobacteriales Incertae Sedis","Genus__Lachnospiraceae UCG-009|Family__Lachnospiraceae","Genus__Asaccharobacter|Family__Eggerthellaceae","Genus__Lachnospiraceae UCG-008|Family__Lachnospiraceae","Genus__Pygmaiobacter|Family__Ruminococcaceae","Genus__[Enterobacter]|Family__Morganellaceae","Genus__Ilyomonas|Family__Chitinophagaceae","Genus__Rhizorhabdus|Family__Sphingomonadaceae","Genus__[Eubacterium] xylanophilum group|Family__Lachnospiraceae","Genus__Lancefieldella|Family__Atopobiaceae","Genus__Bulleidia|Family__Erysipelotrichaceae","Genus__Blastocatella|Family__Blastocatellaceae","Genus__Sphingomonas|Family__Sphingomonadaceae","Genus__Asaccharospora|Family__Peptostreptococcaceae","Genus__Neoscardovia|Family__Bifidobacteriaceae","Genus__Pseudoxanthomonas|Family__Lysobacteraceae","Genus__Aggregatibacter|Family__Pasteurellaceae","Genus__Arcobacter|Family__Arcobacteraceae","Genus__Merdibacter|Family__Erysipelotrichaceae","Genus__Chiayiivirga|Family__Rhodanobacteraceae","Genus__DTU089|Family__Ruminococcaceae","Genus__Harryflintia|Family__Ruminococcaceae","Genus__UCG-008|Family__Butyricicoccaceae","Genus__Candidatus Accumulibacter|Family__Rhodocyclaceae","Genus__Lachnobacterium|Family__Lachnospiraceae","Genus__Scardovia|Family__Bifidobacteriaceae","Genus__Pseudoramibacter|Family__Eubacteriaceae","Genus__Geofilum|Family__Marinilabiliaceae","Genus__Intestinibacter|Family__Peptostreptococcaceae","Genus__Ndongobacter|Family__Family XI","Genus__GCA-900066755|Family__Lachnospiraceae","Genus__Oceanobacillus|Family__Bacillaceae","Genus__SP3-e08|Family__Rikenellaceae","Genus__Paracoccus|Family__Paracoccaceae","Genus__Methylobacterium|Family__Beijerinckiaceae","Genus__Sphingobium|Family__Sphingomonadaceae","Genus__Oxalobacter|Family__Oxalobacteraceae","Genus__Lactococcus|Family__Streptococcaceae","Genus__Holzapfeliella|Family__Lactobacillaceae","Genus__Catonella|Family__Lachnospiraceae","Genus__Propionivibrio|Family__Rhodocyclaceae","Genus__Gabonibacter|Family__Marinifilaceae","Genus__Rheinheimera|Family__Alteromonadaceae","Genus__Terrisporobacter|Family__Peptostreptococcaceae","Genus__Papillibacter|Family__Oscillospiraceae","Genus__Luteolibacter|Family__Rubritaleaceae","Genus__DEV114|Family__Pedosphaeraceae","Genus__Undibacterium|Family__Oxalobacteraceae","Genus__Actinotalea|Family__Cellulomonadaceae","Genus__Lichenibacterium|Family__Beijerinckiaceae","Genus__Megamonas|Family__Selenomonadaceae","Genus__Erysipelotrichaceae UCG-008|Family__Erysipelotrichaceae","Genus__Neisseria|Family__Neisseriaceae","Genus__Pararhodobacter|Family__Paracoccaceae","Genus__Spirosoma|Family__Spirosomataceae","Genus__Bosea|Family__Beijerinckiaceae","Genus__Nosocomiicoccus|Family__Staphylococcaceae","Genus__Pseudoglutamicibacter|Family__Micrococcaceae","Genus__Kocuria|Family__Micrococcaceae","Genus__Mucispirillum|Family__Deferribacteraceae","Genus__Delftia|Family__Comamonadaceae","Genus__Thermus|Family__Thermaceae","Genus__Flavobacterium|Family__Flavobacteriaceae","Genus__Hydrogenophaga|Family__Comamonadaceae","Genus__Longicatena|Family__Erysipelotrichaceae","Genus__Variovorax|Family__Comamonadaceae","Genus__Flavisolibacter|Family__Chitinophagaceae","Genus__Shuttleworthia|Family__Lachnospiraceae","Genus__Cnuella|Family__Chitinophagaceae","Genus__Niallia|Family__Bacillaceae","Genus__Cloacibacterium|Family__Weeksellaceae","Genus__Novosphingobium|Family__Sphingomonadaceae","Genus__Caldisalinibacter|Family__Caldisalinibacteraceae","Genus__Diaphorobacter|Family__Comamonadaceae","Genus__Caldimonas|Family__Comamonadaceae","Genus__UCG-007|Family__Oscillospiraceae","Genus__Rhodoferax|Family__Comamonadaceae","Genus__Murimonas|Family__Lachnospiraceae","Genus__Z20|Family__Oligosphaeraceae","Genus__Sarcina|Family__Clostridiaceae","Genus__Actinobacillus|Family__Pasteurellaceae","Genus__Isobaculum|Family__Carnobacteriaceae","Genus__Paraeggerthella|Family__Eggerthellaceae","Genus__Falsirhodobacter|Family__Paracoccaceae","Genus__Ferruginibacter|Family__Chitinophagaceae","Genus__UCG-001|Family__Ruminococcaceae","Genus__Christensenella|Family__Christensenellaceae","Genus__Anaerosphaera|Family__Family XI","Genus__Candidatus Aquiluna|Family__Microbacteriaceae","Genus__Micrococcus|Family__Micrococcaceae","Genus__Coriobacteriaceae UCG-003|Family__Atopobiaceae","Genus__Serinibacter|Family__Beutenbergiaceae","Genus__P3OB-42|Family__Myxococcaceae","Genus__Caviibacter|Family__Leptotrichiaceae","Genus__Parageobacillus|Family__Bacillaceae","Genus__Nostoc PCC-73102|Family__Nostocaceae","Genus__Turicibacter|Family__Erysipelotrichaceae","Genus__Atopostipes|Family__Carnobacteriaceae","Genus__Brachybacterium|Family__Dermabacteraceae","Genus__Hornefia|Family__Anaerovoracaceae","Genus__Paenibacillus|Family__Paenibacillaceae","Genus__Rubellimicrobium|Family__Paracoccaceae","Genus__Anaerofilum|Family__Ruminococcaceae","Genus__Blastomonas|Family__Sphingomonadaceae","Genus__Limnobacter|Family__Burkholderiaceae","Genus__Actinomyces|Family__Actinomycetaceae","Genus__Sphingobacterium|Family__Sphingobacteriaceae","Genus__Rothia|Family__Micrococcaceae","Genus__Defluviitaleaceae UCG-011|Family__Defluviitaleaceae","Genus__Stenotrophomonas|Family__Lysobacteraceae","Genus__Aquincola|Family__Comamonadaceae","Genus__Biostraticola|Family__Pectobacteriaceae","Genus__Bacillus|Family__Bacillaceae","Genus__Legionella|Family__Legionellaceae","Genus__Lachnospiraceae FCS020 group|Family__Lachnospiraceae","Genus__Marmoricola|Family__Nocardioidaceae","Genus__Oligella|Family__Alcaligenaceae","Genus__CAG-196|Family__Gastranaerophilaceae","Genus__Lachnospiraceae NK4B4 group|Family__Lachnospiraceae","Genus__Parascardovia|Family__Bifidobacteriaceae","Genus__Chryseobacterium|Family__Weeksellaceae","Genus__Latilactobacillus|Family__Lactobacillaceae","Genus__Ralstonia|Family__Burkholderiaceae","Genus__Lysobacter|Family__Lysobacteraceae","Genus__Hyphomicrobium|Family__Hyphomicrobiaceae","Genus__Lachnospiraceae UCG-002|Family__Lachnospiraceae","Genus__Rikenella|Family__Rikenellaceae","Genus__Kandleria|Family__Erysipelatoclostridiaceae","Genus__Enhydrobacter|Family__Moraxellaceae","Genus__Peptoclostridium|Family__Peptostreptococcaceae","Genus__Kineococcus|Family__Kineosporiaceae","Genus__Amaricoccus|Family__Paracoccaceae","Genus__Aquabacterium|Family__Comamonadaceae","Genus__Galliscardovia|Family__Bifidobacteriaceae","Genus__Peribacillus|Family__Bacillaceae","Genus__Lachnospiraceae FE2018 group|Family__Lachnospiraceae","Genus__Winkia|Family__Actinomycetaceae","Genus__Aeribacillus|Family__Bacillaceae","Genus__Halomonas|Family__Halomonadaceae","Genus__Arenimonas|Family__Lysobacteraceae","Genus__Breznakibacter|Family__Marinilabiliaceae","Genus__Amedibacillus|Family__Erysipelotrichaceae","Genus__Cupriavidus|Family__Burkholderiaceae","Genus__Alicyclobacillus|Family__Alicyclobacillaceae","Genus__[Clostridium] methylpentosum group|Family__Ruminococcaceae","Genus__CHKCI002|Family__Eggerthellaceae","Genus__Ruminiclostridium|Family__Oscillospiraceae","Genus__Eggerthia|Family__Erysipelatoclostridiaceae","Genus__Sandaracinomonas|Family__Spirosomataceae","Genus__Cryptobacterium|Family__Eggerthellaceae","Genus__Aureimonas|Family__Rhizobiaceae","Genus__Mesobacillus|Family__Bacillaceae","Genus__Pirellula|Family__Pirellulaceae","Genus__Prosthecobacter|Family__Verrucomicrobiaceae","Genus__Psychrobacter|Family__Moraxellaceae","Genus__Rubrobacter|Family__Rubrobacteriaceae","Genus__Rosenbergiella|Family__Erwiniaceae","Genus__Fretibacterium|Family__Synergistaceae","Genus__Capnocytophaga|Family__Flavobacteriaceae","Genus__Empedobacter|Family__Weeksellaceae","Genus__Acetanaerobacterium|Family__Ethanoligenenaceae","Genus__Leuconostoc|Family__Lactobacillaceae","Genus__Pseudaeromonas|Family__Aeromonadaceae","Genus__Pannonibacter|Family__Stappiaceae","Genus__Shewanella|Family__Shewanellaceae","Genus__Nibribacter|Family__Hymenobacteraceae","Genus__GTL1|Family__Saccharimonadaceae","Genus__Cereibacter|Family__Paracoccaceae","Genus__Limnohabitans|Family__Comamonadaceae","Genus__Phocea|Family__Ruminococcaceae","Genus__Archangium|Family__Myxococcaceae","Genus__Angelakisella|Family__Ruminococcaceae","Genus__Anaerovorax|Family__Anaerovoracaceae","Genus__Gaiella|Family__Gaiellaceae","Genus__Listeria|Family__Listeriaceae"
"ERR3416624",2638,0,14,0,527,0,6868,0,0,0,0,0,0,26,0,12,162,0,183,0,0,0,108,0,0,0,122,0,0,0,17,0,2,209,0,0,405,206,1143,5,89,0,47,42,0,0,0,0,0,0,0,61,15,9,108,194,0,113,9,0,15,0,13,0,0,0,2,0,0,0,0,28,0,797,0,0,45,0,0,685,0,0,0,0,0,0,0,0,0,74,0,0,99,0,0,0,0,6,0,62,0,0,0,43,0,128,13,0,0,0,19,0,10,0,28,0,0,0,0,0,302,0,0,0,0,0,12,0,0,0,0,0,0,0,0,0,0,0,0,0,0,0,0,0,9,0,0,0,0,0,0,0,0,0,0,0,0,0,0,0,0,0,0,0,0,0,0,0,0,0,0,0,0,0,0,0,0,0,0,0,0,0,0,0,0,0,0,0,0,0,0,0,0,0,0,0,0,0,0,0,0,0,0,0,0,0,0,0,0,0,0,0,0,0,0,0,0,0,0,0,0,0,0,0,0,9,0,0,0,0,0,0,0,0,0,0,0,0,0,0,0,0,0,0,0,0,0,0,0,0,0,0,0,0,0,0,0,0,20,0,0,0,0,0,20,0,0,0,0,0,0,0,0,0,0,0,0,0,0,0,0,0,0,0,0,0,0,0,0,0,0,0,0,0,0,0,0,0,0,0,0,0,0,0,0,0,0,0,0,0,0,0,0,0,0,0,0,0,0,0,0,0,0,0,0,0,0,0,0,0,0,0,0,0,0,0,0,0,0,0,0,0,0,0,0,0,0,0,0,0,0,0,0,0,0,0,0,0,0,0,0,0,0,0,0,0,0,0,0,0,0,0,0,0,0,0,0,0,0,0,0,0,0,0,0,0,0,0,0,0,0,0,0,0,0,0,0,0,0,0,0,0,0,0,0,0,0,0,0,0,0,0,0,0,0,0,0,0,0,0,0,0,0,0,0,0,0,0,0,0,0,0,0,0,0,0,0,0,0,0,0,0
"ERR3416625",19045,149,0,14,14,0,3513,83,0,0,545,0,0,35,21,13,5,0,0,0,0,0,446,479,0,266,1080,15,0,0,0,0,7,26,30,0,0,224,0,0,162,0,28,0,182,4,0,0,0,70,822,0,0,0,27,0,43,25,0,0,0,0,0,0,0,1541,113,0,0,0,0,0,0,537,0,105,0,110,0,0,77,0,0,0,0,67,0,0,0,33,0,0,0,0,0,422,0,0,0,0,0,194,0,0,0,0,0,0,0,0,0,0,608,17,0,0,0,38,0,0,107,0,0,0,0,0,0,0,0,0,0,0,0,0,0,0,0,0,0,0,0,0,0,0,0,0,0,0,0,0,0,308,0,0,0,0,0,0,0,0,0,0,0,0,0,0,0,0,0,0,0,0,0,0,0,0,0,0,0,0,0,0,0,0,0,0,0,0,0,0,0,0,0,0,0,0,0,0,0,7,0,0,0,0,0,0,0,0,0,0,0,0,0,0,0,8,0,0,0,0,0,47,0,0,0,0,0,0,0,0,0,0,0,0,0,0,0,0,0,0,0,0,0,0,0,0,0,0,0,0,0,0,0,0,0,0,0,0,0,0,0,0,0,0,0,0,0,0,0,0,0,0,0,0,0,0,0,0,0,0,31,0,0,0,0,0,0,0,0,0,0,0,0,0,0,0,0,0,0,0,0,0,0,0,0,0,0,0,0,0,0,0,0,0,0,0,0,0,0,0,0,0,0,0,0,0,0,0,0,0,0,16,0,0,0,0,0,0,0,0,0,0,0,0,0,0,0,0,0,0,0,0,0,0,0,0,0,0,0,0,0,0,0,0,0,0,0,0,0,0,0,0,0,0,0,0,0,0,0,0,0,0,0,0,0,0,0,0,0,0,0,0,0,0,0,0,0,0,0,0,0,0,0,0,0,0,0,0,0,0,0,0,0,0,0,0,0,0,0,0,0,0,0,0,0,0,0,0,0,0,0,0,0,0,0,0,0,0,0,0,0,0
"ERR3416626",15,0,0,0,505,0,797,0,0,0,0,0,0,355,5,0,0,0,0,0,0,0,0,103,0,46,2,0,0,0,5,723,0,0,117,0,802,0,0,0,440,0,0,0,0,49,0,0,346,0,0,91,10,0,148,0,0,0,0,0,0,13,19,0,0,0,9,0,0,0,7,66,0,0,0,0,0,0,105,0,0,0,0,0,0,0,0,0,42,0,0,0,0,0,0,0,26,0,0,0,0,0,0,11,74,0,0,0,0,0,0,0,0,0,0,0,0,0,0,0,73,0,0,0,0,0,0,0,0,0,0,0,0,0,0,0,0,0,0,5,0,0,0,0,0,0,0,0,0,0,0,0,154,0,0,0,0,0,0,0,0,0,0,0,0,0,0,0,0,0,0,7,0,0,7,0,0,0,0,0,0,0,0,0,0,0,0,0,0,0,0,0,0,0,0,0,0,0,0,0,0,0,0,0,0,0,0,0,0,0,0,0,0,0,0,0,0,0,0,0,0,0,0,0,0,0,0,0,0,0,0,0,0,0,0,0,0,0,0,0,0,0,0,0,0,0,0,0,0,0,0,0,0,0,0,0,0,0,0,0,0,0,0,0,0,0,0,0,0,0,0,0,0,0,0,0,0,0,0,0,0,0,0,0,0,0,0,0,0,0,0,0,0,0,0,0,0,0,0,0,0,0,0,0,0,0,0,0,4,0,0,0,0,0,0,0,0,0,0,0,0,0,0,0,0,0,0,0,0,0,0,0,0,0,0,0,0,0,0,0,0,0,0,0,0,0,0,0,0,0,0,0,0,0,0,0,0,0,0,0,0,0,0,0,0,0,0,0,0,0,0,0,0,0,0,0,0,0,0,0,0,0,0,0,0,0,0,0,0,0,0,0,0,0,0,0,0,0,0,0,0,0,0,0,0,0,0,0,0,0,0,0,0,0,0,0,0,0,0,0,0,0,0,0,0,0,0,0,0,0,0,0,0,0,0,0,0,0,0,0,0,0
"ERR3416627",13291,0,5,0,0,0,3340,0,0,0,1071,0,0,162,0,0,0,205,15,0,0,0,0,200,0,26,0,0,0,0,0,239,10,0,154,0,1821,0,0,0,824,0,0,0,0,126,0,0,730,0,0,17,42,0,1253,188,0,127,0,0,0,507,554,20,0,0,11,0,0,0,214,85,0,175,0,0,0,0,0,0,0,69,0,81,0,0,0,0,483,0,0,0,0,0,0,0,21,0,0,0,0,0,0,6,0,0,0,0,0,0,54,0,282,0,0,0,0,59,0,0,271,0,64,0,0,0,0,11,0,38,0,0,0,0,185,0,0,0,0,56,0,0,183,0,0,0,0,0,0,0,0,0,114,0,0,0,22,29,0,65,29,0,0,0,0,0,0,0,0,0,0,0,0,140,0,0,0,0,0,0,0,0,0,0,0,0,3,0,0,0,0,0,0,0,0,0,0,0,12,34,0,0,0,0,0,0,0,0,0,0,0,0,0,0,0,95,0,0,0,0,0,0,0,0,0,10,0,0,0,0,0,0,0,0,0,0,0,0,0,66,0,37,0,0,0,0,0,0,0,0,0,0,0,0,0,0,0,0,49,0,0,0,0,0,0,0,0,0,0,0,0,0,0,0,0,0,0,0,0,0,0,0,0,0,0,0,0,0,0,0,0,0,0,0,0,0,0,0,0,0,0,0,0,0,0,0,0,0,0,0,0,0,0,0,0,0,0,0,0,0,0,0,0,0,0,0,0,0,0,0,0,0,0,0,0,0,0,0,0,0,0,0,0,0,0,0,0,0,0,0,0,0,0,0,0,0,0,0,0,0,0,0,0,0,0,0,0,0,0,0,0,0,0,0,0,0,0,0,0,0,0,0,0,0,0,0,0,0,0,0,0,0,0,0,0,0,0,0,0,0,0,0,0,0,0,0,0,0,0,0,0,0,0,0,0,0,0,0,0,0,0,0,0,0,0,0,0,0,0,0,0,0,0,0,0,0,0,0,0,0,0,0
"ERR3416628",4032,5,7,0,127,14,3642,8906,0,0,107,0,0,50,0,523,0,0,1062,0,0,0,92,63,0,0,8,0,0,0,0,11,6,0,288,0,1308,0,0,0,420,0,449,0,39,316,0,0,1601,0,162,0,298,33,931,91,113,0,0,0,0,112,102,384,0,10,75,0,0,0,0,22,0,834,0,0,0,0,0,0,0,0,0,0,0,0,0,0,31,0,0,0,0,0,0,0,0,0,0,493,0,0,0,0,99,0,35,0,0,0,32,0,16,0,0,0,0,92,0,0,269,13,70,0,0,0,0,0,0,367,0,0,0,0,14,0,0,0,0,63,0,0,0,0,0,0,0,0,0,0,0,0,127,8,0,0,0,19,234,700,0,0,0,0,0,0,0,0,0,0,0,0,0,6,2,0,0,0,0,0,0,0,0,0,0,0,0,0,0,0,0,0,0,0,0,0,0,0,59,124,0,0,0,0,0,0,0,24,0,0,0,0,0,0,0,8,0,0,0,0,0,0,0,0,0,6,0,0,0,0,72,0,0,0,16,0,0,0,0,115,0,0,0,0,0,0,0,0,0,0,0,0,0,0,0,0,0,0,12,0,0,0,0,0,0,0,12,0,0,0,0,0,0,0,0,0,0,0,0,0,0,0,0,0,0,0,0,0,0,0,0,0,0,0,0,0,0,0,0,0,0,0,0,0,0,0,0,0,29,0,0,0,0,0,0,0,0,0,0,0,0,0,0,0,0,0,0,0,0,0,0,0,0,0,0,0,0,0,0,0,0,0,0,0,0,0,0,0,0,0,0,0,0,0,0,0,0,0,0,0,0,0,0,0,0,0,0,0,0,0,0,0,0,0,0,0,0,0,0,0,0,0,0,0,0,0,0,0,0,0,0,0,0,0,0,0,0,0,0,0,0,0,0,0,0,0,0,0,0,0,0,0,0,0,0,0,0,0,0,0,0,0,0,0,0,0,0,0,0,0,0,0,0,0,0,0,0,0,0,0,0,0
"ERR3416629",13289,0,0,11,134,0,2075,0,0,0,848,0,0,219,4,0,0,37,202,0,143,0,6,151,0,3,0,0,0,0,5,4,22,0,266,0,2102,63,0,0,726,0,24,0,0,95,0,0,1006,0,0,63,47,0,1469,365,0,272,0,0,0,422,884,0,0,0,0,0,0,0,291,83,0,0,0,0,7,0,0,0,0,0,0,0,0,0,0,0,688,0,0,0,0,0,0,0,0,0,0,12,0,0,0,0,42,0,0,0,0,0,0,0,142,0,0,0,0,25,0,0,223,0,132,0,0,0,0,0,0,78,0,0,0,0,99,0,0,46,0,44,0,0,0,0,0,0,0,0,0,0,0,0,48,0,0,0,10,24,0,0,0,0,0,0,0,0,0,0,0,0,0,0,0,100,0,0,0,0,0,0,0,0,0,0,0,0,0,0,0,0,0,0,0,0,0,0,0,0,0,49,0,0,0,0,0,0,0,17,0,0,0,0,0,0,0,186,0,0,0,0,0,0,0,0,0,0,0,0,0,0,22,0,0,0,0,0,0,0,0,58,0,0,0,0,0,0,0,0,0,0,0,0,0,0,0,0,0,0,0,0,0,13,0,0,0,0,0,0,0,0,0,0,0,0,0,0,0,0,0,0,0,0,0,0,0,0,0,0,0,0,0,0,0,0,0,0,0,0,0,0,0,0,0,0,0,0,0,0,0,0,0,0,0,21,0,0,0,0,0,0,0,0,0,0,0,0,0,0,0,0,0,0,0,0,0,0,0,0,0,0,0,0,0,0,0,0,0,0,0,0,0,0,0,0,0,0,0,0,0,0,0,0,0,0,0,0,0,0,0,0,0,0,0,0,0,0,0,0,0,0,0,0,0,0,0,0,0,0,0,0,0,0,0,0,0,0,0,0,0,0,0,0,0,0,0,0,0,0,0,0,0,0,0,0,0,0,0,0,0,0,0,0,0,0,0,0,0,0,0,0,0,0,0,0,0,0,0,0,0,0,0,0
"ERR3416630",3165,100,0,0,188,3,1157,0,0,0,3681,0,0,34,13,274,46,0,169,0,0,0,72,6,0,31,0,0,0,0,0,0,128,0,471,0,1994,0,0,0,612,0,0,0,0,92,0,0,390,0,209,0,58,0,600,206,0,75,0,0,0,18,65,15,0,0,10,0,0,0,0,28,0,0,0,0,0,0,0,0,0,0,0,0,0,0,215,0,939,0,0,0,0,0,0,0,0,0,0,17,0,0,0,31,52,0,0,0,0,0,40,0,53,0,0,0,0,0,0,0,426,0,133,0,0,0,0,15,0,76,0,0,0,0,383,0,0,0,0,75,0,0,0,0,0,0,0,0,50,0,0,0,14,5,0,0,0,0,0,49,10,0,0,0,0,0,0,0,0,0,0,0,0,101,0,0,0,0,0,0,0,0,0,0,0,0,3,0,0,0,0,0,0,0,0,0,0,0,96,0,0,0,0,0,0,19,0,0,0,0,0,0,0,0,0,21,0,0,0,0,0,0,0,0,0,0,0,0,0,0,13,0,0,0,0,0,0,0,0,70,0,12,0,0,0,0,0,0,0,0,0,0,0,0,0,0,0,0,0,0,0,0,0,0,0,0,0,0,0,0,0,0,0,0,0,0,0,0,0,0,0,0,0,0,0,0,0,0,0,0,0,0,0,0,0,0,0,0,0,0,0,0,0,0,0,0,0,0,3,0,0,0,0,24,0,0,0,0,0,0,0,0,0,0,0,0,0,0,0,0,0,0,0,0,0,0,0,0,0,0,0,0,0,0,0,0,0,0,0,0,0,0,0,0,0,0,0,0,0,0,0,0,0,0,0,0,0,0,0,0,0,0,0,0,0,0,0,0,0,0,0,0,0,0,0,0,0,0,0,0,0,0,0,0,0,0,0,0,0,0,0,0,0,0,0,0,0,0,0,0,0,0,0,0,0,0,0,0,0,0,0,0,0,0,0,0,0,0,0,0,0,0,0,0,0,0,0,0,0,0,0,0
"ERR3416632",180,101,0,369,2,0,176,204,0,0,13,0,0,9,17,28,12,0,65,0,249,0,55,12,0,5,0,0,0,395,0,0,0,0,87,4,265,0,0,0,27,0,0,0,0,2,0,0,671,0,11,0,0,0,230,0,0,0,0,0,0,21,55,0,0,0,0,0,0,0,0,0,0,244,0,0,0,0,62,0,0,0,0,0,0,0,0,0,112,0,0,0,0,0,62,0,0,0,0,0,0,0,0,593,0,0,0,0,75,0,0,0,0,0,0,40,0,0,0,0,14,0,0,0,0,0,0,0,0,22,0,0,0,0,0,0,0,0,0,0,0,0,0,0,0,0,0,0,0,40,0,0,0,0,0,0,0,0,0,0,0,0,0,0,0,0,0,0,0,0,0,0,0,0,78,0,0,0,0,0,0,0,0,0,0,0,0,0,0,0,0,0,0,0,0,0,0,0,0,0,0,0,0,0,0,0,0,0,0,0,0,0,0,0,0,0,0,0,0,0,0,0,0,0,0,0,0,0,0,0,0,0,0,0,0,0,0,20,11,0,0,0,0,0,0,0,0,0,0,0,33,0,0,0,0,0,0,0,0,0,0,0,0,0,0,0,0,72,0,0,0,0,0,0,0,0,0,0,0,0,0,0,0,0,0,0,0,0,0,0,0,0,0,0,0,0,0,0,0,0,0,0,0,5,10,0,0,0,0,0,22,0,0,0,0,0,0,0,0,0,0,0,0,0,0,0,0,0,0,0,0,0,0,0,0,0,0,0,0,0,0,0,0,0,0,0,0,0,0,0,0,0,0,0,0,0,0,0,0,0,0,0,0,0,0,0,0,0,0,0,0,0,0,0,0,0,0,0,0,0,0,0,0,0,0,0,0,0,0,0,0,0,0,0,0,0,0,0,0,0,0,0,0,0,0,0,0,0,0,0,0,0,0,0,0,0,0,0,0,0,0,0,0,0,0,0,0,0,0,0,0,0,0,0,0,0,0,0,0,0,0,0
"ERR3416633",105,36,0,21,9,0,52,199,0,0,0,0,0,0,490,0,13,0,16,0,9,3,6,5,0,0,0,0,0,73,0,0,0,0,9,0,227,0,0,0,0,0,0,0,0,0,0,0,150,0,9,0,0,0,46,0,0,0,0,0,0,5,43,0,0,0,0,0,0,0,0,0,0,0,0,0,0,0,0,0,0,0,0,0,0,0,0,0,0,0,0,0,0,0,52,0,0,0,0,0,0,0,0,331,0,0,0,0,0,0,0,0,0,0,0,0,0,0,0,0,0,0,0,0,0,0,0,0,0,0,0,0,0,0,0,0,0,0,0,0,0,0,0,0,0,0,0,0,0,0,0,0,0,0,0,0,0,0,0,0,0,0,0,0,0,0,0,0,0,0,0,0,0,0,43,0,0,0,0,0,0,0,0,0,0,0,0,0,0,0,0,0,0,0,0,0,0,0,0,0,0,0,0,0,0,0,0,0,0,0,0,0,0,0,0,0,0,0,0,0,0,0,0,0,0,0,0,0,0,0,0,0,0,0,0,0,0,0,0,0,0,0,0,0,0,0,0,0,0,0,0,0,0,0,0,0,0,0,0,0,0,0,0,0,0,0,0,0,0,0,0,0,0,0,0,0,0,0,0,0,0,0,0,0,0,0,0,0,0,0,0,0,0,0,0,0,0,0,0,0,0,0,0,0,20,0,0,0,0,0,0,0,0,0,0,0,0,0,0,0,0,0,0,0,0,0,0,0,0,0,0,0,0,0,0,0,0,0,0,0,0,0,0,0,0,0,0,0,0,0,0,0,0,0,0,0,0,0,0,0,0,0,0,3,0,0,0,0,0,0,0,0,0,0,0,0,0,0,0,0,0,0,0,0,0,0,0,0,0,0,0,0,0,0,0,0,0,0,0,0,0,0,0,0,0,0,0,0,0,0,0,0,0,0,0,0,0,0,0,0,0,0,0,0,0,0,0,0,0,0,0,0,0,0,0,0,0,0,0,0,0,0
"ERR3416634",140,72,0,286,3,0,98,125,0,0,10,0,0,17,1939,8,0,0,0,0,134,0,0,3,0,29,0,0,0,303,0,5,0,0,0,0,113,0,0,0,21,0,0,0,0,0,0,0,75,0,61,0,0,0,0,0,0,0,0,0,0,11,0,0,0,0,0,0,0,0,0,0,0,0,0,0,0,0,18,0,0,0,0,0,0,0,0,0,5,0,0,0,0,0,64,0,0,0,0,0,0,0,0,541,0,0,0,0,0,0,0,0,0,0,0,0,0,0,0,0,0,0,0,0,0,0,0,0,0,9,0,0,0,0,0,0,0,0,0,0,0,0,0,0,0,0,0,0,0,0,0,0,0,0,0,0,0,0,0,0,0,0,0,0,0,0,0,0,0,0,0,0,0,0,61,0,0,0,0,0,0,0,0,0,0,0,0,0,0,0,0,0,0,0,0,0,0,0,0,0,0,0,0,0,0,0,0,0,0,0,0,0,0,0,0,0,0,0,0,0,0,0,0,0,0,0,0,0,0,0,0,0,0,0,0,0,0,16,0,0,0,0,0,0,0,0,0,0,0,0,7,0,0,0,0,0,0,0,0,0,0,0,0,0,0,0,0,44,0,0,0,0,0,0,0,0,0,0,0,0,0,0,0,0,0,0,0,0,0,0,0,0,0,0,0,25,0,0,0,0,0,0,0,0,5,0,0,0,0,0,0,0,0,0,0,0,0,0,0,0,0,0,0,0,0,0,0,0,0,0,0,0,0,0,0,0,0,0,0,0,0,0,0,0,0,0,0,0,0,0,0,0,0,0,0,0,0,0,0,0,0,0,0,10,0,0,0,0,0,0,0,0,0,0,0,0,0,0,0,0,0,0,0,0,0,0,0,0,0,0,0,0,0,0,0,0,0,0,0,0,0,0,0,0,0,0,0,0,0,0,0,0,0,0,0,0,0,0,0,0,0,0,0,0,0,0,0,0,0,0,0,0,0,0,0,0,0,0,0,0,0,0
"ERR3416635",763,0,3,0,253,0,9447,0,6,0,0,0,0,223,0,1105,775,97,1790,0,0,298,672,618,140,502,12,0,36,0,0,349,218,335,446,41,2910,0,46,370,500,112,638,0,0,92,0,0,462,0,205,350,0,102,1172,153,0,0,0,58,0,59,63,214,0,0,163,0,0,0,0,33,0,0,40,0,0,0,101,0,172,0,0,0,0,0,9,0,0,0,0,0,0,0,0,0,0,0,0,0,0,125,0,16,23,180,0,0,0,0,8,0,38,0,11,0,0,8,5,0,410,0,42,0,0,0,0,0,0,0,2,0,0,0,0,0,150,0,0,572,0,0,0,0,0,0,0,0,0,0,0,0,51,0,0,0,19,0,0,0,0,0,0,0,0,0,0,0,0,0,0,0,0,0,15,0,0,0,0,0,0,0,0,0,0,0,45,0,0,0,0,0,0,0,0,0,0,0,0,37,0,35,0,0,0,0,0,13,0,0,0,0,0,0,0,0,0,0,0,0,0,0,0,0,0,0,0,0,0,0,0,0,0,0,8,0,0,0,0,0,0,0,0,0,0,0,0,0,0,0,0,0,0,0,0,0,0,0,0,0,0,0,0,0,0,0,24,0,0,0,0,0,0,0,0,0,0,0,0,0,0,0,0,0,0,0,0,0,0,0,0,0,0,0,0,0,0,0,0,0,0,0,0,0,0,0,0,0,0,0,0,0,0,0,0,0,0,0,0,0,0,0,0,0,0,0,0,0,0,0,0,0,0,0,0,0,0,0,0,0,0,0,0,0,0,0,0,0,0,0,0,0,0,0,0,0,0,0,0,0,0,0,0,0,0,0,0,0,0,0,0,0,0,0,0,0,0,0,0,0,0,0,0,0,0,0,0,0,0,0,0,0,0,0,0,0,0,0,0,0,0,0,0,0,0,0,0,0,0,0,0,0,0,0,0,0,0,0,0,0,0,0,0,0,0,0,0,0,0,0,0,0,0,0,0,0,0,0,0,0,0,0
"ERR3416636",304,0,0,0,6,0,1900,0,0,0,0,0,0,5,0,49,0,0,0,0,4580,0,0,919,0,482,0,0,0,0,0,0,0,0,9,0,0,0,0,30,0,0,0,0,22,0,0,64,3,0,0,0,0,0,2,0,0,0,0,0,0,0,0,40,0,0,4,0,0,0,0,0,0,0,0,0,21,0,0,0,0,0,0,0,0,0,0,0,0,0,0,0,0,0,0,0,0,0,0,0,0,0,0,0,0,0,0,0,0,0,0,0,0,0,0,0,0,0,0,0,0,0,0,0,0,0,0,0,0,0,0,0,0,0,0,0,0,0,0,0,0,0,0,0,0,0,0,0,0,0,0,0,0,0,0,0,0,0,0,0,82,0,0,0,0,0,0,0,0,0,0,0,0,3,0,0,0,0,0,0,0,0,0,0,0,0,0,0,0,0,0,0,0,0,0,0,0,0,0,0,0,0,0,0,0,0,0,0,0,0,0,0,0,0,0,0,0,0,0,0,0,0,0,0,0,0,0,0,0,0,0,0,0,0,0,0,0,0,0,0,0,0,0,0,0,0,0,0,0,0,0,0,0,0,0,0,0,0,0,0,0,0,0,0,0,0,0,0,0,0,0,0,0,0,0,0,0,0,0,0,0,0,0,0,0,0,0,0,0,0,0,0,0,0,0,0,0,0,0,0,0,0,0,0,0,0,0,0,0,0,0,0,0,0,0,0,0,0,0,0,0,0,0,0,0,0,0,0,0,0,0,0,0,0,0,0,0,0,0,0,0,0,0,0,0,0,0,0,0,0,0,0,0,0,0,0,0,0,0,0,0,0,0,0,0,0,0,0,0,0,0,0,0,0,0,0,0,0,0,0,0,0,0,0,0,0,0,0,0,0,0,0,0,0,0,0,0,0,0,0,0,0,0,0,0,0,0,0,0,0,0,0,0,0,0,0,0,0,0,0,0,0,0,0,0,0,0,0,0,0,0,0,0,2,0,0,0,0,0,0,0,0
"ERR3416637",2739,11,0,24,19551,12,343,19,23,0,51,0,0,556,687,250,690,0,2100,0,0,0,2212,157,0,60,0,0,0,0,0,56,9,0,0,99,483,27,0,0,0,435,343,12,16,46,72,0,0,0,0,0,25,871,50,0,512,0,71,0,0,0,13,7,0,0,70,0,0,0,0,0,339,0,186,27,11,45,0,0,606,0,0,0,0,0,0,0,5,0,0,0,0,0,0,0,0,0,0,0,0,0,0,0,0,0,0,0,0,0,0,0,33,39,0,23,0,103,100,0,92,0,0,0,371,0,0,0,0,0,0,0,0,0,0,0,0,0,0,0,0,0,0,0,0,0,0,0,2,0,0,0,0,0,0,0,0,0,0,0,0,0,0,0,0,10,0,33,0,0,0,65,0,0,0,0,0,0,0,0,0,0,0,0,0,0,0,0,0,0,0,0,0,0,0,0,0,0,0,0,0,0,0,0,0,0,0,0,0,0,0,0,0,0,0,0,0,0,0,0,0,0,0,0,0,0,0,0,0,0,0,0,8,0,2,0,0,0,0,0,0,0,0,0,0,0,0,0,0,0,0,0,0,0,0,0,0,19,0,0,0,0,0,0,0,0,0,0,0,0,0,0,0,0,0,0,0,0,0,0,0,0,0,10,0,0,0,0,0,0,0,0,0,0,0,0,0,0,0,0,0,0,0,0,0,0,0,0,0,0,0,0,0,0,0,0,0,0,0,0,0,0,0,0,0,0,0,0,0,0,0,0,0,0,0,0,0,0,0,0,0,0,0,0,0,0,0,0,0,0,0,0,0,0,0,0,0,0,0,0,0,0,0,0,0,0,0,0,0,0,0,0,0,0,0,0,0,0,0,0,0,0,0,0,0,0,0,0,0,0,0,0,0,0,0,0,0,0,0,0,0,0,0,0,0,0,0,0,0,0,0,0,0,0,0,0,0,0,0,0,0,0,0,0,0,0,0,0,0,0,0,0,0,0,0,0,0,0,0,0,0,0
"ERR3416638",1052,230,0,0,2128,254,0,0,0,0,0,0,0,496,192,110,265,0,33,0,0,0,209,0,0,586,0,0,3,0,0,0,0,0,0,43,0,0,0,0,0,0,121,0,0,0,0,0,0,0,0,0,0,20,0,0,44,0,0,61,0,0,0,0,0,0,0,0,0,0,0,0,0,0,229,0,0,0,0,44,0,0,0,0,0,0,0,0,0,0,0,290,0,0,0,0,0,0,0,0,0,0,0,167,0,0,56,0,0,0,0,0,0,0,0,0,0,383,80,0,0,0,0,0,0,0,0,0,0,0,0,0,0,0,0,0,0,0,0,0,0,0,0,284,0,0,0,0,0,0,0,0,0,0,0,0,0,0,0,0,0,0,0,0,0,0,0,0,0,0,0,46,0,0,174,0,0,0,0,0,0,110,0,0,0,0,0,0,3,0,0,0,0,0,0,0,0,0,0,0,0,0,0,0,0,0,61,0,0,0,0,0,0,0,0,0,0,0,0,0,0,0,0,0,0,0,0,0,0,0,0,0,0,0,0,0,0,0,0,0,0,0,0,0,0,0,0,0,0,0,0,0,0,0,0,0,0,0,0,0,0,0,0,0,0,0,0,0,0,0,0,0,0,0,0,0,0,0,0,0,0,0,0,0,0,0,0,0,0,0,0,0,0,0,0,0,0,0,0,0,0,0,0,0,0,0,0,0,0,0,0,0,0,0,0,0,0,0,0,0,0,0,0,0,0,0,0,0,0,0,0,0,0,0,0,0,0,0,0,0,0,0,0,0,0,0,0,0,0,0,0,0,0,0,0,0,0,0,0,0,0,0,0,0,0,0,0,0,0,0,0,0,0,0,0,0,0,0,0,0,0,0,0,0,0,0,0,0,0,0,0,0,0,0,0,0,0,0,0,0,0,0,0,5,0,0,0,0,0,0,0,0,0,0,0,0,0,0,0,0,0,0,0,0,0,0,0,0,0,0,0,0,0,0,0,0,0,0,0,0,0,0
"ERR3416639",1316,7,0,0,1075,47,1110,6,0,0,211,0,19146,1115,636,253,198,89,87,0,0,0,269,262,0,585,20,5,0,605,0,5,18,26,223,143,76,0,0,0,356,469,126,10,23,129,9,0,0,0,37,29,0,75,8,0,33,0,90,22,6,132,9,0,0,0,5,0,0,106,148,0,21,29,42,0,0,0,0,379,242,0,0,0,0,0,0,0,95,11,0,8,9,0,0,0,0,34,0,0,0,0,0,410,0,0,0,0,0,0,47,0,0,0,0,7,28,288,237,13,0,0,0,6,83,0,0,0,0,0,0,0,0,0,0,0,0,0,0,0,67,0,0,0,0,0,101,0,0,0,0,0,0,0,0,0,0,15,0,0,0,0,0,0,0,0,0,0,0,0,0,0,0,0,0,0,0,0,0,0,0,0,0,0,0,0,0,0,0,0,0,0,0,0,0,0,0,0,0,0,0,0,0,0,0,0,0,0,0,4,0,0,11,0,0,0,0,0,0,0,0,0,0,0,0,0,0,0,0,0,0,0,0,0,9,0,0,0,0,0,0,0,0,0,0,0,0,0,0,0,0,0,0,0,0,0,0,0,0,0,0,0,0,0,0,0,0,0,0,0,0,0,0,0,0,0,0,0,0,0,0,0,0,0,0,0,0,0,0,0,0,0,0,0,0,0,0,0,0,0,0,0,0,0,0,0,0,0,0,0,0,0,0,0,0,0,0,0,0,0,0,0,0,0,0,31,0,0,0,0,0,0,0,0,0,0,0,0,0,0,0,0,0,0,0,0,0,0,0,0,0,0,0,0,0,0,0,0,15,0,0,0,0,0,0,0,0,0,0,0,0,0,0,0,0,0,0,0,0,0,0,0,0,0,0,0,0,0,0,0,0,0,0,0,0,0,0,0,0,0,0,0,0,0,0,0,0,0,0,8,0,0,0,0,0,0,0,0,0,0,0,3,0,0,0,0,0,0,0,0,0,0,0,0,0,0,0,0,0,0,0,0
"ERR3416640",3186,9,0,0,97,0,5559,0,215,0,256,0,0,279,0,918,355,0,950,0,0,0,3129,360,0,325,0,0,0,0,33,14,33,40,156,3,509,59,88,204,0,514,1068,0,0,1372,234,0,77,0,243,0,0,824,18,0,694,0,115,10,0,0,43,0,0,0,242,0,0,0,0,0,262,60,84,21,67,572,0,0,843,0,0,0,0,7,0,0,0,68,0,0,0,0,159,0,0,0,0,12,0,149,0,0,15,0,17,0,0,0,0,0,110,8,0,38,0,28,0,0,17,0,104,0,50,0,0,0,0,0,0,0,0,0,0,0,0,0,0,0,0,0,0,0,0,0,0,0,0,0,0,0,7,0,0,0,0,0,0,0,0,0,0,0,0,0,0,0,0,0,0,0,0,0,0,0,0,0,0,0,0,0,0,0,0,17,0,0,0,0,0,0,0,0,0,0,0,0,0,266,0,19,0,0,0,0,0,0,0,0,0,0,0,0,0,36,0,0,0,0,0,0,0,0,0,0,0,0,0,0,0,0,0,0,0,0,0,0,0,0,0,0,0,0,0,0,0,0,0,0,0,0,0,0,0,0,0,7,0,0,0,0,0,0,0,0,0,0,0,0,0,0,0,0,0,0,0,0,0,0,0,0,0,0,0,0,0,0,0,0,0,0,0,0,0,0,0,0,0,0,0,0,0,0,0,0,0,0,0,0,0,0,0,0,0,0,0,0,0,0,0,0,0,0,0,0,0,0,0,0,0,0,0,0,0,0,0,0,0,0,0,0,0,0,0,0,0,0,0,0,0,0,0,0,0,0,0,0,0,0,0,0,0,0,0,0,0,0,0,0,0,0,0,0,0,0,0,0,0,0,0,0,0,0,0,0,0,0,0,0,0,0,0,0,0,0,0,0,0,0,0,0,0,0,0,0,0,0,0,0,0,0,0,0,0,0,0,0,0,0,0,0,0,0,0,0,0,0,0,0,0,0,0,0,0,0,0,0,0,0,0,0
"ERR3416641",14616,10,0,307,0,0,1194,16,0,0,921,0,0,0,0,15,8,0,0,0,276,0,0,809,0,98,162,8,0,0,24,34,212,626,625,0,666,8,0,1431,0,0,0,0,104,0,5,0,254,0,69,254,0,0,450,0,7,0,0,0,0,0,794,277,0,0,457,0,0,0,0,0,0,0,47,0,32,0,0,0,0,0,582,0,0,0,0,0,27,64,0,0,0,0,0,0,0,0,0,0,0,11,611,0,0,0,3,0,0,335,0,0,48,63,0,68,0,0,0,0,219,0,54,0,12,0,0,0,0,56,337,0,0,0,0,0,0,0,0,0,0,0,0,0,0,0,53,0,13,5,0,0,0,0,0,0,0,0,0,0,0,252,0,0,0,0,0,0,0,0,0,0,0,0,0,0,0,0,0,0,0,0,0,0,0,0,0,0,0,0,0,0,0,170,0,0,0,0,0,51,0,0,0,0,0,0,0,0,0,0,0,0,0,0,0,53,0,31,0,0,53,5,0,0,0,0,0,0,0,0,0,0,0,0,68,0,0,0,0,0,0,0,0,0,0,0,0,0,0,0,0,0,0,0,0,0,0,9,0,23,0,0,0,0,0,0,0,0,0,0,0,0,0,0,0,0,0,0,0,0,0,0,0,0,0,0,0,0,0,0,0,0,0,0,0,0,0,0,0,0,0,0,0,0,0,0,0,0,0,0,0,0,0,0,0,0,0,0,0,0,0,0,0,0,0,0,0,0,0,0,0,0,0,0,0,0,0,0,0,0,0,0,0,0,0,0,0,0,0,0,0,0,0,6,0,0,0,0,0,0,0,0,0,0,0,0,0,0,0,18,0,0,0,0,0,0,0,0,0,0,0,0,0,0,0,0,0,0,0,0,0,0,0,0,0,0,0,0,0,0,0,0,0,0,0,0,0,0,0,0,0,0,0,0,0,0,0,0,0,0,0,0,0,0,0,0,0,0,0,0,0,0,0,0,0,0,0,0,0,0,0,0
"ERR3416642",431,0,42,285,787,0,1153,3,0,0,116,0,0,472,0,63,95,32,850,0,0,488,340,153,121,9,8,6,0,20,33,653,5,94,25,0,2163,501,0,5079,504,0,115,39,0,11,0,0,841,0,0,0,48,56,957,0,41,0,482,0,0,0,346,14,0,0,0,0,0,0,0,0,583,0,8,0,2,0,370,0,11,91,0,0,0,0,0,0,70,240,0,0,28,0,0,0,9,0,0,0,0,10,0,0,28,129,0,0,0,0,39,0,0,64,8,0,0,0,0,0,298,0,28,0,0,0,0,339,8,19,0,0,396,0,0,16,0,63,0,16,0,0,0,0,110,0,0,0,0,0,0,0,40,0,0,0,21,0,0,0,0,0,248,0,0,0,0,0,0,0,0,24,0,0,0,0,0,0,0,0,0,0,0,0,0,0,0,0,0,0,0,0,0,0,0,0,0,0,0,22,0,0,0,0,0,0,0,0,0,0,0,0,0,0,0,0,0,0,0,0,0,0,0,0,0,0,0,0,0,0,0,0,0,0,0,0,0,0,0,0,0,0,0,0,0,0,92,0,0,0,0,0,0,0,0,0,0,0,0,0,0,7,0,0,0,0,0,0,0,0,0,0,0,0,0,0,0,0,0,0,0,0,0,0,0,0,0,0,0,0,0,0,0,0,0,0,0,0,0,0,0,0,0,14,0,0,0,0,0,0,0,0,0,0,0,0,0,0,0,0,0,0,0,0,0,0,0,0,0,0,0,0,0,0,0,0,0,0,0,0,0,0,0,0,0,0,0,0,0,0,0,0,0,0,0,0,0,0,0,0,0,0,0,0,0,0,0,0,0,0,0,0,0,0,0,0,0,0,0,0,0,0,0,0,0,0,0,0,0,0,0,0,0,0,0,0,0,0,0,0,0,0,0,0,0,0,0,0,0,0,0,0,0,0,0,0,0,0,0,0,0,0,0,0,0,0,0,0,0,0,0,0,0,0,0,0,0,0,0,0,0,0
"ERR3416643",17784,6,0,0,843,0,5777,8,0,0,0,0,0,681,61,563,283,59,0,0,0,208,681,198,0,169,0,0,0,3,0,0,0,0,420,53,1175,0,220,0,73,207,490,0,0,0,28,0,148,0,342,33,0,316,150,0,135,0,0,50,0,0,68,95,0,0,0,0,0,0,0,0,2,0,137,0,152,38,0,0,640,0,0,0,272,0,0,0,140,0,0,0,143,0,0,0,0,0,0,0,0,185,0,0,10,0,0,0,0,0,23,0,137,0,18,110,0,62,0,0,0,0,48,0,64,0,0,3,0,11,0,0,0,0,0,0,0,0,0,0,0,0,0,0,0,0,0,0,0,0,0,0,0,8,0,0,5,0,0,0,0,0,0,0,0,0,0,74,0,0,0,0,0,0,0,0,0,0,0,0,0,0,0,0,0,22,33,0,0,0,0,0,0,0,0,0,0,0,0,0,0,0,0,6,0,0,0,80,0,0,0,0,0,0,0,85,0,0,0,0,0,0,4,0,0,0,0,0,0,0,0,0,0,0,48,0,0,0,0,0,0,0,0,0,0,0,0,0,0,0,0,0,0,0,0,0,0,0,0,0,0,0,0,0,0,0,0,0,0,0,0,0,0,0,0,0,0,0,0,0,0,0,0,0,0,2,0,0,0,0,0,0,0,0,0,0,0,0,0,0,0,0,0,0,0,0,0,0,0,0,0,0,0,0,0,0,0,0,0,0,0,0,0,0,0,0,0,0,0,0,0,0,0,0,0,0,0,0,0,0,0,0,0,0,0,0,0,0,0,0,0,0,0,0,0,0,0,0,0,0,0,0,0,0,0,0,0,0,0,5,0,0,0,0,0,0,0,0,0,0,0,0,0,0,0,0,0,0,0,0,0,0,0,0,0,0,0,0,0,0,0,0,0,0,0,0,0,0,0,0,0,0,0,0,0,0,0,0,0,0,0,0,0,0,0,0,0,0,0,0,0,0,0,0,0,0,0,0,0,0,0,0
"ERR3416644",1343,46,0,456,4,0,2423,0,0,0,204,0,0,532,52,432,4,25,0,0,0,0,0,1591,0,47,55,0,0,0,0,0,275,0,370,0,306,102,0,0,52,0,749,304,30,128,0,0,172,0,180,0,0,0,76,0,454,0,0,0,0,37,0,15,0,0,121,0,30,0,0,38,0,0,103,144,43,0,23,0,565,0,0,0,0,0,779,0,0,0,0,0,0,0,0,0,0,0,0,6,0,0,122,25,0,4,11,0,0,0,0,0,13,55,0,57,0,10,87,0,6,0,0,0,0,0,0,0,0,0,0,55,0,0,0,0,0,0,0,0,0,0,0,0,0,0,20,0,0,0,0,0,0,0,0,0,0,3,0,0,0,0,0,0,0,0,0,0,0,0,0,0,0,0,27,0,0,0,0,0,0,0,0,0,0,0,0,0,0,0,0,0,0,0,0,0,0,0,0,37,0,0,0,0,0,0,0,0,0,0,0,0,0,0,0,0,0,0,0,0,0,0,0,0,0,0,0,0,0,0,12,0,0,0,0,0,0,0,0,0,0,0,0,0,0,0,0,0,0,0,0,0,0,0,0,0,0,0,0,0,0,0,0,0,0,69,0,0,0,0,0,0,0,0,0,0,0,0,0,0,0,0,0,0,0,0,0,0,0,0,0,0,0,0,0,0,0,0,0,0,0,0,0,0,0,0,0,0,0,0,0,0,0,0,0,0,0,0,0,0,0,0,0,0,0,0,0,0,0,0,0,0,0,0,0,0,0,0,0,0,0,0,0,0,0,0,0,0,0,0,0,0,0,0,0,0,0,0,0,0,0,0,0,0,0,0,0,0,0,0,0,0,0,0,0,0,0,0,0,0,0,0,0,0,0,0,0,0,0,0,0,0,0,0,0,0,0,0,0,0,0,0,0,0,0,0,0,0,0,0,0,0,0,0,0,0,0,0,0,0,0,0,0,0,0,0,0,0,0,0,0,0,0,0,0,0,0,0,0,0,0,0
"ERR3416645",289,9,0,129,1036,0,1870,0,0,0,36,0,0,20,0,1108,1136,73,1134,0,0,775,39,547,29,244,0,0,0,0,0,3440,478,0,837,75,1699,0,0,0,280,23,22,0,0,29,0,0,0,0,47,0,0,0,102,38,0,0,0,0,0,35,90,14,0,0,70,0,0,0,0,469,1320,0,0,0,0,0,0,0,0,675,0,0,0,0,0,0,193,369,0,0,0,0,0,0,137,71,0,0,0,0,0,489,103,0,0,0,0,0,93,0,0,0,17,17,0,0,0,0,109,0,0,0,0,0,0,0,0,0,0,0,0,0,0,15,0,30,0,130,0,0,0,0,32,0,0,0,0,13,0,0,152,0,0,0,115,0,0,0,0,0,11,0,0,0,140,0,0,0,0,8,0,0,0,0,0,0,0,0,0,0,0,0,0,0,0,0,0,0,0,0,0,0,0,0,0,37,32,34,0,25,0,0,0,0,0,0,0,0,0,0,42,0,0,0,0,0,0,0,0,59,0,0,0,0,0,0,0,0,0,0,0,0,0,0,0,0,0,0,0,0,0,0,0,0,0,0,0,0,0,0,0,0,0,0,0,0,0,0,0,0,0,0,0,0,0,0,0,0,0,0,0,0,0,0,0,0,0,0,0,0,0,0,0,0,0,0,0,0,0,0,0,0,0,0,0,0,0,0,0,0,0,6,0,0,0,0,0,0,0,0,0,0,0,0,0,0,0,0,0,0,0,0,0,0,0,0,0,0,0,0,0,0,0,0,0,0,0,0,0,0,0,0,0,0,0,0,0,0,0,0,0,0,0,0,0,0,0,0,0,0,0,0,0,0,0,0,0,0,0,0,0,0,0,0,0,0,0,0,0,0,0,0,0,0,0,0,0,0,0,0,0,0,0,0,0,0,0,0,0,0,0,0,0,0,0,0,0,0,0,0,0,0,0,0,0,0,0,0,0,0,0,0,0,0,0,0,0,0,0,0,0,0,0,0,0,0,0,0,0,0
"ERR3416646",10229,0,0,7,101,0,3011,5,0,0,460,0,0,439,0,6,0,96,0,0,0,0,0,0,0,0,0,4,0,0,0,48,0,0,0,0,0,257,0,0,191,0,0,0,70,0,0,0,0,0,38,0,0,56,0,0,13,115,0,0,0,149,0,77,0,0,0,0,0,0,0,0,0,327,49,178,33,0,0,0,3,0,0,0,0,0,0,0,9,0,0,0,0,0,0,0,0,0,0,0,0,35,91,9,0,0,0,0,0,0,8,0,233,0,0,0,0,0,0,0,0,0,354,0,0,0,0,0,0,0,0,0,0,0,0,0,0,0,0,0,0,0,0,0,0,0,0,0,251,0,0,0,0,0,0,0,5,264,0,0,0,0,0,0,0,0,0,0,0,0,0,0,0,0,0,0,0,0,0,0,0,0,0,0,0,64,0,0,0,0,0,0,0,0,0,0,0,0,0,0,0,0,0,0,0,0,0,44,0,0,0,0,0,0,0,47,0,0,0,0,0,0,0,0,0,0,0,0,0,0,0,0,0,0,0,0,0,0,0,0,0,0,0,0,0,0,0,0,0,0,0,0,0,0,0,0,0,0,0,0,0,0,0,0,0,0,0,0,0,0,0,0,0,0,0,0,0,0,0,0,0,0,0,0,0,0,0,0,0,0,0,0,0,0,0,0,0,0,0,0,0,0,0,0,0,0,0,0,0,0,0,0,0,0,0,0,0,0,0,0,0,0,0,0,0,0,0,0,0,0,0,0,0,0,0,0,0,0,0,0,0,0,0,0,0,0,0,0,0,0,0,0,0,0,0,0,0,0,0,0,0,0,0,0,0,0,0,0,0,0,0,0,0,0,0,0,0,0,0,0,0,0,0,0,0,0,0,0,0,0,0,0,0,0,0,0,0,0,0,0,0,0,0,0,0,0,0,0,0,0,0,0,0,0,0,0,0,0,0,0,0,0,0,0,0,0,0,0,0,0,0,0,0,0,0,0,0,0,0,0,0,0
"ERR3416647",199,8,64,0,297,0,60,0,0,0,31,0,0,308,85,1259,4569,47,587,0,45,1098,528,138,0,140,905,0,0,37,468,1188,24,0,11,1774,2590,0,0,646,313,43,756,100,0,0,0,0,1127,0,245,0,160,128,728,102,0,0,1291,44,0,71,447,20,0,0,7,448,16,0,0,190,228,0,292,0,0,0,222,0,128,281,0,0,0,0,0,0,256,341,0,0,0,0,0,0,26,104,0,69,0,0,0,204,526,0,0,0,0,0,561,0,0,90,595,9,0,0,0,0,96,0,0,0,22,0,0,0,0,89,0,0,290,0,0,1710,0,9,40,0,0,0,0,0,146,0,0,0,0,0,0,0,92,0,11,0,0,0,17,0,0,72,0,0,0,5,0,273,8,0,0,0,0,0,16,0,0,0,0,0,4,0,0,0,0,0,0,0,0,0,0,0,0,12,0,0,0,0,0,0,105,0,0,0,0,0,0,0,0,0,0,0,0,0,0,0,0,0,0,0,0,135,0,0,0,37,11,44,0,0,0,0,0,0,4,0,0,0,0,0,0,0,0,0,0,0,2,0,0,0,0,0,0,0,0,0,0,0,0,0,0,0,0,7,0,0,0,0,0,0,0,0,0,0,0,0,0,0,0,0,0,0,0,0,0,0,0,0,0,0,0,0,0,0,0,8,12,0,0,0,0,0,0,0,0,0,0,0,0,0,0,0,0,0,0,0,0,0,0,0,0,0,0,0,14,0,0,0,0,0,0,0,0,0,0,0,0,0,0,0,0,0,0,0,0,7,0,0,0,0,0,0,0,0,0,0,0,0,0,0,0,0,0,0,0,0,0,0,0,0,0,0,0,0,0,0,0,0,0,0,0,0,0,0,0,7,0,0,0,0,0,0,0,0,0,0,0,0,0,0,0,0,0,0,0,0,0,0,0,0,0,0,0,0,0,0,0,0,0,0,0,0,0,0,0,0,0,0,0,0,0,0,0,0,0,0,0,0,0,0,0,0
"ERR3416648",3856,0,427,0,40,0,189,3,0,831,100,0,0,0,20,5,5,24,0,0,0,0,0,357,0,12,11,77,0,10,462,35,0,0,7,233,15,0,0,263,0,0,0,0,0,0,0,0,1686,0,58,0,288,0,0,0,0,0,200,0,0,0,30,0,0,0,0,0,118,0,0,34,0,0,8,0,0,0,160,0,0,0,0,0,0,0,0,0,15,0,0,0,0,0,56,0,0,0,20,0,0,0,0,202,78,0,0,0,0,0,123,0,26,0,0,15,0,0,6,0,117,0,0,0,107,0,0,5,0,131,0,0,34,157,0,34,0,0,0,0,0,0,0,0,3,0,20,0,0,0,0,0,0,0,359,0,0,0,0,0,0,0,0,0,0,94,0,4,0,0,0,0,0,5,50,0,0,0,0,0,0,0,0,0,0,0,0,0,0,0,0,0,0,0,125,0,0,0,0,0,0,0,0,0,0,0,0,0,0,0,0,0,0,0,0,0,0,0,5,0,0,0,0,0,0,0,0,0,0,0,0,0,0,0,25,0,0,61,0,0,0,0,0,0,0,0,0,0,0,0,0,0,0,0,0,0,0,0,0,0,0,0,0,27,0,0,0,0,0,0,0,0,0,0,0,0,0,0,0,0,0,0,0,0,0,0,0,0,0,0,0,0,0,0,0,16,0,0,0,0,0,0,0,14,0,0,0,0,0,0,0,0,0,0,0,0,0,0,0,0,0,0,0,0,0,0,0,0,0,0,0,0,0,0,0,0,0,0,0,0,0,0,0,0,0,0,0,0,0,0,0,0,0,0,0,0,0,0,0,0,0,0,0,7,0,0,0,0,0,0,0,0,0,0,0,0,0,0,0,0,0,0,0,0,0,0,0,0,0,0,0,0,10,0,0,0,0,0,0,0,0,0,0,0,0,0,0,0,0,0,0,0,0,0,0,0,0,0,0,0,0,0,0,0,0,0,0,0,0,0,0,0,0,0,0,0,0,0,0,0,0,0
"ERR3416649",5993,42,170,22,19,4,184,0,0,1131,202,0,0,112,33,142,0,50,52,0,0,0,49,217,0,45,0,56,0,19,824,33,5,0,0,488,1379,0,0,865,70,0,12,0,0,0,2,0,1643,0,190,73,445,0,270,0,26,0,338,0,0,0,460,0,0,0,0,0,194,0,13,53,0,9,18,0,0,0,446,0,0,0,0,0,0,0,0,0,31,0,0,0,0,0,105,0,0,22,88,0,0,0,0,213,444,0,10,0,0,0,412,0,0,0,10,53,0,0,33,0,88,0,0,0,126,0,0,8,0,158,0,0,105,500,0,96,0,0,0,0,0,0,0,0,12,0,42,0,0,339,0,0,0,0,422,0,0,0,0,0,0,11,0,0,0,110,29,0,0,0,0,0,0,0,140,16,0,0,0,0,0,25,0,0,0,0,0,0,0,0,0,0,0,0,234,0,0,0,0,15,0,0,0,0,0,0,0,5,0,16,0,10,0,0,0,0,0,0,52,0,0,0,0,0,0,0,0,0,0,0,0,0,0,0,48,0,0,114,0,15,0,0,0,0,0,0,0,0,0,0,11,0,0,0,0,0,0,0,0,0,24,0,0,68,0,0,0,0,0,0,0,0,0,0,0,0,0,0,0,0,0,0,0,0,0,0,0,0,0,4,0,0,0,0,0,12,0,0,0,0,0,0,0,45,0,0,0,0,0,0,0,0,0,0,0,0,0,0,0,0,0,0,0,0,0,0,0,0,0,0,0,0,0,0,0,0,0,0,0,0,0,0,0,0,0,0,0,0,0,0,0,0,0,0,0,0,0,0,0,0,0,0,0,0,0,0,0,0,0,0,0,0,0,0,0,0,4,0,0,0,0,12,0,0,0,0,0,3,0,0,0,0,0,0,0,0,0,0,0,0,0,0,0,0,0,4,0,0,0,0,0,0,0,0,0,0,0,0,0,0,0,0,0,0,0,0,0,0,0,0,0,0,0,0,0,0,0,0,0,0,0,0
"ERR3416650",42,0,149,0,0,0,18,0,0,2103,0,0,0,0,0,0,0,0,0,0,0,0,0,0,0,0,0,0,0,14,35,0,0,0,0,0,43,0,0,14,0,0,0,0,0,0,0,0,25,0,0,0,0,0,0,0,0,0,0,0,0,0,0,0,0,0,0,0,15,0,0,0,0,0,0,0,0,0,0,0,0,0,0,0,0,0,0,0,0,0,0,0,0,0,0,0,0,0,0,0,0,0,0,4,0,0,0,0,0,0,0,0,0,0,0,0,0,0,0,0,0,0,0,0,0,0,0,0,0,0,0,0,0,0,0,0,0,0,0,0,0,0,0,0,0,0,0,0,0,19,0,0,0,0,27,0,0,0,0,0,0,0,0,0,0,0,0,0,0,0,0,0,0,0,0,0,0,0,0,0,0,0,0,0,0,0,0,0,0,0,0,0,0,0,0,0,0,0,0,0,0,0,0,0,0,0,0,0,0,0,0,0,0,0,0,0,0,0,0,0,0,0,0,0,0,0,0,0,0,0,0,0,0,0,0,0,0,0,0,0,0,0,0,0,0,0,0,0,0,0,0,0,0,0,0,0,0,0,0,0,0,0,0,0,0,0,0,0,0,0,0,0,0,0,0,0,0,0,0,0,0,0,0,0,0,0,0,0,0,0,0,0,0,0,0,0,0,0,0,0,0,0,0,0,0,0,0,0,0,0,0,0,0,0,0,0,0,0,0,0,0,0,0,0,0,0,0,0,0,0,0,0,0,0,0,0,0,0,0,0,0,0,0,0,0,0,0,0,0,0,0,0,0,0,0,0,0,0,0,0,0,0,0,0,0,0,0,0,0,0,0,0,0,0,0,0,0,0,0,0,0,0,0,0,0,0,0,0,0,0,0,0,0,0,0,0,0,0,0,0,0,0,0,0,0,0,0,0,0,0,0,0,0,0,0,0,0,0,0,0,0,0,0,0,0,0,0,0,0,0,0,0,0,0,0,0,0,0,0,0,0,0
"ERR3416651",10350,7,458,93,593,0,1853,0,6,0,41,0,0,432,51,224,9,1045,798,0,139,0,33,216,142,81,0,0,0,20,281,207,0,70,76,0,1055,0,0,729,1873,11,50,0,140,57,9,0,207,0,36,104,19,0,266,21,141,0,764,0,0,384,94,27,0,0,24,0,36,0,0,0,297,0,46,0,510,0,0,0,18,0,0,113,0,0,0,70,12,42,0,0,0,0,0,0,0,0,0,0,0,0,0,104,8,0,0,0,0,0,306,0,8,0,0,0,0,53,0,0,135,0,0,0,0,0,0,0,0,24,0,0,26,0,0,104,0,0,0,9,0,0,0,0,386,0,0,0,0,13,0,0,0,0,4,0,0,52,0,0,0,0,0,0,0,0,30,0,0,0,0,13,0,0,4,0,0,0,0,0,54,0,0,0,0,0,0,0,0,0,0,0,0,0,0,0,2,0,0,61,0,0,0,0,0,0,0,11,0,0,257,0,0,0,42,43,0,0,0,0,0,0,0,0,0,4,0,0,0,0,0,0,0,0,3,0,0,0,0,32,0,0,0,0,0,0,0,0,0,0,0,0,0,0,0,0,0,0,0,0,0,0,0,0,0,0,0,0,0,0,0,0,0,0,0,0,0,0,0,0,0,0,0,0,0,3,0,4,0,0,0,0,0,0,0,0,0,0,0,0,0,0,0,0,0,0,0,0,0,0,0,0,0,0,0,0,0,0,0,0,0,0,0,0,0,0,0,0,0,0,0,0,0,0,0,0,0,0,0,0,0,0,0,0,0,0,0,0,0,0,0,0,0,0,0,0,0,0,0,0,0,0,0,0,0,0,0,0,0,0,0,0,0,0,0,0,0,0,0,0,0,0,0,0,0,0,0,0,0,0,0,0,0,6,0,0,0,0,0,0,0,0,0,0,0,0,0,0,0,0,0,0,0,0,0,0,0,0,0,0,0,0,0,0,0,0,0,0,0,0,0,0,0,0,0,0,0,0,0,0,0,0
"ERR3416652",4375,4,0,618,144,0,939,0,0,6,103,0,0,421,107,2873,119,263,1638,0,0,113,1815,205,0,54,0,4,4,0,94,0,287,0,36,143,469,39,0,64,0,55,1071,0,0,34,90,0,70,0,0,127,0,339,0,142,382,33,41,0,0,74,0,0,0,0,17,62,2,0,0,160,0,0,116,0,11,0,0,0,40,0,0,0,0,0,0,0,450,12,0,0,0,0,0,0,45,151,0,68,70,0,0,48,98,0,0,0,0,0,308,0,119,0,88,0,0,30,0,0,4,0,0,0,80,0,0,56,0,12,0,0,0,0,0,123,0,0,0,0,0,0,0,201,0,0,0,0,0,27,0,0,14,0,0,0,0,0,3,51,0,0,59,0,0,0,0,48,0,0,0,0,0,5,10,0,0,0,0,0,0,0,0,0,0,0,0,0,0,0,0,0,0,0,0,0,0,0,0,74,0,0,0,0,0,0,0,0,0,0,0,0,0,0,0,24,0,5,0,0,0,0,0,0,0,88,0,0,0,0,0,0,0,0,0,0,0,0,0,0,0,0,0,0,0,0,0,0,0,0,0,0,0,0,0,0,0,0,0,0,0,0,0,0,0,0,0,0,0,0,0,0,0,0,0,0,0,0,0,0,0,0,0,0,0,0,0,0,0,0,0,0,0,0,0,0,0,0,0,0,0,0,0,0,0,0,0,0,0,0,0,0,0,0,0,0,0,0,0,0,0,0,0,0,0,0,0,0,0,0,0,0,0,0,0,0,0,0,0,0,0,0,0,0,0,0,0,0,0,0,0,0,0,0,0,0,0,0,0,0,0,0,0,0,0,0,0,0,0,0,0,0,0,0,0,0,0,0,0,0,0,0,0,0,0,0,0,0,0,0,0,0,0,0,0,0,0,0,0,0,0,0,0,0,0,0,0,0,0,0,0,0,0,0,0,0,0,0,0,0,0,0,0,0,0,0,0,0,0,0,0,0,0,0,0,0,0,0,0,0,0,0
"ERR3416653",227,0,0,22,0,0,3209,0,0,13,4580,0,0,0,0,0,0,4078,4,0,0,0,6,2791,0,91,0,9,0,0,0,0,515,0,13,0,0,0,0,0,0,0,0,0,6,0,0,0,17,0,14,0,0,0,0,0,0,0,0,0,0,0,0,0,0,0,280,0,0,0,0,0,0,17,3,0,926,0,0,0,0,0,0,0,0,0,0,0,0,0,0,0,0,0,33,0,0,0,0,0,0,0,0,0,0,0,0,0,308,243,0,0,0,0,0,51,0,0,0,0,0,0,0,0,0,0,35,0,0,0,0,0,0,0,0,0,0,0,0,0,0,0,0,0,0,0,0,0,0,30,0,0,0,0,0,0,0,0,0,0,22,0,0,0,0,0,0,0,0,0,0,0,0,0,0,0,0,0,0,0,0,0,0,0,0,0,0,0,0,0,0,0,0,0,0,0,0,23,0,0,0,0,0,0,0,0,0,0,0,0,0,0,0,0,0,0,0,0,0,0,0,0,0,0,0,0,0,0,0,0,0,0,0,0,0,0,0,0,0,0,0,0,0,23,0,0,0,0,0,0,0,0,0,0,0,0,0,0,0,12,0,0,0,0,0,0,0,0,0,0,0,0,0,0,0,0,0,0,0,0,0,0,0,0,0,0,0,0,0,0,0,0,0,0,0,0,0,0,0,0,0,0,0,0,0,0,0,0,0,0,0,0,0,0,0,0,0,0,0,0,0,0,0,0,0,0,0,0,0,0,0,0,0,0,0,0,0,0,0,0,0,0,0,0,0,0,0,0,0,0,0,0,0,0,0,0,0,0,0,0,0,0,0,0,0,0,0,0,0,0,0,0,0,0,0,0,0,0,0,0,0,0,0,0,0,0,0,0,0,0,0,0,0,0,0,0,0,0,0,0,0,0,0,0,0,0,0,0,0,0,0,0,0,0,0,0,0,0,0,0,0,0,0,0,0,0,0,0,0,0,0,0,0,0,0,0,0,0,0,0,0,0
"ERR3416654",168,22,0,85,490,0,3253,0,0,0,2169,0,0,0,20,535,0,260,31,0,0,43,50,4983,0,3812,112,5,0,0,0,0,418,0,213,0,460,55,0,0,117,0,47,0,51,215,83,0,0,0,0,0,0,0,0,0,345,5,0,0,0,0,0,113,0,0,545,0,0,0,0,0,758,165,0,178,210,0,0,0,30,0,0,0,0,0,0,0,0,362,0,0,0,0,6,0,0,0,0,0,0,14,0,0,0,0,0,0,24,0,10,0,0,0,0,0,0,0,0,0,58,0,143,0,5,0,0,0,0,0,0,0,0,0,0,0,0,0,0,0,0,0,0,0,0,0,0,0,0,11,0,0,0,0,0,0,0,0,0,0,0,0,0,0,0,15,0,0,0,0,0,0,0,33,0,0,0,0,0,0,0,0,0,0,0,0,0,0,170,0,0,0,0,0,0,0,0,0,0,135,0,0,0,0,0,0,0,0,0,0,0,0,0,0,0,0,0,0,0,0,0,0,0,0,0,0,0,0,0,0,0,0,0,13,0,0,0,0,0,0,0,0,0,0,0,0,0,0,0,0,0,0,0,0,0,0,0,0,0,0,0,0,0,0,0,0,0,0,0,0,0,0,0,0,0,0,0,0,0,0,0,0,0,0,0,0,0,0,0,0,0,0,0,0,0,0,0,0,0,0,0,0,0,0,0,0,0,0,0,0,0,0,0,0,0,0,0,0,0,0,0,0,0,0,0,0,0,0,0,0,0,3,0,0,0,0,0,0,0,0,0,0,0,0,0,0,0,0,0,0,0,0,0,0,0,0,0,0,0,0,0,0,0,0,0,0,0,0,0,0,0,0,0,0,0,0,0,0,0,0,0,0,0,0,0,0,0,0,0,0,0,0,0,0,0,0,0,0,0,0,0,0,0,0,0,0,0,0,0,0,0,0,0,0,0,0,0,0,0,0,0,0,0,0,0,0,0,0,0,0,0,0,0,0,2,0,0,0,0,0,0,0
"ERR3416655",554,123,0,113,3,45,3134,0,0,0,12159,0,0,0,233,0,0,351,0,0,0,0,0,3351,0,1032,0,17,0,0,0,0,275,38,72,0,0,0,0,0,0,0,0,0,162,0,3,0,0,0,49,0,0,0,30,0,0,0,0,0,0,0,0,125,0,0,79,0,0,0,0,0,0,0,0,0,260,0,0,0,0,0,0,0,0,0,0,0,0,0,0,0,0,0,486,0,0,0,0,0,0,253,0,54,0,0,0,0,258,124,0,0,0,0,0,0,0,182,0,0,0,0,26,503,0,0,0,0,0,0,18,0,0,0,0,0,0,0,0,0,0,0,0,0,0,0,0,0,0,9,64,0,0,0,0,0,175,0,0,0,0,0,0,0,0,19,0,0,0,0,0,0,0,0,0,0,0,0,0,0,0,0,0,0,0,0,0,0,0,0,0,0,0,0,0,0,0,57,0,32,0,0,0,0,0,0,0,0,0,0,0,0,0,0,0,0,0,0,0,0,0,0,0,0,0,0,0,0,0,0,0,0,0,130,0,0,0,0,0,0,0,0,0,0,0,0,0,0,0,0,0,0,0,0,0,0,0,0,0,5,0,0,0,0,0,0,0,0,0,0,0,0,0,0,0,0,0,0,0,0,0,0,0,0,0,0,0,0,0,0,0,0,0,0,0,0,0,0,0,0,0,0,0,0,0,0,0,0,0,0,0,0,0,0,0,0,0,0,0,0,0,0,0,0,0,0,0,0,0,0,0,0,0,0,0,0,0,0,0,0,0,0,0,0,0,0,0,0,0,0,0,0,0,0,0,0,0,0,0,0,0,0,0,0,0,0,0,0,0,0,0,0,0,0,0,0,0,0,0,0,0,0,0,0,0,0,0,0,0,0,0,0,0,0,0,0,0,0,0,0,0,0,0,0,0,0,0,0,0,0,0,0,0,0,0,0,0,0,0,0,0,0,0,0,0,0,0,0,0,0,0,0,0,0,0,0,0,0,0,0,0,0
"ERR3416656",137,0,0,251,4198,0,173,0,0,0,0,0,0,775,0,0,919,0,0,0,0,0,286,199,0,0,0,0,0,0,0,0,31,0,70,133,166,0,0,0,0,0,339,0,0,0,0,0,39,0,0,0,0,824,0,0,66,0,0,0,0,0,0,3,0,0,64,0,0,0,0,0,0,88,54,0,0,285,0,0,35,0,0,0,0,0,0,0,7,0,0,0,0,0,0,0,0,33,0,0,0,0,0,0,0,0,0,0,0,0,0,0,0,0,0,6,0,0,0,0,16,0,0,0,0,0,0,0,0,0,0,0,0,0,0,0,0,0,0,18,0,0,0,0,0,0,0,0,0,0,0,0,0,0,0,0,0,10,0,0,0,0,0,0,0,0,0,0,0,0,0,0,0,0,0,0,0,0,0,0,0,0,0,0,0,0,0,0,0,0,0,0,0,0,0,0,0,0,0,0,0,0,0,0,0,0,0,0,0,0,0,0,0,0,0,0,0,0,0,0,0,0,0,0,0,0,0,0,0,0,0,0,0,0,0,0,0,0,0,0,0,0,0,0,0,0,0,0,0,0,0,0,0,0,0,0,0,0,0,0,0,0,0,0,0,0,0,0,0,0,0,0,0,0,0,0,0,0,0,0,0,0,0,0,0,0,0,0,0,0,0,0,0,0,0,0,0,0,0,0,0,0,0,0,0,0,0,0,0,0,0,0,0,0,0,0,0,0,0,0,0,0,0,0,0,0,0,0,0,0,0,0,0,0,0,0,0,0,0,0,0,0,0,0,0,0,0,0,0,0,0,0,0,0,0,0,0,0,0,0,0,0,0,0,0,0,0,0,0,0,0,0,0,0,0,0,0,0,0,0,0,0,0,0,0,0,0,0,0,0,0,0,0,0,0,0,0,0,0,0,0,0,0,0,0,0,0,0,0,0,0,0,0,0,0,0,0,0,0,0,0,0,0,0,0,0,0,0,0,0,0,0,0,0,0,0,0,0,0,0,0,0
"ERR3416657",6805,22,0,79,416,0,705,20,3,0,201,0,0,68,3,318,688,0,5,0,100,0,309,55,0,519,559,0,0,0,0,69,173,7,30,2,910,0,0,0,54,27,173,0,0,196,45,0,287,0,106,0,13,314,86,0,239,86,107,0,0,0,0,0,0,73,69,0,0,0,0,66,0,0,0,0,0,0,0,0,0,0,0,0,0,0,0,344,0,609,0,0,0,0,144,0,0,100,0,181,0,157,0,0,34,0,0,0,0,0,0,0,0,0,0,0,0,48,0,0,121,0,42,0,22,0,0,0,0,384,0,0,0,0,0,0,133,0,25,0,0,0,0,0,0,0,8,0,0,0,0,0,161,0,0,0,22,0,0,0,0,0,0,0,0,7,0,0,0,0,0,50,0,0,0,0,0,0,0,0,0,0,0,0,0,0,0,0,0,0,0,13,0,11,0,0,0,0,0,13,0,0,0,0,0,0,0,0,0,0,0,0,0,0,0,27,0,17,0,0,0,0,0,0,0,0,0,0,0,0,0,0,0,0,0,0,0,0,0,0,0,0,0,0,0,0,0,0,0,0,0,0,0,0,0,0,0,0,0,0,0,0,0,0,0,0,0,0,0,0,0,0,0,0,0,0,0,0,0,0,0,0,0,0,0,0,0,0,0,0,0,0,0,0,0,0,0,0,0,0,0,0,0,0,0,0,0,0,0,0,0,0,0,0,0,0,0,0,0,0,0,0,0,0,0,0,0,0,0,0,0,0,0,0,0,0,0,0,0,0,0,0,0,0,0,3,0,0,0,0,0,0,0,0,0,0,0,0,0,0,0,0,0,0,0,0,0,0,0,0,0,0,0,0,0,0,0,0,0,0,0,0,0,0,0,0,0,0,0,0,0,0,0,0,0,0,0,0,0,0,0,0,0,0,0,0,0,0,0,0,0,0,0,0,0,0,0,0,0,0,0,0,0,0,0,0,0,0,0,0,0,0,0,0,0,0,0,0,0,0,0,0
"ERR3416658",38,0,0,29,395,0,107,3,0,0,18,0,0,78,3,284,426,0,268,0,0,181,660,17,0,59,0,0,0,0,137,176,236,0,22,7,1610,0,0,340,0,23,51,7,0,0,0,0,631,0,52,0,46,7,256,0,21,0,823,0,0,0,321,50,0,0,30,0,5,0,15,0,0,0,0,0,0,0,0,0,0,0,0,0,0,0,0,0,300,58,0,0,80,0,0,0,3,9,0,30,13,13,0,128,0,0,0,0,0,0,17,0,0,12,61,0,0,0,5,0,78,0,0,0,8,0,0,7,0,42,0,0,14,0,0,972,0,0,91,0,0,0,0,0,0,23,8,5,0,9,0,0,148,22,0,0,0,0,140,0,0,96,0,0,0,0,0,0,0,0,0,0,0,0,0,0,0,0,0,0,0,0,0,0,0,0,0,0,0,0,0,0,0,0,0,0,0,0,0,11,0,0,0,0,0,91,0,0,0,0,0,0,0,0,0,0,0,0,0,0,0,0,0,0,0,0,0,0,0,0,0,0,0,0,0,0,0,0,0,0,0,2,0,0,0,0,0,0,0,0,0,0,0,0,0,0,0,0,0,0,0,0,0,3,0,0,0,0,0,0,0,0,0,0,0,0,0,0,0,0,0,0,0,0,0,0,0,0,0,0,0,0,0,0,0,0,0,0,0,0,0,0,0,11,0,0,0,0,0,0,0,0,0,0,0,0,0,0,0,0,0,0,0,0,0,0,0,0,0,0,0,0,0,0,0,0,0,0,0,0,0,0,0,0,0,0,0,0,0,0,0,0,0,0,0,0,0,0,0,0,0,0,0,0,0,0,0,0,0,0,0,0,0,0,0,0,0,0,0,0,0,0,0,0,0,0,0,0,0,0,0,0,0,0,0,0,0,0,0,0,0,0,0,0,0,0,0,0,0,0,0,0,0,0,0,0,0,0,0,0,0,0,0,0,0,0,0,0,0,0,0,0,0,0,0,0,0,0,0,0,0,0
"ERR3416659",120,201,0,0,0,29707,19,0,0,0,3158,0,0,2,683,4,0,0,0,0,110,0,3,0,0,0,0,0,0,0,0,0,0,0,23,0,0,0,0,0,0,0,0,0,0,0,0,0,0,0,0,0,0,0,0,0,0,0,0,0,0,0,0,0,0,0,2,0,0,0,0,0,0,0,70,0,0,0,0,0,0,0,0,0,0,0,0,0,0,0,0,0,0,0,0,0,0,0,0,0,0,0,0,0,0,0,0,0,0,0,0,0,0,0,0,0,0,0,0,0,0,0,0,0,0,0,0,0,0,0,0,0,0,0,220,0,0,0,0,0,0,0,0,0,0,0,0,0,0,0,0,0,0,0,0,165,0,0,0,0,0,0,0,0,0,0,0,0,0,0,0,0,0,0,0,0,0,0,0,23,0,0,0,0,0,0,0,0,0,0,0,0,0,0,0,0,0,0,0,0,0,0,0,0,0,0,0,0,0,0,0,0,0,0,0,0,0,0,0,0,0,0,0,0,0,0,0,0,0,0,0,0,0,0,0,0,0,0,0,0,0,0,0,0,0,0,0,0,0,0,0,0,0,0,0,0,0,0,0,0,0,0,0,0,0,0,0,0,0,0,0,0,0,0,0,0,0,0,0,0,0,0,0,0,0,0,0,0,0,0,0,0,0,0,0,0,0,0,0,0,0,0,0,0,32,0,0,0,0,0,0,0,0,0,0,0,0,0,0,0,0,0,0,0,0,0,0,0,0,0,0,0,0,0,0,0,0,0,0,0,0,0,0,0,0,0,0,0,0,0,0,0,0,0,0,0,0,0,0,0,0,0,0,0,0,0,0,0,0,0,0,0,0,0,0,0,0,0,0,0,0,0,0,0,0,0,0,0,0,0,0,0,0,0,0,0,0,0,0,0,0,0,0,0,0,0,0,0,0,0,0,0,0,0,0,0,0,0,0,0,0,0,0,0,0,0,0,0,0,0,0,0,0,0,0,0,0,0,0,0,0,0
"ERR3416660",494,0,0,0,4197,0,27,0,3,0,0,0,0,1342,165,791,1446,14,4915,0,0,50,2364,127,0,65,49,0,0,0,7,106,17,0,0,120,438,0,0,94,16,45,1561,66,0,16,0,0,0,0,28,0,0,574,72,18,36,8,89,41,0,0,12,0,0,0,58,8,12,0,0,12,15,0,0,0,0,23,0,0,37,12,0,0,0,0,0,52,0,54,0,0,0,0,0,0,0,99,0,65,8,7,0,6,7,0,2,0,0,0,0,0,0,0,19,0,0,41,3,0,22,0,0,0,63,0,0,0,0,13,0,0,0,0,0,153,0,0,0,0,0,0,0,0,0,0,0,0,0,0,0,0,0,0,0,0,0,0,77,0,0,0,0,0,0,0,0,0,0,0,0,0,0,0,0,0,0,0,0,0,0,0,8,0,0,0,0,0,0,0,0,0,0,0,0,0,0,0,0,0,0,0,0,0,0,0,0,0,0,0,0,0,0,0,0,0,0,0,0,0,0,0,0,0,0,0,0,0,0,0,0,0,12,0,0,0,0,0,0,0,0,0,0,0,0,0,0,0,0,0,0,0,0,0,0,0,0,0,0,0,0,0,0,0,0,0,4,0,0,0,0,0,0,0,0,0,0,0,0,0,0,0,0,0,0,0,0,0,0,0,0,0,0,0,0,0,0,0,0,0,0,0,0,0,0,0,0,0,0,0,0,0,0,0,0,0,0,0,0,0,0,0,0,0,0,0,0,0,0,0,0,0,0,0,0,0,0,0,0,0,0,0,0,0,0,0,0,0,0,0,0,0,0,0,0,0,0,0,0,0,0,0,0,0,0,0,0,0,0,0,0,0,0,0,0,0,0,0,0,0,0,0,0,0,0,0,0,0,0,0,0,0,0,0,0,0,0,0,0,0,0,0,0,0,0,0,0,0,0,0,0,0,0,0,0,0,0,0,0,0,0,0,0,0,0,0,0,0,0,0,0,0,0,0,0,0,0,0,0,0,0,0
"ERR3416661",717,0,0,169,6150,0,311,0,0,0,296,0,0,88,0,1903,633,0,700,0,0,295,281,1226,0,65,0,0,0,0,310,342,128,0,178,99,3186,0,0,0,93,71,52,0,0,19,0,0,649,0,13,0,24,74,273,0,107,16,483,0,0,0,326,0,0,0,119,0,0,0,0,0,108,127,54,0,0,0,0,0,12,0,0,0,0,0,0,0,0,424,0,0,0,0,0,0,34,63,0,37,0,5,0,29,0,0,0,0,0,0,22,0,0,0,0,0,0,0,0,0,227,0,19,0,0,0,0,0,0,147,0,0,0,0,0,200,0,0,0,0,0,0,0,0,47,0,0,0,10,0,0,0,55,0,0,0,0,0,0,0,0,59,0,28,0,0,0,0,0,0,0,8,0,8,0,0,0,0,0,0,0,0,0,0,0,0,0,0,0,0,0,0,0,0,0,0,0,0,0,5,0,0,0,0,0,160,0,0,0,0,0,0,0,0,0,0,0,0,0,0,0,76,0,0,0,0,0,0,0,0,0,0,0,0,0,0,0,0,0,0,0,0,0,0,0,0,0,0,0,0,0,0,0,0,0,0,0,0,0,0,0,0,0,0,0,0,0,0,0,0,0,0,0,0,0,0,0,0,0,0,0,0,0,0,0,0,0,0,0,0,0,0,0,0,0,0,0,0,0,0,0,0,0,0,3,0,0,0,0,0,0,0,0,0,0,0,0,0,0,0,0,0,0,0,0,0,0,0,0,0,0,0,0,0,0,0,0,0,0,0,0,0,0,0,0,0,0,0,0,0,0,0,0,0,0,0,0,0,0,0,0,0,0,0,0,0,0,0,0,0,0,0,0,0,0,0,0,0,0,0,0,0,0,0,0,0,0,0,0,0,0,0,0,0,0,0,0,0,0,0,0,0,0,0,0,0,0,0,0,0,0,0,0,0,0,0,0,0,0,0,0,0,0,0,0,0,0,0,0,0,0,0,0,0,0,0,0,0,0,0,0,0
"ERR3416663",0,53,0,0,1406,0,255,0,0,0,932,0,0,1099,0,0,15901,0,0,0,0,118,757,46,0,253,117,41,47,0,0,0,0,4,0,0,0,29,0,0,0,0,0,0,0,0,25,0,0,0,0,0,0,0,0,0,65,0,0,0,0,0,0,27,0,0,0,0,0,0,0,0,898,38,0,0,0,0,0,0,87,0,0,0,0,0,0,0,0,0,0,0,0,0,0,0,0,0,0,0,0,0,0,0,0,0,31,0,0,0,0,0,0,0,0,0,0,222,0,0,0,0,17,0,0,0,0,0,0,0,0,0,0,0,0,0,0,0,0,0,0,0,0,26,0,0,0,0,0,0,0,0,0,0,0,0,0,0,0,0,0,0,0,0,0,0,0,0,0,0,0,0,0,0,0,0,0,0,0,0,0,0,0,0,0,0,0,0,0,0,0,0,0,0,0,0,0,0,0,0,0,0,0,0,0,0,0,0,0,7,0,0,0,0,0,0,0,0,0,0,0,0,0,0,0,0,0,0,123,0,0,0,0,0,0,0,0,0,0,0,0,0,0,0,0,0,0,0,0,0,0,0,0,0,0,0,0,0,0,0,0,0,0,0,0,0,0,0,0,0,0,0,0,0,0,0,19,0,0,0,0,0,0,0,0,0,0,0,0,0,0,0,0,0,0,0,0,0,0,0,0,0,0,0,0,0,0,0,0,0,0,0,0,0,0,0,0,0,0,0,0,0,0,0,0,0,0,0,0,0,0,0,0,0,0,0,0,0,0,0,0,0,0,0,0,0,0,0,0,0,0,0,0,0,0,0,0,0,0,0,0,0,0,0,0,0,0,0,0,0,0,0,0,0,0,0,0,0,0,0,0,0,0,0,0,0,0,0,0,0,0,0,0,0,0,0,0,0,0,0,0,0,0,0,0,0,0,0,0,0,0,0,0,0,0,0,0,0,0,0,0,0,0,0,0,0,0,0,0,0,0,0,0,0,0,0,0,0,0,0,0,0
"ERR3416664",30,283,0,0,678,0,437,0,0,0,19258,0,0,683,0,0,6504,0,0,0,0,41,405,47,0,455,677,27,134,0,0,0,0,0,0,0,0,0,0,0,0,11,0,0,0,0,24,0,0,0,0,0,0,0,0,0,179,0,0,0,0,0,0,6,0,0,0,0,0,0,0,0,623,16,0,0,0,0,0,0,422,0,0,0,0,0,0,0,0,0,0,0,0,0,0,0,0,0,0,0,0,0,0,0,0,0,108,0,0,0,0,0,0,0,0,8,0,189,0,0,0,0,10,0,0,0,0,0,0,0,0,0,0,0,0,0,0,0,0,0,0,0,0,40,0,0,0,0,0,0,0,0,0,0,0,0,0,0,0,0,6,0,0,0,0,0,0,0,0,0,0,0,0,0,0,0,0,0,0,0,0,0,0,0,0,0,0,0,0,0,0,0,0,0,0,0,0,0,0,0,0,0,0,0,0,0,0,0,0,175,0,0,0,0,0,0,0,0,0,0,0,0,0,0,0,0,0,0,56,0,0,0,0,0,0,0,0,0,0,0,0,0,0,0,0,0,0,0,0,0,0,0,0,0,0,0,0,0,0,0,0,0,0,0,0,0,0,0,0,0,0,0,0,0,0,0,29,0,0,0,0,0,0,0,0,0,0,0,0,0,0,0,5,0,0,0,0,0,0,0,0,0,0,0,0,0,0,0,0,0,0,0,0,0,0,0,0,0,0,0,0,0,0,0,0,0,0,0,0,0,0,0,0,0,0,0,0,0,0,0,0,0,0,0,0,0,0,0,0,0,0,0,0,0,0,0,0,0,0,0,0,0,0,0,0,0,0,0,0,0,0,0,0,0,0,0,8,0,8,0,0,0,0,0,0,0,0,0,0,0,0,0,0,0,0,0,0,0,0,0,0,0,0,0,0,0,0,0,0,0,0,0,0,0,0,0,0,0,0,0,0,0,0,0,0,0,0,0,0,0,0,0,0,0,0,0,0,0,0,0,0,0
"ERR3416665",55,36,0,0,1428,0,3244,0,0,0,7083,0,0,322,5,6,4924,0,0,0,0,0,125,207,0,778,261,48,0,0,0,0,0,468,0,0,0,32,0,0,0,0,0,0,0,0,0,0,0,0,0,0,0,0,0,0,0,0,0,0,0,0,0,0,0,0,24,0,0,0,0,0,644,0,0,0,40,0,0,0,0,0,0,0,0,0,0,0,0,0,0,0,0,0,0,0,0,0,0,0,0,38,0,0,0,0,0,0,0,0,0,0,0,0,0,0,0,61,0,0,0,0,0,0,0,0,0,0,0,0,0,0,0,0,0,0,0,0,0,0,0,0,0,76,0,0,0,0,0,0,0,0,0,0,0,0,0,0,0,0,0,0,0,0,0,0,0,0,0,0,0,0,0,0,0,0,0,0,0,0,0,0,0,0,0,0,0,0,0,0,0,0,0,0,0,0,0,0,0,0,0,0,0,0,0,0,0,0,0,15,0,0,0,0,0,0,0,0,0,0,0,0,0,0,0,0,0,0,0,0,0,0,0,0,0,0,0,0,0,0,0,0,0,0,0,0,0,0,0,0,0,0,0,0,0,0,0,0,0,0,0,0,0,0,0,0,0,0,0,0,0,0,0,0,0,0,0,0,0,0,0,0,0,0,0,0,0,0,0,0,0,0,0,0,0,0,0,0,0,0,0,0,0,0,0,0,0,0,0,0,0,0,0,0,0,0,0,0,0,0,0,0,0,0,0,0,0,0,0,0,0,0,0,0,0,0,0,0,0,0,0,0,0,0,0,0,0,0,0,0,0,0,0,0,0,0,0,0,0,0,0,0,0,0,0,0,0,0,0,0,0,0,0,0,0,0,0,0,0,0,0,0,0,0,0,0,0,0,0,0,0,0,0,0,0,0,0,0,0,0,0,0,0,0,0,0,0,0,0,0,0,0,0,0,0,0,0,0,0,0,0,0,0,0,0,0,0,0,0,0,0,0,0,0,0,0,0,0,0,0,0,0
"ERR3416666",795,0,0,0,43,0,3390,0,91,0,0,0,0,318,40,387,2242,148,140,0,0,0,8895,532,0,566,35,0,0,0,77,1636,0,0,452,0,23,185,0,0,1248,1431,3516,0,0,82,420,0,118,0,584,0,555,497,207,97,14,11,0,42,0,513,0,7,0,0,0,212,42,0,0,16,0,0,126,59,73,0,0,0,471,0,0,0,0,0,0,0,0,0,0,0,0,0,0,0,0,0,0,0,0,0,0,138,33,0,0,0,0,0,215,0,0,0,25,0,0,705,0,0,0,0,0,0,344,0,0,0,0,9,15,0,0,0,0,0,0,0,0,56,0,0,0,17,0,0,0,0,0,0,0,0,0,42,0,0,211,0,0,0,0,0,11,0,0,0,41,0,0,0,0,0,0,0,0,0,0,0,0,0,0,0,0,0,0,0,0,0,0,0,0,0,0,0,24,0,0,0,0,38,0,0,0,0,0,0,0,0,0,0,0,0,68,0,0,2,0,0,0,0,0,0,0,0,0,0,0,4,0,0,0,0,0,0,32,0,0,0,0,0,0,0,0,0,0,0,0,0,0,0,0,0,0,0,0,0,0,0,0,0,0,0,0,0,0,0,0,0,0,0,0,0,0,0,0,0,0,0,0,0,0,0,0,0,0,0,0,0,0,0,0,0,0,0,0,0,0,0,0,0,0,0,0,0,0,0,0,0,0,0,0,0,0,0,0,0,0,0,0,0,0,0,0,0,0,0,0,0,0,0,0,0,0,0,0,0,0,0,0,0,0,0,0,0,0,0,0,0,0,0,0,0,0,0,0,0,0,0,0,0,0,0,0,0,0,0,0,0,0,0,0,0,0,0,0,0,0,0,0,0,0,0,0,0,0,0,0,0,0,0,0,0,0,0,0,0,0,0,0,0,0,0,0,0,0,0,0,0,0,0,0,0,0,0,0,0,0,0,0,0,0,0,0,0,0,0,0,0,0,0,0,0,0,0,0,0,0,0,0,0,0,0
"ERR3416667",12512,0,0,0,0,0,3044,0,0,0,0,0,0,0,0,0,0,10,0,0,0,0,0,0,0,0,0,0,0,0,0,0,0,21,0,0,0,630,0,0,0,0,0,0,142,0,0,0,0,0,529,0,0,0,0,0,22,0,0,0,0,0,0,0,0,0,0,0,0,0,0,0,0,0,0,545,85,0,0,0,0,0,176,0,0,0,0,0,0,0,0,0,0,0,0,0,0,0,0,0,0,0,0,0,0,7,0,0,0,0,97,0,129,0,0,50,0,70,0,0,0,0,0,0,0,0,0,0,0,0,0,0,0,0,0,0,0,0,0,0,0,0,0,0,0,0,0,0,0,0,0,0,0,0,0,0,0,0,0,0,0,10,0,0,0,0,0,0,0,0,0,0,0,0,0,0,0,0,0,0,0,0,0,0,0,0,0,0,0,0,0,0,0,0,0,0,0,0,0,0,0,0,0,0,0,0,0,31,0,0,0,0,0,0,17,51,0,0,0,0,0,0,88,0,0,0,0,0,0,0,0,0,0,0,3,0,0,0,0,0,0,0,0,0,0,0,0,0,0,0,0,0,0,0,0,0,0,0,0,0,0,0,0,0,0,0,0,0,0,0,0,0,0,0,0,0,0,0,0,0,0,0,0,0,0,0,0,0,0,0,0,0,0,0,0,0,0,0,0,0,0,0,0,0,0,0,0,0,0,0,0,0,0,0,0,0,0,0,0,0,0,0,0,0,0,0,0,0,0,0,0,0,0,0,0,0,0,0,0,0,0,0,0,0,0,0,0,0,0,0,0,0,0,0,0,0,0,0,0,0,0,0,0,0,0,0,0,0,0,0,0,0,0,0,0,0,0,0,0,0,0,0,0,0,0,0,0,0,0,0,0,0,0,0,0,0,0,0,0,0,0,0,0,0,0,0,0,0,0,0,0,0,0,0,0,0,0,0,0,0,0,0,0,0,0,0,0,0,0,0,0,0,0,0,0,0,0,0,0,0,0,0
"ERR3416668",165,0,0,0,14,0,44,4,8,0,35,0,0,0,0,39,36,15,73,0,0,18,30,10,0,0,0,0,4,0,0,0,2,0,0,0,21,0,0,0,0,0,15,0,0,0,0,0,0,0,0,0,0,0,0,0,0,0,0,0,0,0,0,0,0,0,0,0,0,0,0,0,0,0,0,0,0,0,0,0,0,0,0,0,0,0,0,0,0,0,0,0,0,0,0,0,0,0,0,0,0,0,0,0,0,0,3,0,0,0,0,0,2,0,0,0,0,0,0,0,0,0,0,0,0,0,0,0,0,0,0,0,0,0,0,0,0,0,0,0,0,0,0,0,0,0,0,0,0,0,0,0,0,0,0,0,0,0,0,0,0,0,0,0,0,0,0,0,0,0,0,0,0,3,0,0,0,0,0,0,0,0,0,0,0,0,0,0,0,0,0,0,0,0,0,0,0,0,0,0,0,0,0,0,0,0,0,0,0,0,0,0,0,0,0,0,0,0,0,0,0,0,0,0,0,0,0,0,0,0,0,0,0,0,0,0,0,0,0,0,0,0,0,0,0,0,0,0,0,0,0,0,0,0,0,0,0,0,0,0,0,0,0,0,0,0,0,0,0,0,0,0,0,0,0,0,0,0,0,0,0,0,0,0,0,0,0,0,0,0,0,0,0,0,0,0,0,0,0,0,0,0,0,0,0,0,0,0,0,0,0,0,0,0,0,0,0,0,0,0,0,0,0,0,0,0,0,0,0,0,0,0,0,0,0,0,0,0,0,0,0,0,0,0,0,0,0,0,0,0,0,0,0,0,0,0,0,0,0,0,0,0,0,0,0,0,0,0,0,0,0,0,0,0,0,0,0,0,0,0,0,0,0,0,0,0,0,0,0,0,0,0,0,0,0,0,0,0,0,0,0,0,0,0,0,0,0,0,0,0,0,0,0,0,0,0,0,0,0,0,0,0,0,0,0,0,0,0,0,0,0,0,0,0,0,0,0,0,0,0,0,0
"ERR3416669",3233,0,0,0,0,0,173,0,0,0,0,0,0,0,6,0,0,20302,0,0,0,0,0,0,0,0,0,0,0,0,0,0,0,134,0,0,0,1060,0,0,0,0,0,0,149,0,0,0,0,0,386,0,0,0,0,0,0,0,0,0,0,148,0,147,0,0,0,0,0,0,0,0,0,0,0,71,122,0,0,0,0,0,482,0,199,0,0,0,0,0,0,0,0,0,0,0,0,0,0,0,0,0,0,0,0,0,0,0,0,0,946,0,232,0,0,938,0,0,0,0,0,0,0,0,0,0,360,0,0,0,0,0,0,0,0,0,0,0,0,0,0,0,0,0,0,0,0,0,0,0,0,0,0,416,0,0,0,0,0,0,0,0,0,0,0,0,0,0,0,0,0,0,0,0,0,0,0,0,0,0,0,0,0,0,0,0,0,0,0,0,0,0,0,0,0,0,0,10,0,0,0,0,0,0,0,0,0,0,0,0,0,0,0,0,0,0,0,0,0,0,16,0,10,0,0,0,0,0,0,0,0,0,0,0,0,0,0,0,0,0,0,0,0,0,0,0,0,0,0,0,0,0,0,0,0,0,0,0,0,0,0,0,0,0,0,0,0,0,0,0,0,35,0,0,0,0,0,0,0,0,0,0,0,0,0,0,0,0,0,0,0,0,0,0,0,0,0,0,0,0,0,0,0,0,0,0,0,0,0,0,0,0,0,0,0,0,0,0,0,0,0,0,0,0,0,0,0,0,0,0,0,0,0,0,0,0,0,0,0,0,0,0,0,0,0,0,0,0,0,0,0,0,0,0,0,0,0,0,0,0,0,0,0,0,0,0,0,0,0,0,0,0,0,0,0,0,0,0,0,0,0,0,0,0,0,0,0,0,0,0,0,0,0,0,0,0,0,0,0,0,0,0,0,0,0,0,0,0,0,0,0,0,0,0,0,0,0,0,0,0,0,0,0,0,0,0,0,0,0,0,0,0,0,0,0,0,0,0,0,0,0,0
"ERR3416670",226,2,0,0,6053,0,62,0,0,0,8,0,0,1131,110,0,647,0,4216,0,0,0,3774,0,0,288,0,0,0,0,0,0,0,0,0,161,0,0,0,0,0,96,2143,0,0,0,76,0,0,0,0,0,0,1054,0,0,424,0,0,0,267,0,0,0,0,0,0,0,0,0,0,0,0,0,35,0,0,93,0,0,398,0,0,0,0,0,0,0,0,0,0,652,0,0,0,0,0,223,0,0,0,0,0,0,0,0,85,0,0,0,0,0,0,0,0,0,33,0,0,0,0,0,0,0,0,0,0,0,0,0,0,0,0,0,0,0,0,0,0,0,0,0,0,0,0,0,0,0,0,0,0,0,0,0,0,0,0,0,0,0,0,0,0,0,0,0,0,0,0,0,0,0,0,0,0,0,0,0,0,0,0,0,70,0,0,0,0,0,0,0,0,0,0,0,0,0,0,0,0,0,0,0,0,0,0,0,0,0,0,0,0,0,0,0,0,0,0,0,0,157,0,0,0,0,0,0,0,0,0,0,0,0,0,0,0,108,0,0,0,0,0,0,0,0,0,0,0,0,0,3,0,0,0,0,0,0,0,0,0,0,0,0,0,0,0,0,0,0,0,0,0,0,0,0,0,0,0,0,0,0,0,6,0,0,0,0,0,0,0,0,0,0,0,0,0,0,0,0,0,0,0,0,0,0,0,0,0,0,0,0,0,0,0,0,0,0,0,0,0,0,0,0,0,0,0,0,0,0,0,0,0,0,0,0,0,0,0,0,0,0,0,0,0,0,0,0,0,0,0,0,0,0,0,0,0,0,0,0,0,0,0,0,0,0,0,0,0,0,0,0,0,0,18,0,0,0,0,0,0,0,0,0,0,0,0,0,0,0,0,0,0,0,0,0,0,0,0,0,0,0,0,0,0,0,0,0,0,0,0,0,0,0,0,0,0,0,0,0,0,0,0,0,0,0,0,0,0,0,0,0,0,0,0,0,0,0,0,0,0,0,0,0
"ERR3416671",932,0,0,0,389,0,70,0,7,5668,72,0,4007,630,170,37,126,0,0,0,0,145,1565,365,0,101,2206,0,0,27,205,18,46,0,34,173,542,0,0,0,0,60,7,548,0,34,0,0,100,0,0,0,114,0,18,0,19,0,61,0,0,0,103,0,0,0,147,0,17,0,0,0,0,0,65,0,0,20,0,0,0,0,0,0,0,0,0,0,0,16,0,0,0,0,0,0,0,0,0,0,0,0,0,0,6,0,0,822,0,0,13,0,0,0,0,0,0,175,0,0,29,0,0,0,81,0,0,0,0,0,0,0,3,0,0,285,0,0,0,0,12,0,0,0,0,4,35,299,0,0,0,0,6,0,0,0,0,0,36,0,0,0,0,0,0,0,0,0,0,0,0,17,0,0,0,0,0,0,0,0,0,0,0,0,0,0,0,0,0,0,0,0,0,0,0,0,0,0,0,0,3,0,0,0,0,0,0,0,0,0,0,0,0,0,0,8,0,0,0,0,0,0,0,0,0,0,0,0,0,0,0,0,0,0,4,0,0,0,0,0,0,0,0,0,0,0,0,0,0,0,0,0,0,0,0,0,0,0,0,0,0,0,0,0,0,0,0,0,0,0,0,0,0,0,0,0,0,0,0,0,0,0,0,59,0,0,0,0,0,0,0,0,0,0,0,0,0,0,0,0,0,0,0,0,0,0,0,0,15,0,0,0,0,0,0,0,0,0,0,0,0,0,0,0,0,0,0,0,0,0,0,0,0,0,0,0,0,0,0,0,0,0,0,0,0,0,0,0,0,0,0,0,0,0,0,0,0,0,0,0,0,0,0,0,0,0,0,0,0,0,0,0,0,0,0,0,0,0,0,0,0,0,0,0,0,0,0,0,0,0,0,0,0,0,6,0,0,0,0,0,0,0,0,0,0,0,0,0,0,0,0,0,0,0,0,0,0,0,0,0,0,0,0,0,0,0,0,0,0,0,0,0,0,0,0,0,0,0,0,0,0,0
"ERR3416672",1035,0,0,0,13205,0,376,0,0,0,0,10675,0,0,0,434,1712,0,1945,0,0,0,451,0,0,251,83,0,0,0,0,21,0,0,6,37,0,0,0,0,0,0,776,418,0,0,43,0,0,1305,0,8,0,0,0,0,392,0,0,3,0,0,0,0,0,0,0,0,0,0,0,0,0,0,3,0,0,284,0,0,92,0,0,0,0,0,0,0,0,0,0,0,0,0,0,0,0,0,0,0,0,0,0,2,0,0,31,0,0,0,0,0,0,0,0,0,0,0,0,0,4,0,0,0,0,0,0,0,0,0,0,0,0,0,0,0,0,0,0,0,0,0,0,0,0,0,0,260,0,0,0,345,0,0,0,0,0,0,31,0,0,0,0,0,0,0,0,0,0,0,0,0,0,0,0,0,0,0,0,0,0,0,4,0,225,0,0,0,0,0,0,0,0,0,0,0,0,0,0,0,0,0,0,0,0,0,0,0,0,0,0,0,0,0,0,0,0,0,0,0,0,0,0,0,0,0,0,0,0,0,0,0,0,0,0,0,0,0,0,0,0,0,0,0,0,0,0,0,0,0,0,0,0,0,0,0,0,0,0,0,0,0,0,0,0,0,0,0,0,0,0,0,35,0,0,0,0,0,0,0,0,0,0,0,0,0,0,0,0,0,0,0,0,0,0,0,0,0,0,0,0,0,0,0,0,0,0,0,0,0,0,0,0,0,0,0,0,0,0,0,0,0,0,0,0,0,0,0,0,0,0,0,0,0,0,0,0,0,0,0,0,0,0,0,0,0,0,0,0,0,0,0,0,0,0,0,0,0,0,0,0,0,0,0,0,0,0,0,0,0,0,0,0,0,0,0,0,0,0,0,0,0,0,0,0,0,0,0,0,0,0,0,0,0,0,0,0,0,0,0,0,0,0,0,0,0,0,0,0,0,0,0,0,0,0,0,0,0,0,0,0,0,0,0,0,0,0,0,0,0,0,0,0,0,0,0,0,0,0,0,0,0
"ERR3416673",30694,171,0,0,248,0,6561,6,0,0,41,0,0,0,0,63,0,234,37,0,0,0,0,0,0,0,0,44,0,0,0,0,117,0,353,0,432,419,0,14,541,0,413,0,0,0,0,0,3,0,31,0,73,0,42,0,586,0,3,0,0,0,0,13,0,0,0,0,0,0,0,0,0,34,0,107,110,0,0,0,0,0,0,0,0,0,0,0,247,677,0,0,0,0,0,0,0,0,0,57,0,0,0,0,224,0,0,0,0,0,157,0,8,0,0,8,0,0,0,0,0,5,0,0,83,0,0,7,0,164,0,0,0,0,0,0,0,0,0,0,0,0,0,0,130,0,0,0,0,0,0,0,43,0,0,0,0,0,0,0,0,0,0,0,0,8,0,0,0,0,0,0,0,0,0,0,0,0,0,0,0,0,0,0,0,0,0,0,0,0,0,0,0,0,0,0,0,0,0,372,0,0,0,0,0,0,0,0,0,0,0,0,0,0,0,48,0,0,0,0,0,0,0,0,0,0,0,0,0,0,0,0,0,0,32,0,0,0,0,0,0,0,0,0,0,0,0,0,0,0,0,0,0,0,0,0,0,0,0,3,0,0,0,0,0,0,0,0,0,0,0,0,0,0,0,0,0,0,0,0,0,0,0,0,0,0,0,0,0,0,0,0,0,0,0,0,0,0,0,0,0,0,0,0,0,0,0,0,0,0,0,0,0,0,0,0,0,0,0,0,0,0,0,0,0,0,0,0,0,0,0,0,0,0,0,0,0,0,0,0,0,0,0,0,0,0,0,0,0,0,0,0,0,0,0,0,0,0,0,0,0,0,0,0,0,0,0,0,0,0,0,0,0,0,0,0,0,0,0,0,0,0,0,0,0,0,0,0,0,0,0,0,0,0,0,0,0,0,0,0,0,0,0,0,0,0,0,0,0,0,0,0,0,0,0,0,0,0,0,0,0,0,0,0,0,0,0,0,0,0,0,0,0,0,0,0,0,0,0,0,0,0
"ERR3416674",18328,134,0,0,0,0,3238,0,0,0,777,0,0,0,0,13,0,0,0,0,8265,2,0,290,0,0,0,100,0,0,0,0,597,483,1492,0,1031,146,0,0,0,0,0,0,190,0,0,0,18,0,19,0,24,0,127,0,0,0,0,0,0,0,33,820,0,0,0,0,0,0,0,0,0,0,0,0,9,0,0,0,0,0,102,0,0,0,0,0,0,10,0,0,0,0,0,0,0,0,0,0,0,80,0,0,0,0,0,0,87,0,0,0,216,0,0,91,0,0,0,0,0,87,286,0,0,0,0,7,0,0,34,0,0,0,0,0,0,0,0,256,0,0,0,0,0,0,0,0,0,0,0,0,0,61,0,0,13,102,0,0,54,0,0,0,0,0,0,0,0,0,0,0,0,0,0,0,0,0,0,0,0,0,0,0,0,0,0,0,0,0,0,0,0,135,0,0,0,0,0,137,0,0,0,0,0,0,0,0,0,0,0,0,0,0,0,60,0,0,0,0,0,0,8,0,0,0,0,0,0,0,0,0,0,0,0,0,0,0,0,0,0,0,0,0,0,0,0,0,0,0,0,0,0,0,0,0,0,0,0,83,0,0,0,0,0,0,0,0,0,0,0,0,0,0,0,0,0,0,0,0,0,0,0,0,0,0,0,0,0,0,0,0,0,0,0,0,0,0,0,0,0,0,0,0,0,0,0,0,0,0,0,0,0,0,0,0,0,0,0,0,0,0,0,0,0,0,0,0,0,0,0,0,0,0,0,0,0,0,0,0,0,0,0,0,0,0,0,0,0,0,0,0,0,0,0,0,0,0,0,0,0,0,0,0,0,0,0,0,0,0,0,0,0,0,0,0,0,0,0,0,0,0,0,0,0,0,0,0,0,0,0,0,0,0,0,0,0,0,0,0,0,0,0,0,0,0,0,0,0,0,0,0,0,0,0,0,0,0,0,0,0,0,0,0,0,0,0,0,0,0,0,0,0,0,0,0,0,0,0,0,0,0
"ERR3416675",714,0,0,0,9,0,600,0,0,0,12,0,0,0,0,8,0,0,48,0,0,0,2,41,0,0,0,0,0,0,0,0,167,21,551,0,286,55,0,0,0,0,0,0,45,0,0,0,25,0,0,0,0,0,0,0,0,0,0,0,0,0,0,32,0,0,5,0,0,0,0,0,0,0,0,0,4,0,0,0,0,0,0,0,0,0,0,0,0,45,0,0,0,0,0,0,0,0,0,0,0,18,0,0,0,0,0,0,45,0,0,0,0,0,0,0,0,0,0,0,0,25,0,0,0,0,0,0,0,0,0,0,0,0,0,0,0,0,0,43,0,0,0,0,0,0,0,0,0,0,0,0,0,0,0,0,0,115,0,0,0,0,0,0,0,0,0,0,0,0,0,0,0,0,0,0,0,0,0,0,0,0,0,0,0,0,0,0,0,0,0,0,0,0,0,0,0,0,0,126,0,0,0,0,0,0,0,0,0,0,0,0,0,0,0,0,0,0,0,0,0,0,0,0,0,0,0,0,0,0,0,0,0,0,0,0,0,0,0,0,0,0,0,0,0,0,0,0,0,0,0,0,0,0,0,0,0,0,0,0,0,0,0,0,0,0,0,0,0,0,0,0,0,0,0,0,0,0,0,0,0,0,0,0,0,0,0,0,0,0,0,0,0,0,0,0,0,0,0,0,0,0,0,0,0,0,0,0,0,0,0,0,0,0,0,0,0,0,0,0,0,0,0,0,0,0,0,0,0,0,0,0,0,0,0,0,0,0,0,0,0,0,0,0,0,0,0,0,0,0,0,0,0,0,0,0,0,0,0,0,0,0,0,0,0,0,0,0,0,0,0,0,0,0,0,0,0,0,0,0,0,0,0,0,0,0,0,0,0,0,0,0,0,0,0,0,0,0,0,0,0,0,0,0,0,0,0,0,0,0,0,0,0,0,0,0,0,0,0,0,0,0,0,0,0,0,0,0,0,0,0,0,0,0,0,0,0,0,0,0,0,0
"ERR3416676",49,13,0,6,1554,0,32,0,0,0,0,0,0,1539,96,3,4604,0,6417,0,0,67,4741,7,0,6,4,0,0,0,27,71,64,0,7,9,251,0,0,0,0,843,3075,0,0,8,416,0,44,0,0,0,5,1133,0,0,694,0,0,0,0,0,24,0,0,0,5,70,0,0,0,16,0,0,0,0,0,0,0,0,411,0,0,0,0,0,0,0,5,0,0,0,17,0,0,0,0,380,0,0,0,0,0,0,18,0,0,0,0,0,20,47,0,0,190,0,0,0,30,0,22,0,50,0,358,0,0,0,0,0,0,0,0,0,0,0,0,0,0,0,0,0,0,0,0,0,0,0,0,0,0,0,29,0,0,0,0,20,0,0,0,0,0,0,0,0,0,15,0,0,0,8,0,0,0,0,0,0,0,0,0,0,0,0,0,0,0,0,0,0,0,0,0,0,0,0,0,0,0,0,0,0,0,0,0,0,0,0,0,0,0,0,0,0,0,2,0,0,0,0,0,0,0,0,0,0,0,0,0,0,0,0,0,0,2,0,0,0,0,0,0,0,0,0,0,0,0,0,0,0,0,0,0,0,0,0,0,0,0,0,0,0,0,0,0,0,0,0,0,0,0,0,0,0,0,0,0,0,0,0,0,0,0,0,0,0,0,0,0,0,0,0,0,0,0,0,0,0,0,0,0,0,0,0,0,0,0,0,0,0,0,0,0,0,0,0,0,0,0,0,0,0,0,0,0,0,0,0,0,0,0,0,0,0,0,0,0,0,0,0,0,0,0,0,0,0,0,0,0,0,0,0,0,0,0,0,0,0,0,0,0,0,0,0,0,0,0,0,0,0,0,0,0,0,0,0,0,0,0,0,0,0,0,0,0,0,0,0,0,0,0,0,0,0,0,0,0,0,0,0,0,0,0,0,0,0,0,0,0,0,0,0,0,0,0,0,0,0,0,0,0,0,0,0,0,0,0,0,0,0,0,0,0,0,0,0,0,0,0,0,0,0
"ERR3416677",635,0,0,0,4714,12,104,0,0,0,1084,0,0,494,78,1534,537,62,3432,0,0,0,938,141,0,524,0,0,0,0,138,2875,187,0,0,0,913,0,0,0,446,129,822,0,0,0,38,0,15,0,22,236,138,253,124,0,178,93,194,130,0,0,29,0,0,0,0,0,8,0,15,190,165,0,53,54,0,0,557,0,429,221,0,0,0,0,299,34,36,459,0,0,13,0,166,0,9,0,38,24,0,0,0,0,68,0,19,0,0,0,55,0,0,33,0,0,0,0,0,0,54,0,28,0,51,0,0,0,0,12,0,0,0,0,0,0,12,0,45,0,0,0,0,0,113,430,0,0,0,0,0,0,131,0,0,0,0,0,0,0,0,0,0,0,0,0,0,0,15,0,0,102,0,0,0,0,0,0,0,0,98,0,0,0,0,0,0,0,0,0,0,0,0,0,0,0,0,0,0,6,198,101,0,0,0,0,0,17,0,0,0,0,0,0,0,0,0,0,0,0,0,79,0,0,0,17,0,0,0,0,0,0,0,0,6,0,0,0,0,0,0,0,0,0,0,0,25,0,0,0,0,0,0,0,0,0,0,0,0,0,0,0,0,0,0,0,4,0,0,0,0,0,0,0,0,0,0,0,0,0,0,0,0,0,0,0,0,0,0,0,0,0,0,0,0,0,0,0,0,0,0,0,0,3,0,0,0,0,0,0,0,0,0,0,0,0,0,0,0,0,0,0,0,0,0,0,0,0,0,0,0,0,0,0,0,0,0,0,0,0,0,0,0,0,0,0,0,0,0,0,0,0,0,0,0,0,0,0,0,0,0,0,0,0,0,0,0,0,0,0,0,0,0,0,0,0,0,0,0,0,0,0,0,0,0,0,0,0,0,0,0,0,0,0,0,0,0,0,0,0,0,0,0,0,0,0,0,0,0,0,0,0,0,0,0,0,0,0,0,0,0,0,0,0,0,0,0,0,0,0,0,0,0,0,0,0,0,0,0,0,0,0
"ERR3416678",497,0,0,10,1880,0,971,0,0,0,0,0,0,69,0,3717,1229,30,1989,0,53,1118,1604,228,0,340,1603,0,0,0,34,2123,381,0,75,21,1539,0,0,1303,508,24,1327,484,0,26,0,0,283,0,0,0,0,428,191,39,0,20,0,30,0,0,59,104,0,0,208,208,0,0,49,33,49,0,246,0,0,51,0,0,215,122,0,0,0,0,0,0,0,0,0,0,0,0,0,0,0,777,0,31,0,0,0,0,205,0,116,0,0,0,7,0,44,175,17,0,0,0,0,0,5,0,0,0,33,0,0,0,0,31,0,0,0,0,0,0,0,0,0,0,0,0,0,0,0,0,0,0,0,0,0,0,44,0,0,0,13,0,121,0,0,0,0,0,0,0,0,0,0,0,0,0,0,0,0,0,0,0,0,0,0,0,0,0,0,0,0,0,0,0,0,0,0,0,0,0,29,0,0,0,0,0,0,0,0,0,0,12,0,0,0,0,0,0,0,0,0,0,0,0,0,0,0,0,0,0,0,0,0,0,0,0,0,0,10,0,0,0,0,0,0,0,0,0,0,0,0,0,0,0,0,0,0,0,0,0,0,0,0,0,0,0,0,0,0,0,0,0,0,0,0,0,0,0,0,0,0,0,0,0,0,0,0,0,0,0,0,0,0,0,0,0,0,0,0,0,0,0,0,0,0,0,0,0,0,0,0,0,0,0,0,0,0,0,0,0,0,24,0,0,0,0,0,0,0,0,0,0,0,0,0,0,0,0,0,0,0,0,0,0,0,0,0,0,0,0,0,0,0,0,0,0,0,0,0,0,0,0,0,0,0,0,0,0,0,0,0,0,0,0,0,0,0,0,0,0,0,0,0,0,0,0,0,0,0,0,0,0,0,0,0,0,0,0,0,0,0,0,0,0,0,0,0,0,0,0,0,0,0,0,0,0,0,0,0,0,0,0,0,0,0,0,0,0,0,0,0,0,0,0,0,0,0,0,0,0,0,0,0,0,0,0
"ERR3416679",23288,0,0,0,0,0,1752,0,0,0,0,0,0,0,26,0,0,14,74,0,0,0,9,0,0,0,0,2,0,0,0,0,0,0,3,0,0,0,0,0,58,9,59,0,0,0,0,0,0,0,0,0,0,4,0,0,627,0,0,0,0,0,0,5,0,0,0,0,0,0,0,0,0,0,5,0,13,0,0,0,297,0,0,0,0,0,0,0,0,0,0,0,0,0,0,0,0,0,0,0,0,0,0,0,0,0,0,0,0,0,0,0,72,0,0,0,0,0,0,0,0,0,0,0,0,0,0,0,0,0,0,0,0,0,0,0,0,0,0,0,0,0,0,0,0,0,0,0,0,0,0,0,0,0,0,0,0,0,0,0,0,0,0,0,0,0,0,0,0,0,0,0,0,0,0,0,0,0,0,0,0,0,0,0,0,0,0,0,0,0,0,0,0,0,0,0,0,0,0,0,0,0,0,0,0,0,0,0,0,0,0,0,0,0,0,0,0,0,0,0,0,0,0,0,0,0,0,0,0,0,0,0,0,0,0,0,0,0,0,0,0,0,0,0,0,0,0,0,0,0,0,0,0,0,0,0,0,0,0,0,0,0,0,0,0,0,0,0,0,0,0,0,0,0,0,0,0,0,0,0,0,0,0,0,0,0,0,0,0,0,0,0,0,0,0,0,0,0,0,0,0,0,0,0,0,0,0,0,0,0,0,0,0,0,0,0,0,0,0,0,0,0,0,0,0,0,0,0,0,0,0,0,0,0,0,0,0,0,0,0,0,0,0,0,0,0,0,0,0,0,0,0,0,0,0,0,0,0,0,0,0,0,0,0,0,0,0,0,0,0,0,0,0,0,0,0,0,0,0,0,0,0,0,0,0,0,0,0,0,0,0,0,0,0,0,0,0,0,0,0,0,0,0,0,0,0,0,0,0,0,0,0,0,0,0,0,0,0,0,0,0,0,0,0,0,0,0,0,0,0,0,0,0,0,0,0,0,0,0,0,0,0
"ERR3416680",530,8,0,0,103,34,583,10,7,0,45,0,0,94,1492,107,166,14,169,0,0,23,283,80,0,42,54,27,3,16,5,81,0,16,17,35,109,25,0,9,9,30,254,5,0,6,7,0,34,0,18,0,24,0,15,0,164,18,13,0,0,0,14,21,0,0,5,33,0,0,0,0,5,0,26,0,0,0,0,0,61,0,0,0,0,0,211,0,17,0,0,0,0,0,0,0,0,0,0,0,0,0,0,0,0,0,0,0,0,0,5,0,0,3,8,0,0,0,13,0,0,0,0,0,0,0,0,0,0,0,0,0,0,0,0,31,0,0,0,0,0,0,0,0,20,0,0,0,0,0,0,0,0,0,0,0,6,0,0,0,0,0,0,0,0,0,0,29,0,16,0,0,0,0,7,0,0,0,0,0,0,0,20,0,0,0,0,0,0,0,0,0,0,0,0,0,0,0,0,11,0,0,0,0,0,0,0,0,0,0,0,0,0,0,0,0,0,0,0,0,0,0,0,0,0,0,0,0,0,0,0,0,0,0,0,0,0,0,0,0,0,0,0,0,0,0,0,0,0,0,0,0,0,0,0,0,0,0,0,0,0,0,0,0,0,0,0,0,0,0,0,0,0,0,0,0,0,0,0,0,0,0,0,0,0,0,0,0,0,0,0,0,0,0,0,0,0,0,24,0,0,0,0,0,0,0,0,0,0,0,0,0,0,0,0,0,0,0,0,0,0,0,0,0,0,0,0,0,0,0,0,0,0,0,0,0,0,9,0,0,0,0,0,0,0,0,0,0,0,0,0,0,0,0,0,0,0,0,0,0,0,0,0,0,15,0,0,0,0,0,0,0,0,0,0,0,0,0,0,4,0,0,0,0,0,0,0,0,0,0,0,0,0,0,0,0,0,0,0,0,0,0,0,0,0,4,0,0,0,0,0,0,0,0,0,0,0,0,0,0,0,0,3,0,0,0,0,0,0,0,0,0,0,0,0,2,2,0,0,0,0,0
"ERR3416681",1456,9,0,0,9,33,294,23,0,0,0,0,0,0,7644,17,10,25,56,0,0,19,31,3,0,0,5,0,0,0,0,0,0,23,0,0,24,126,0,0,0,0,0,0,55,0,0,0,0,0,165,0,0,0,0,0,55,0,0,0,0,0,0,0,5,0,0,0,0,0,0,0,0,0,0,208,59,0,0,0,12,0,28,0,0,0,0,0,0,0,0,0,0,0,0,0,0,0,0,0,0,0,0,63,0,0,0,0,0,0,40,0,0,0,0,19,0,17,64,0,0,0,0,20,0,0,0,0,0,0,0,0,0,0,0,0,0,0,0,0,0,0,0,0,0,0,0,0,0,0,0,0,0,0,0,0,0,0,0,0,0,0,0,0,0,0,0,0,0,0,0,0,0,0,0,0,0,0,0,0,0,0,0,0,0,0,0,0,0,0,0,0,0,0,0,0,0,0,0,0,0,0,0,0,0,0,0,16,0,3,0,0,0,0,0,0,0,0,0,0,0,0,26,0,0,0,0,0,0,0,0,0,0,0,0,0,0,0,0,0,0,0,0,0,0,0,0,0,0,0,0,0,0,0,0,0,0,0,0,0,0,0,2,0,0,0,0,0,0,0,0,0,0,0,0,0,0,0,0,0,0,0,0,0,0,0,21,0,0,0,0,0,0,0,0,0,0,0,0,0,0,0,0,0,0,0,0,0,0,0,0,0,0,0,0,0,0,0,0,0,0,0,0,0,0,0,0,0,0,0,0,0,0,0,0,0,0,0,0,0,0,0,0,0,0,0,0,0,0,0,0,0,0,0,0,0,0,0,0,0,0,0,0,0,0,0,0,0,0,0,0,0,0,15,0,0,0,0,0,0,0,0,0,0,0,0,0,0,0,0,0,0,0,0,0,0,0,0,0,0,0,0,0,0,0,0,0,0,0,0,0,0,0,0,0,0,0,0,0,0,0,0,0,0,0,0,0,0,0,0,0,0,0,0,0,0,0,0,0,0,0,0
"ERR3416682",545,0,0,8,42,36,478,9,5,0,26,0,0,28,2338,20,27,7,13,0,0,0,31,29,0,7,0,0,0,0,16,0,0,0,29,3,32,32,0,0,15,0,0,0,9,0,0,0,0,0,29,0,0,0,0,0,5,0,0,0,0,0,0,0,0,0,0,0,0,0,0,0,0,0,0,35,0,0,0,0,0,8,0,0,0,0,0,0,0,0,0,0,0,0,0,0,0,0,0,0,0,0,0,5,5,9,0,0,0,0,0,0,0,0,0,0,0,0,14,0,16,0,0,0,0,0,0,0,0,0,0,0,0,0,0,0,0,0,0,0,6,0,0,0,0,0,0,0,0,0,0,0,0,4,0,0,0,0,0,0,0,0,0,0,0,0,0,0,0,0,0,0,0,0,0,0,0,0,0,0,0,0,0,0,0,0,0,0,0,0,0,0,0,0,0,0,0,0,0,16,0,0,0,0,0,0,0,0,0,9,0,0,0,0,0,0,0,0,0,0,0,0,31,0,0,0,0,0,0,0,0,0,0,0,2,0,0,0,0,0,0,0,0,0,0,0,0,0,0,0,0,0,0,0,0,0,0,0,0,0,80,0,0,0,0,0,0,0,0,0,0,0,0,0,0,0,0,0,0,0,0,0,0,0,0,0,0,0,0,0,0,0,0,0,0,0,0,0,0,0,0,0,0,0,0,0,0,0,0,0,0,0,0,0,0,0,0,0,0,0,0,0,0,0,0,0,0,11,0,0,0,0,0,0,0,0,0,0,0,0,0,0,0,0,0,0,0,0,0,0,0,0,0,0,0,0,0,0,0,0,0,0,0,0,0,0,0,0,0,0,0,0,3,0,9,0,0,0,0,2,0,0,0,0,0,0,0,0,0,0,0,0,0,0,0,0,0,0,0,0,0,0,0,0,0,0,0,0,0,0,4,0,0,0,0,0,0,0,0,0,0,0,0,3,0,0,0,0,0,0,0,0,0,0,0,0,0,4,0,0,0,0
"ERR3416683",16240,17,0,27,6,8,747,4,0,0,1439,0,0,0,0,0,1007,0,0,0,569,0,0,30,0,0,0,0,0,0,7,0,15,612,25,0,177,626,0,0,13,0,0,0,0,0,0,0,236,0,18,0,166,0,0,0,0,0,0,0,0,91,179,88,0,0,38,0,0,0,0,0,0,0,579,0,352,0,0,0,0,0,0,562,0,0,329,0,45,0,0,0,0,0,0,0,0,0,0,0,0,0,0,41,0,0,80,0,451,0,19,0,385,0,0,10,0,0,0,0,0,0,0,0,9,0,0,0,0,40,0,0,0,0,0,0,0,0,0,0,22,0,0,0,0,0,0,0,0,0,0,0,0,5,8,0,0,0,0,0,0,0,0,0,0,43,0,0,0,0,0,0,0,0,7,0,0,0,0,229,0,0,0,0,62,0,22,0,0,0,0,0,0,109,0,0,0,0,0,0,0,0,0,0,0,0,0,0,0,0,0,0,0,0,0,0,0,0,0,0,0,0,0,0,0,0,0,0,0,0,0,0,0,0,0,0,0,0,0,0,0,0,0,27,0,0,0,0,0,0,0,0,0,0,0,0,0,0,0,0,0,75,0,0,0,0,0,0,0,0,0,0,0,0,0,0,63,0,0,0,0,0,0,0,0,0,0,0,54,0,0,0,0,0,0,0,0,0,0,0,0,0,0,2,22,0,0,0,0,0,0,0,0,0,0,0,0,0,0,0,0,0,0,0,0,0,0,0,0,0,0,0,0,0,0,0,0,0,0,0,0,0,0,0,0,0,0,0,0,0,0,0,0,0,0,0,0,0,0,0,0,0,0,0,0,0,0,0,0,0,0,0,0,0,0,0,0,0,0,0,0,0,0,0,0,0,0,0,0,0,0,0,0,0,0,0,0,0,0,0,0,0,0,0,0,0,0,0,0,0,0,0,0,0,0,0,0,0,0,0,0,0,0,0,0,0,0,0,0,0,0,0,0,0,0,0,0,0,0,0,0,0
"ERR3416684",244,0,0,0,69,0,13318,13,0,0,0,0,0,408,0,0,9,16,17,0,0,0,7,216,0,36,0,24,0,0,0,0,0,16,153,0,2112,0,0,0,216,0,0,0,158,27,0,0,903,0,287,872,271,0,792,864,0,118,0,0,0,42,318,135,0,0,169,0,0,0,789,166,0,511,1656,30,152,0,0,0,0,0,0,0,0,0,0,0,108,0,0,0,0,2,0,0,25,0,0,85,0,131,0,155,213,0,0,0,0,0,37,0,0,0,0,0,0,6,0,0,67,0,0,0,0,0,0,0,0,0,0,5,0,0,0,0,196,276,0,84,6,0,0,22,0,0,0,0,0,0,0,0,0,0,0,0,0,40,0,280,0,0,0,0,0,9,0,0,285,0,0,0,0,0,0,0,0,0,0,0,0,0,0,0,0,0,0,0,0,0,0,0,0,0,14,0,0,55,0,8,0,0,0,0,0,0,0,0,0,0,0,0,6,0,0,0,0,15,0,0,0,0,0,0,35,0,0,0,0,135,0,0,0,0,0,0,0,0,0,0,0,0,0,0,0,0,0,0,0,0,0,0,0,0,0,0,0,0,0,0,0,0,0,0,29,0,0,0,0,0,0,0,0,0,0,0,0,0,0,0,0,0,0,0,0,0,0,0,0,0,0,0,0,0,0,0,0,0,0,0,0,0,0,0,40,0,0,0,0,0,0,0,0,0,0,0,0,0,0,0,0,0,0,0,0,0,0,0,0,0,0,0,0,0,0,0,0,0,0,0,0,0,0,0,0,0,0,0,0,0,0,0,0,0,0,0,0,0,0,0,0,0,0,0,0,0,0,0,0,0,0,0,0,0,9,0,0,0,0,0,0,0,0,0,0,0,0,0,0,0,0,0,0,0,0,0,0,0,0,0,0,0,0,0,0,0,0,0,0,0,0,0,0,0,0,0,0,0,0,0,0,0,0,0,0,0,0,0,0,0,0,0,0,0,0,0,0,0,0,0,0,0
"ERR3416685",19730,11,116,368,6,0,1696,121,0,0,51,0,0,6,0,409,1805,224,0,0,0,0,1835,167,0,81,0,0,0,0,0,0,34,10,563,0,432,0,0,0,42,133,578,25,0,0,254,0,482,0,22,0,0,848,89,0,343,0,0,23,0,0,15,0,0,0,53,0,0,0,0,12,0,0,290,0,13,14,0,0,296,91,0,0,0,0,0,0,114,0,0,0,0,0,0,0,28,38,0,0,0,0,0,6,0,13,0,0,0,0,0,0,155,0,0,6,0,0,13,0,111,0,16,0,0,0,5,27,0,0,0,0,0,0,0,0,0,0,0,0,12,0,0,0,0,0,0,0,0,0,0,0,0,0,0,0,71,0,0,0,0,0,0,0,0,0,0,0,0,0,0,0,0,0,0,0,0,0,0,0,0,0,0,0,0,0,28,0,0,0,0,0,0,0,0,0,0,40,0,41,0,0,0,0,0,0,0,0,0,0,0,0,0,0,0,136,0,0,0,0,0,0,0,0,0,15,0,0,0,0,0,0,0,0,4,0,0,0,0,0,0,0,0,0,0,0,0,0,0,0,0,0,0,0,0,0,0,0,0,0,0,0,0,0,0,0,0,0,0,0,0,0,0,0,0,48,0,0,0,0,0,0,0,0,48,0,0,0,0,0,0,0,0,0,0,0,0,0,0,0,0,0,0,2,0,0,0,0,0,0,0,0,0,0,0,0,0,0,0,0,0,0,0,0,0,0,0,0,0,0,0,0,0,0,0,0,0,0,0,0,0,0,0,0,0,0,0,0,0,8,0,0,12,0,0,0,0,0,0,0,0,0,0,0,0,0,0,0,0,0,0,0,0,0,0,0,0,0,0,0,0,0,0,0,0,0,0,0,0,0,0,0,0,0,0,0,0,0,0,0,0,0,0,0,0,0,0,0,0,0,0,0,0,0,0,0,0,0,0,0,0,0,0,0,0,0,0,0,0,0,0,0,0,0,0,0,0,0,0,0,0,0
"ERR3416686",35171,7,0,0,1185,28,312,0,0,0,59,0,0,725,0,0,595,22,184,0,0,0,305,179,0,0,0,0,3,0,78,23,0,247,74,36,568,0,0,0,47,0,40,24,0,0,0,0,206,0,50,0,18,10,157,0,0,0,0,0,0,34,27,0,0,0,17,0,4,178,0,9,0,135,332,0,0,0,0,0,0,0,0,0,0,0,0,0,0,100,0,0,0,0,0,0,9,23,0,0,0,0,0,0,0,0,0,0,0,0,38,0,351,70,0,0,0,2,0,0,59,0,0,0,0,0,0,0,0,0,17,0,0,15,0,0,0,0,0,0,0,0,0,0,51,0,0,0,0,0,0,0,0,0,0,0,0,307,0,0,0,0,0,0,0,53,0,0,0,0,0,0,0,0,0,0,0,0,0,0,0,0,0,0,0,0,0,0,0,0,0,0,0,0,0,0,0,0,0,21,0,0,0,0,0,0,0,0,0,0,0,0,0,0,0,195,0,35,0,0,0,0,0,11,0,0,0,0,0,0,0,0,0,0,193,0,0,0,0,0,0,0,0,0,0,0,0,0,0,0,0,0,0,0,0,0,0,0,0,0,0,0,0,0,0,0,0,0,0,0,0,0,0,0,0,0,0,0,0,0,0,0,0,0,0,0,0,0,0,0,0,0,0,0,0,0,0,0,0,0,0,0,0,0,0,0,0,0,0,0,0,0,0,0,0,0,0,0,0,0,0,0,0,0,0,0,0,0,0,0,0,0,0,0,0,0,0,0,0,0,0,0,0,0,0,0,0,0,0,0,0,0,0,0,0,0,0,0,0,0,0,0,0,0,0,0,0,0,0,0,0,0,0,0,0,0,0,0,0,0,0,0,0,0,0,0,0,0,0,0,0,0,0,0,0,0,0,0,0,0,0,0,0,0,0,0,0,0,0,0,0,0,0,0,0,0,0,0,0,0,0,0,0,0,0,0,0,0,0,0,0,0,0,0,0,0,0,0,0,0,0,0
"ERR3416687",4376,412,0,8,7324,0,309,0,0,0,0,0,0,1217,15,0,1424,0,20,0,0,0,411,314,0,0,72,0,0,0,0,0,90,623,0,72,361,0,0,0,0,0,72,2,2,0,47,0,0,0,119,0,3,0,0,0,247,0,18,58,0,0,0,0,0,0,4,0,0,64,0,35,297,65,33,0,0,0,0,0,21,0,0,0,0,0,0,0,0,51,0,0,10,0,0,0,0,91,0,12,4,0,0,0,0,0,11,0,0,0,0,0,0,82,0,0,0,4,28,0,0,5,12,0,19,0,0,0,0,43,72,0,0,0,0,0,0,0,0,0,0,0,0,0,0,0,0,0,0,0,0,0,0,0,0,0,0,349,0,0,0,0,0,0,0,11,0,0,0,0,0,0,0,0,0,0,0,0,0,0,0,53,128,0,0,0,0,0,0,0,0,0,0,0,0,0,0,0,0,0,0,0,0,0,0,0,0,0,0,0,0,0,0,0,0,3,0,13,0,0,0,0,0,0,0,0,0,0,0,0,0,0,0,0,0,0,0,0,0,0,0,0,0,0,0,0,0,0,0,0,0,0,0,0,0,0,0,0,0,0,0,0,0,0,0,0,0,0,0,0,0,0,0,0,0,0,0,0,0,0,0,0,0,0,0,0,0,0,0,0,0,0,0,0,0,0,38,0,0,0,0,0,0,0,0,0,0,0,0,0,0,0,0,0,0,0,0,0,0,0,0,0,0,0,0,0,0,0,0,0,0,0,0,0,0,0,0,0,0,0,0,0,0,0,0,0,0,0,0,0,0,0,0,0,0,0,0,0,0,0,0,0,0,0,0,0,0,0,0,0,0,0,0,0,0,0,0,0,0,0,0,0,0,0,0,0,0,0,0,0,0,0,0,0,0,0,0,0,0,0,0,0,0,0,0,0,0,0,0,0,0,0,0,0,0,0,0,0,0,0,0,0,0,0,0,0,0,0,0,0,0,0,0,0,0,0,0,0,0,0,0,0
"ERR3416688",11191,412,0,0,4252,0,280,0,0,0,0,0,0,3314,0,6,2043,0,13,0,0,0,151,413,0,0,40,0,0,0,9,0,63,378,5,248,200,0,0,0,0,0,29,0,0,3,127,0,0,0,114,0,96,0,0,0,129,11,18,820,0,0,0,0,0,0,38,0,0,36,0,105,292,407,231,20,0,0,0,0,85,0,0,0,0,0,0,0,0,31,0,0,0,0,0,0,0,156,0,104,25,0,0,0,90,0,0,0,0,0,0,0,0,167,0,0,0,0,57,0,0,28,90,0,0,0,0,0,0,153,77,0,0,0,0,0,0,0,0,9,0,0,0,0,0,0,3,0,0,4,0,0,0,12,0,0,0,809,0,0,0,0,0,0,0,21,0,0,0,0,0,0,30,0,0,0,0,0,0,0,0,247,0,0,0,0,0,0,0,0,0,0,0,0,0,0,0,0,0,11,0,0,0,0,0,0,0,0,0,0,0,0,0,0,0,0,0,152,0,0,0,0,0,0,0,0,0,0,0,0,0,0,0,0,28,0,0,0,0,0,0,0,0,0,0,0,0,0,0,0,0,0,0,0,0,0,0,0,0,0,0,3,0,0,0,0,0,0,0,0,0,0,0,0,0,0,0,0,0,0,0,0,0,0,0,0,0,0,0,0,0,0,0,0,0,0,0,0,0,0,0,0,0,0,0,0,0,0,0,0,0,0,0,0,0,0,0,0,0,0,0,0,0,0,0,0,0,0,0,0,0,0,0,0,0,0,0,0,0,0,0,0,0,0,0,0,0,0,0,0,0,0,0,0,0,0,0,0,0,0,0,0,0,0,0,0,0,0,0,0,0,0,0,0,0,0,0,0,0,0,0,0,0,0,0,0,0,0,0,0,0,0,0,0,0,0,0,0,0,0,0,0,0,0,0,0,0,0,0,0,0,0,0,0,0,0,0,0,0,0,0,0,0,0,0,0,0,0,0,0,0,0,0,0,0,0,0,0,0,0,0,0
"ERR3416689",17925,361,0,0,0,0,15,0,0,0,0,0,0,0,0,0,6,171,0,0,0,0,0,10,0,0,31,0,0,0,0,0,6,471,0,0,0,0,0,0,0,0,0,0,0,0,0,0,6,0,41,0,9,0,0,0,0,0,0,0,0,42,10,0,0,0,23,0,0,0,0,0,0,0,0,0,0,0,0,0,0,0,0,0,0,0,0,0,0,0,0,0,0,0,0,0,0,0,0,0,0,0,0,0,0,0,0,0,0,0,0,0,99,0,0,0,0,0,0,0,0,0,0,0,0,0,0,0,0,0,0,0,0,0,0,0,0,0,0,0,0,0,0,0,0,0,0,0,0,0,0,0,0,0,0,0,0,8,0,0,0,0,0,0,0,12,0,0,0,0,0,0,0,0,0,0,0,0,0,0,0,0,0,0,0,0,0,0,0,0,0,0,0,0,0,0,0,0,0,0,0,0,0,0,0,0,0,15,0,0,0,0,0,39,0,16,0,9,0,0,0,0,0,0,0,0,0,0,0,0,0,0,0,0,0,0,0,0,0,0,0,0,0,0,0,0,0,0,0,0,0,0,0,0,0,0,0,0,0,27,0,0,0,0,0,0,0,0,0,0,0,0,0,0,0,0,0,0,0,0,0,0,0,0,0,0,0,0,0,0,0,0,0,0,0,0,0,0,0,0,0,0,0,0,0,0,0,0,0,0,0,0,0,0,0,0,0,0,0,0,0,0,0,0,0,0,0,0,0,0,0,0,0,0,0,0,0,0,0,0,0,0,0,0,0,0,0,0,0,0,0,0,0,0,0,0,0,0,0,0,0,0,0,0,0,0,0,0,0,0,0,0,0,0,0,0,0,0,0,0,0,0,0,0,0,0,0,0,0,0,0,0,0,0,0,0,0,0,0,0,0,0,0,0,0,0,0,0,0,0,0,0,0,0,0,0,0,0,0,0,0,0,0,0,0,0,0,0,0,0,0,0,0,0,0,0,0,0,0,0,0,0
"ERR3416690",888,0,0,495,1553,5,1335,0,0,0,15,0,4,24,0,455,3524,137,1667,0,0,843,1095,120,0,91,0,0,0,0,76,496,208,6,74,292,1783,0,0,0,296,139,517,0,0,9,46,0,109,0,51,0,45,0,76,0,46,0,356,5,0,17,13,0,0,0,51,0,0,0,0,34,0,0,159,0,0,0,3,0,0,140,0,0,0,0,0,0,52,0,0,0,0,0,0,0,0,22,0,228,0,19,0,64,0,0,0,0,0,0,89,0,31,0,284,0,0,0,0,0,6,0,9,0,171,0,0,0,0,17,0,0,0,0,0,0,0,0,0,4,0,0,0,0,0,0,0,0,0,0,0,0,62,0,0,0,0,51,0,0,0,13,0,0,0,0,13,0,0,0,0,0,0,0,0,0,0,0,0,0,0,0,0,0,0,0,0,0,0,0,0,0,0,0,0,0,0,0,0,0,0,0,0,0,0,0,0,0,0,0,0,0,0,0,0,0,0,0,0,0,0,0,0,0,0,34,0,0,0,0,0,0,0,0,0,0,0,0,0,0,0,0,0,0,0,0,0,0,0,0,0,0,0,0,0,0,0,0,0,0,0,0,0,0,0,0,0,0,0,0,0,0,0,0,0,0,0,0,0,0,0,0,0,0,0,0,0,0,0,0,0,0,0,0,0,0,0,0,0,0,0,0,0,0,0,0,0,0,0,0,0,0,0,0,0,0,0,0,0,0,0,0,0,0,0,0,0,0,0,0,0,0,0,0,0,0,0,0,0,0,0,0,0,0,0,0,0,0,0,0,0,0,0,0,0,0,0,0,0,0,0,0,0,0,0,0,0,0,0,0,0,0,0,0,0,0,0,0,0,0,0,0,0,0,0,0,0,0,0,0,0,0,0,0,0,0,0,0,0,0,0,0,0,0,0,0,0,0,0,0,0,0,0,0,0,0,0,0,0,0,0,0,0,0,0,0,0,0,0,0,0,0,0,0,0,0,0,0,0,0,0,0
"ERR3416691",2808,0,0,3,4,0,2562,0,149,0,0,0,0,44,0,0,527,12,2821,0,0,0,158,85,0,84,0,0,0,0,235,77,0,0,0,335,838,0,98,0,0,10,119,68,0,13,0,0,0,0,0,0,155,0,25,0,57,0,248,0,0,0,14,0,0,0,46,0,0,0,0,0,60,155,0,0,0,0,0,0,0,0,0,0,0,0,0,0,2,55,0,0,0,0,70,0,0,0,0,17,0,0,0,85,0,0,0,0,0,0,0,0,38,0,0,0,0,0,0,0,8,0,10,0,0,0,0,11,0,8,0,0,0,0,0,0,0,0,0,17,0,0,0,0,0,0,0,0,0,0,0,109,0,0,0,0,3,0,0,0,0,0,0,0,0,0,0,0,0,0,0,5,0,0,0,0,0,0,0,0,0,0,0,0,0,0,0,0,0,0,0,0,0,0,0,0,0,0,0,35,0,0,0,0,0,0,0,0,0,0,0,0,0,0,0,132,0,0,0,0,0,0,0,0,0,0,0,0,0,0,0,0,0,0,0,0,0,0,0,0,0,0,0,0,0,0,0,0,0,0,0,0,0,0,0,0,0,0,12,0,0,0,0,0,0,0,0,0,0,0,0,0,0,0,0,0,0,0,0,0,0,0,0,0,0,0,0,0,0,0,0,0,0,0,0,0,0,0,0,0,0,0,0,0,0,0,0,0,0,0,0,0,0,0,0,0,0,0,0,0,0,0,0,0,0,0,0,0,0,0,0,0,0,0,0,0,0,0,0,0,0,0,0,0,0,0,0,0,0,0,0,0,0,0,0,0,0,0,0,0,0,0,0,0,0,0,0,0,0,0,0,0,0,0,0,0,0,0,0,0,0,0,0,0,0,0,0,0,0,0,0,0,0,0,4,0,0,0,0,0,0,0,0,0,0,0,0,0,0,0,0,0,0,0,0,0,0,0,0,0,0,0,0,0,0,0,0,0,0,0,0,0,0,0,0,0,0,0,0,0,0,0
"ERR3416693",329,54,0,44,2174,0,480,0,15,0,161,0,0,1083,9,734,3097,0,1161,0,24,149,490,181,7,333,0,0,0,0,0,893,8,15,45,153,2077,0,0,0,1258,0,573,0,0,78,0,0,11,0,764,1088,390,0,65,270,466,292,368,0,0,245,103,0,0,0,55,0,0,0,112,780,36,0,21,292,27,0,431,0,182,1626,0,0,0,0,0,0,8,71,0,0,0,0,20,0,33,165,0,190,0,0,0,47,455,0,0,0,0,0,1065,0,0,135,16,0,0,37,18,0,0,0,0,7,12,0,0,0,0,19,4,0,0,0,0,0,332,0,0,0,0,0,0,0,0,0,31,15,0,6,0,0,130,33,0,0,0,758,0,0,0,0,263,0,12,0,0,0,0,0,0,109,0,0,133,0,0,0,0,0,0,0,0,0,0,0,0,0,0,0,0,0,0,0,0,0,0,0,0,22,0,0,0,0,0,4,0,0,0,0,0,0,164,0,0,0,0,0,0,0,0,0,0,0,0,128,0,0,0,0,0,0,0,0,15,0,0,79,5,0,0,0,0,0,49,0,0,0,0,0,0,0,0,0,0,0,0,0,0,0,0,0,0,38,36,0,0,0,0,0,0,0,0,0,0,0,0,0,0,0,0,0,0,0,0,0,0,0,0,0,0,0,0,0,0,0,0,0,0,0,0,0,0,0,0,0,0,0,0,0,0,0,0,0,0,0,0,0,0,0,0,0,0,0,0,0,0,0,0,0,0,0,0,0,0,0,0,0,0,0,0,0,0,0,0,0,0,0,0,0,0,0,0,0,0,0,0,0,0,0,0,0,0,0,0,10,0,0,0,0,0,0,0,0,0,0,0,0,0,0,0,0,0,0,0,0,0,0,0,0,0,0,0,0,0,0,0,0,0,0,0,0,0,0,0,0,0,0,0,0,0,0,0,0,0,0,0,0,0,0,0,0,0,0,0,0,0,0,0,0,0,0,0,0,0,0,0,0,0,0,0,0
"ERR3416694",260,66,0,0,19914,0,1335,0,0,3,0,0,0,348,7,0,1484,0,0,0,0,0,370,17,0,0,0,28,0,0,0,39,0,15,42,0,812,53,0,0,75,449,1411,0,33,33,0,0,7,0,178,0,128,0,11,0,386,26,4,142,0,42,15,10,0,0,41,0,0,0,0,78,0,168,0,34,0,0,0,0,812,0,86,0,0,0,825,0,0,77,0,0,0,0,0,0,0,0,0,0,0,0,0,0,0,0,0,0,0,0,55,0,0,154,0,0,0,0,0,0,0,98,93,0,16,0,0,0,0,0,0,0,0,0,0,0,0,0,0,0,0,0,0,0,0,0,0,0,0,0,0,0,0,8,0,0,0,0,0,0,0,0,0,0,0,2,0,0,0,0,0,0,0,0,0,0,0,0,0,0,0,0,0,0,0,0,0,0,0,0,0,0,0,0,0,0,0,0,0,0,0,0,0,0,0,0,0,0,0,0,0,0,0,0,0,0,0,0,0,0,0,0,0,0,0,3,0,0,0,0,0,0,0,0,0,0,0,0,0,0,0,0,0,0,0,0,0,0,0,0,0,0,0,0,0,0,0,0,0,0,0,0,0,0,0,0,0,0,0,0,0,0,0,0,0,0,0,0,0,0,0,0,0,0,0,0,0,0,0,0,0,0,0,0,0,0,0,0,0,0,0,0,0,0,0,0,0,0,0,0,0,0,0,0,0,0,0,0,0,0,0,0,0,0,0,0,0,0,0,0,0,0,0,0,0,0,0,0,0,0,0,0,0,0,0,0,0,0,0,0,0,0,0,0,0,0,0,0,0,0,0,0,0,0,0,0,0,0,0,0,0,0,0,0,0,0,0,0,0,0,0,0,0,0,0,0,0,0,0,0,0,0,0,0,0,0,0,0,0,0,0,0,0,0,0,0,0,0,0,0,0,0,0,0,0,0,0,0,0,0,0,0,0,0,0,0,0,0,0,0,0,0,0,0,0,0,0,0,0,0,0,0
"ERR3416695",55,0,0,0,1314,0,16358,3,0,0,0,0,0,95,0,0,124,0,0,0,0,0,0,132,0,0,0,26,0,0,0,0,0,348,54,0,1510,176,0,0,769,0,0,0,58,5,0,0,110,0,442,10,45,0,75,0,11,115,6,0,0,0,50,0,0,0,22,0,0,0,0,0,0,507,0,0,0,0,0,0,6,0,586,0,0,0,102,0,64,0,0,0,0,0,0,0,0,0,0,0,0,0,0,0,115,0,0,0,0,0,146,0,0,449,0,0,0,0,0,0,0,741,232,0,0,0,0,0,0,0,0,0,0,0,0,0,0,95,0,0,0,0,0,0,0,0,0,0,0,0,0,0,0,0,0,0,0,0,0,0,0,0,0,0,0,0,0,0,0,0,0,0,0,0,0,0,0,0,0,0,0,0,0,0,0,0,0,0,0,0,0,0,0,0,0,0,0,0,187,0,0,0,0,0,0,0,0,0,0,0,0,0,0,0,0,0,0,0,0,0,0,0,0,0,0,0,0,0,0,0,0,0,0,0,0,0,0,0,0,0,0,0,0,0,0,0,0,0,9,0,0,0,0,0,0,0,0,0,15,10,0,0,0,0,0,0,0,0,0,0,0,0,0,0,0,0,0,0,0,0,0,0,0,0,0,7,0,0,0,0,0,0,0,0,0,0,0,0,0,0,0,0,0,0,0,0,0,0,0,0,0,0,0,0,0,0,0,0,0,0,0,0,0,0,0,0,0,0,0,0,0,0,0,0,0,0,0,0,0,0,0,0,0,0,0,0,0,0,0,0,0,0,0,0,0,0,0,0,0,0,0,0,0,0,0,0,0,0,0,0,0,0,0,0,0,0,0,0,0,0,0,0,0,0,0,0,0,0,0,0,0,0,0,0,0,0,0,0,0,0,0,0,0,0,0,0,0,0,0,0,0,0,0,0,0,0,0,0,0,0,0,0,0,0,0,0,0,0,0,0,0,0,0,0,0,0,0,0,0,0,0,0
"ERR3416696",25,121,0,0,5236,0,986,0,0,0,14,0,0,898,0,3243,1433,0,1059,0,0,324,1811,321,3210,0,0,0,0,0,0,23,0,0,39,198,244,40,0,0,15,445,350,0,0,55,0,0,73,0,0,0,0,69,35,0,434,0,90,0,0,0,0,4,0,0,39,0,0,0,0,0,753,0,116,0,0,0,0,0,216,0,0,0,0,9,0,0,0,0,0,0,0,0,0,0,0,62,0,0,657,0,0,0,0,0,0,0,0,0,0,0,0,0,429,4,0,0,0,0,85,0,0,0,28,0,0,0,12,0,0,0,0,0,0,0,0,0,0,6,0,0,0,0,0,0,0,0,0,0,0,0,0,0,0,0,0,0,0,0,0,0,0,16,0,0,0,29,0,0,0,59,0,9,0,0,0,0,0,0,0,0,12,0,0,0,0,0,22,0,0,0,0,0,0,0,0,0,0,6,0,0,0,0,0,0,0,0,0,0,0,0,0,0,0,0,0,0,0,0,0,0,0,0,0,0,0,0,0,0,0,0,0,0,6,0,0,0,0,0,0,0,0,0,0,0,0,0,0,0,0,0,0,0,0,0,0,0,0,0,0,0,0,0,0,0,0,0,0,0,0,0,0,0,0,0,0,0,0,0,0,0,0,0,0,0,0,0,0,0,0,0,0,0,0,0,0,0,0,0,0,0,0,0,0,0,0,0,0,0,0,0,0,0,0,0,0,0,0,0,0,0,0,0,0,0,0,0,0,0,0,0,0,0,0,0,0,0,0,0,0,0,0,0,0,0,0,0,0,0,0,0,0,0,0,0,0,0,0,0,0,0,0,0,0,0,0,0,0,0,0,0,0,0,0,0,0,0,0,0,0,0,0,0,0,0,0,0,0,0,0,0,0,0,0,0,0,0,0,0,0,0,0,0,0,0,0,0,0,0,0,0,0,0,0,0,0,0,0,0,0,0,0,0,0,0,0,0,0,0,0,0,0,0,0,0,0,0,0,0,0,0
"ERR3416697",230,0,0,25,1196,2,233,0,44,0,154,0,0,290,0,7661,15,0,1125,0,0,965,299,46,0,72,0,0,0,0,53,1217,40,0,92,8,828,0,0,309,54,434,414,0,0,0,0,0,0,0,9,0,88,0,24,0,118,0,228,0,0,0,0,0,0,0,0,0,0,0,0,0,122,0,23,0,0,0,0,0,10,0,0,0,0,0,0,0,24,184,0,0,0,0,0,0,0,0,0,0,0,0,0,0,0,0,0,0,0,0,0,0,39,0,12,0,0,0,0,0,39,0,0,0,20,0,0,0,0,0,0,0,0,0,0,0,0,0,0,0,0,0,0,0,8,45,0,0,0,0,0,0,0,0,0,0,17,0,32,0,0,0,0,0,0,0,0,0,0,0,0,34,0,0,0,0,0,0,0,0,0,0,0,0,0,0,0,0,0,0,0,0,0,0,0,0,0,0,0,13,0,0,0,0,0,0,0,0,0,0,0,0,0,0,0,0,0,0,0,0,0,0,0,0,0,0,0,0,0,0,0,0,0,0,0,0,0,0,0,0,0,0,0,0,0,0,0,0,0,0,0,0,0,0,0,0,0,0,0,0,0,0,0,0,0,0,0,0,0,0,0,0,0,0,0,0,0,0,0,0,0,0,0,0,0,0,0,0,0,0,0,0,0,0,0,0,0,0,0,0,0,0,0,0,0,0,0,0,0,0,0,0,0,0,0,0,0,0,0,0,0,0,0,0,0,0,0,0,0,0,0,0,0,0,0,0,0,0,0,0,0,0,0,0,0,0,0,25,0,0,0,0,0,0,0,0,0,0,0,0,0,0,0,0,0,0,0,0,0,0,0,0,0,0,0,0,0,0,0,0,0,0,0,0,0,0,0,0,0,0,0,0,0,0,0,0,0,0,0,0,0,0,0,0,0,0,0,0,0,0,0,0,0,0,0,0,0,0,0,0,0,0,0,0,0,0,0,0,0,0,0,0,0,0,0,0,0,0,0,0,0,0
"ERR3416698",6795,0,0,0,1498,0,4967,0,0,0,16,0,0,234,20,379,87,0,1592,0,0,0,537,290,0,34,188,0,0,0,0,0,0,56,17,0,724,33,0,16,0,11,63,40,5,14,5,0,146,0,251,244,0,341,151,132,60,0,66,0,0,67,0,69,0,0,223,0,0,0,0,0,0,0,41,0,646,0,0,0,8,0,0,0,0,0,0,0,0,54,0,0,0,0,0,0,0,11,0,42,0,0,0,0,102,0,0,0,0,0,0,0,347,0,0,0,0,0,0,0,175,28,88,0,0,0,0,0,0,0,0,0,0,0,0,0,0,0,0,0,0,0,0,0,0,0,39,0,0,0,0,0,30,0,0,0,0,0,0,20,0,0,0,0,0,0,0,0,0,0,0,0,0,0,0,0,0,0,0,0,0,0,0,0,0,0,0,0,0,0,0,0,0,0,0,0,0,0,0,32,0,0,0,0,0,0,0,0,0,0,0,0,0,0,0,113,0,0,0,0,0,0,0,0,0,0,0,0,0,0,0,0,0,0,0,0,0,0,0,0,0,0,0,0,0,0,0,0,0,0,0,0,0,0,0,0,0,2,0,4,0,11,0,0,0,0,0,0,0,0,0,0,0,0,0,0,0,0,0,0,0,0,0,0,0,0,0,0,0,0,0,0,0,0,0,0,0,0,0,0,0,0,0,0,0,0,0,0,0,0,0,0,0,0,0,0,0,0,0,0,0,0,0,0,0,0,0,0,0,0,0,0,0,0,0,0,0,0,0,0,0,0,0,0,0,0,0,0,0,0,0,0,0,0,0,0,0,0,0,0,0,0,0,0,0,0,0,0,0,0,0,0,0,0,0,0,0,0,0,0,0,0,0,0,0,0,0,0,0,0,0,0,0,0,0,0,0,0,0,0,0,0,0,0,0,0,0,0,0,0,0,0,0,0,0,0,0,0,0,0,0,0,0,0,0,0,0,0,0,0,0,0,0,0,0,0,0,0,0,0,0,0
"ERR3416699",92,0,22,0,8970,9,24,0,0,0,82,0,0,419,0,628,1509,0,2597,0,0,11,525,7,0,26,2,0,0,14,81,978,0,0,0,156,1042,0,0,23,93,0,388,0,0,0,0,0,10,0,0,0,24,408,56,14,171,0,146,18,0,0,16,0,0,0,0,0,7,0,0,8,124,0,0,0,0,0,0,0,179,110,0,0,0,0,0,0,3,133,0,0,0,0,0,0,0,0,10,0,0,6,0,0,0,0,0,0,0,0,19,0,0,0,0,0,0,7,0,0,46,0,0,0,118,0,0,0,0,0,0,0,31,0,0,57,0,0,20,0,0,0,0,0,95,0,0,0,0,0,0,0,39,0,0,0,0,0,0,0,0,6,0,0,0,0,0,0,0,0,0,25,0,0,0,0,0,0,0,0,0,0,0,0,0,0,0,0,0,0,0,0,0,0,0,0,0,0,0,0,9,0,0,0,0,19,0,0,0,0,0,0,0,0,0,0,0,0,0,0,0,14,0,0,0,0,0,0,0,0,0,0,0,0,0,0,0,0,0,0,0,0,0,0,0,0,0,0,0,0,0,0,0,0,0,0,0,0,0,0,0,0,0,0,0,0,0,0,0,0,0,0,0,0,0,0,0,0,0,0,0,0,0,0,0,0,0,0,0,0,0,0,0,0,0,0,0,0,0,0,0,0,0,0,0,0,0,0,0,0,0,0,0,0,0,0,0,0,0,0,0,0,0,0,0,0,0,0,0,0,0,0,0,0,0,0,0,0,0,0,0,0,0,0,0,0,0,0,0,0,0,0,0,0,0,0,0,0,0,0,0,0,0,0,0,0,18,0,0,0,0,0,0,0,0,0,0,0,0,0,0,0,0,0,0,0,0,0,0,0,0,0,0,0,0,0,0,0,0,0,0,0,0,0,0,0,0,0,0,0,0,0,0,0,0,0,0,0,0,0,0,0,0,0,0,0,0,0,0,0,0,0,0,0,0,0,0,0,0,0,0,0
"ERR3416700",19185,296,0,0,6,0,1431,0,2,0,0,0,0,16,10,5,4063,23,282,0,0,1659,1057,598,0,16,8,0,6,0,74,487,91,0,78,464,262,0,0,0,471,235,1072,0,15,39,0,0,33,30,130,0,0,528,67,0,32,0,5,14,0,0,0,0,0,0,156,33,0,0,0,40,0,42,0,32,15,0,0,0,153,54,0,0,0,0,0,0,0,261,0,0,0,0,0,0,0,128,0,0,0,0,0,0,24,0,0,0,0,0,41,0,286,0,468,10,0,401,0,0,0,0,0,0,46,0,0,0,0,0,0,0,0,0,0,0,0,0,0,0,0,0,0,0,0,0,0,0,0,0,0,0,0,0,0,0,6,275,0,0,0,0,0,0,0,0,0,25,0,0,0,14,0,0,0,0,0,0,0,0,0,0,0,0,0,0,0,0,0,0,0,0,0,0,0,0,0,0,0,13,0,0,0,0,0,0,0,0,0,0,0,0,0,0,0,127,0,0,0,0,0,0,0,0,0,0,0,0,0,0,0,0,0,0,119,0,0,0,0,0,0,0,0,0,0,0,0,0,0,0,0,0,0,0,0,0,0,0,0,0,0,0,0,0,0,0,0,0,0,0,0,0,0,0,0,0,0,0,0,0,0,0,0,0,0,0,0,0,0,0,0,0,0,0,0,0,3,0,0,0,0,0,0,0,0,0,0,0,0,0,0,0,0,0,0,0,0,0,0,0,0,0,0,0,0,0,0,0,0,0,0,0,0,0,0,0,0,0,0,0,0,0,0,0,0,0,0,0,13,0,0,0,0,0,0,0,0,0,0,0,0,0,0,0,0,0,0,0,0,0,0,0,0,0,0,0,0,0,0,0,0,0,0,0,0,0,0,0,0,0,0,0,0,0,0,0,0,0,0,0,0,0,0,0,0,0,0,0,0,0,0,0,0,0,0,0,0,0,0,0,0,0,0,0,0,0,0,0,0,0,0,0,0,0,0,0,0,0,0,0,0,0
"ERR3416701",919,20,0,0,353,4,1211,0,0,0,0,0,0,547,13,15,10002,0,10,0,0,1488,787,1094,0,0,0,0,69,0,0,0,68,0,42,1022,225,87,0,0,28,71,606,0,0,0,0,0,0,0,5,0,0,309,0,0,339,0,42,0,0,0,6,38,0,0,42,0,0,0,0,0,0,60,5,341,0,0,0,0,227,0,10,0,0,0,0,0,0,86,0,0,9,0,0,0,0,16,0,0,117,6,0,0,0,0,0,0,0,0,0,0,0,0,100,11,0,341,10,0,0,0,0,0,79,0,0,0,0,0,0,0,0,0,0,0,0,0,0,0,0,0,0,10,0,0,0,0,0,0,0,3,0,0,0,0,0,59,0,0,0,0,0,0,0,0,0,0,0,0,0,114,0,0,0,0,0,0,0,0,0,0,0,0,0,0,0,0,0,0,0,0,0,0,0,0,0,0,0,0,0,0,0,0,0,0,0,0,0,0,0,0,0,0,0,0,0,0,0,0,0,0,0,0,0,0,0,0,0,0,0,0,0,0,30,0,0,0,0,0,0,0,0,0,0,0,0,0,0,0,0,0,0,0,0,0,0,0,0,0,0,0,0,0,0,0,0,0,0,0,0,0,0,0,0,0,0,0,0,0,0,0,0,0,0,0,0,0,0,0,0,0,0,0,0,0,7,0,0,0,0,0,0,0,0,0,0,0,0,0,0,0,0,0,0,0,0,0,0,0,0,0,0,0,0,0,0,0,0,0,0,0,0,0,0,0,0,0,0,0,0,0,0,0,0,0,0,0,0,0,0,0,0,0,0,0,0,0,0,0,0,0,0,0,0,0,0,0,0,0,0,0,0,0,0,0,0,0,0,0,0,0,0,0,0,0,0,0,0,0,0,0,0,0,0,0,0,0,0,0,0,0,0,0,0,0,0,0,0,0,0,0,0,0,0,0,0,0,0,0,0,0,0,0,0,0,0,0,0,0,0,0,0,0,0,0,0,0,0,0,0,0
"ERR3416702",3242,206,3,0,297,37,2141,0,0,0,17,0,0,448,41,0,7022,0,232,0,0,6307,1361,1239,0,0,0,0,0,0,19,0,128,0,98,2104,362,239,0,0,0,192,902,0,12,3,25,0,62,0,0,0,0,654,12,0,677,13,70,4,0,0,7,196,0,0,120,11,0,0,0,0,0,121,0,498,0,0,0,0,485,0,0,0,0,0,0,0,0,19,0,0,0,0,0,0,0,237,0,0,754,15,0,0,0,0,0,0,0,0,0,0,3,0,590,23,0,470,27,0,0,0,0,0,187,0,0,0,0,0,3,0,0,0,0,0,0,0,0,0,0,0,0,0,0,0,0,0,12,0,0,0,0,0,0,0,0,429,0,0,0,0,0,0,0,0,0,110,0,0,0,418,0,0,0,0,0,0,0,0,0,0,0,0,0,0,0,0,0,0,0,0,0,0,0,0,0,0,0,9,0,0,0,0,0,0,0,0,0,0,0,0,0,0,0,8,0,0,0,0,0,0,0,2,0,0,0,0,0,0,0,0,0,0,152,0,0,0,0,0,0,0,0,0,0,0,0,0,0,0,0,0,0,0,0,0,0,0,0,0,0,0,0,0,0,0,0,0,0,0,0,0,0,0,0,0,0,0,0,0,0,0,0,0,0,0,0,0,0,0,0,0,0,0,0,0,19,0,0,0,0,0,0,0,0,0,0,0,0,0,0,0,0,0,0,0,0,0,0,0,0,0,0,0,0,0,0,0,0,0,0,0,0,0,0,0,0,0,0,0,0,0,0,0,0,0,0,0,0,0,0,0,0,0,0,0,0,0,0,0,0,0,0,0,0,0,0,0,0,0,0,0,0,0,0,0,0,0,0,0,0,0,0,0,0,0,0,0,0,0,0,0,0,0,0,0,0,0,0,0,0,0,0,0,0,0,0,0,0,0,0,0,0,0,0,0,0,0,0,0,0,0,0,0,0,0,0,0,0,0,0,0,0,0,0,0,0,0,0,0,0,0
"ERR3416703",37,605,0,0,0,0,172,0,0,0,0,0,0,0,0,0,0,0,0,0,0,0,5,2053,0,0,0,0,178,0,0,0,0,0,10,15,0,0,0,0,24,0,0,0,0,0,0,0,0,0,0,0,0,0,0,0,0,0,0,0,0,0,8,0,0,0,0,0,0,0,0,0,0,0,3,0,0,0,7,0,0,0,0,0,0,0,0,0,0,0,0,0,0,0,0,0,0,0,0,0,0,0,0,0,0,0,0,0,0,0,0,0,0,0,0,0,0,0,7,0,0,0,0,0,0,0,0,0,0,0,0,0,0,0,0,0,0,0,0,0,0,0,0,15,0,0,0,0,0,0,0,0,0,0,0,0,0,0,0,0,0,0,0,0,0,0,0,0,0,0,0,0,0,0,5,0,0,0,0,0,0,0,0,0,0,0,0,0,0,0,0,0,0,0,0,0,0,0,0,0,0,0,0,0,0,0,0,0,0,0,0,0,0,0,0,0,0,0,0,0,0,0,0,0,0,0,0,0,0,0,0,0,0,0,0,0,0,0,0,0,0,0,0,0,0,0,0,0,0,0,0,0,0,0,0,0,0,0,0,0,0,0,0,0,0,0,0,0,0,0,0,0,0,0,0,0,0,0,0,0,0,0,0,0,0,0,0,0,0,0,0,0,0,0,0,0,0,0,0,0,0,0,0,0,0,0,0,0,0,0,0,0,0,0,0,0,0,0,0,0,0,0,0,0,0,0,0,0,0,0,0,0,0,0,0,0,0,0,0,0,0,0,0,0,0,0,0,0,0,0,0,0,0,0,0,0,0,0,0,0,0,0,0,0,0,0,0,0,0,0,0,0,0,0,0,0,0,0,0,0,0,0,0,0,0,0,0,0,0,0,0,0,0,0,0,0,0,0,0,0,0,0,0,0,0,0,0,0,0,0,0,0,0,0,0,0,0,0,0,0,0,0,0,0,0,0,0,0,0,0,0,0,0,0,0,0,0,0,0,0,0,0
"ERR3416704",50,0,0,0,148,0,334,0,0,0,0,0,0,186,0,0,2324,0,794,0,0,335,12610,62,0,0,0,0,0,0,0,0,5,0,68,5,0,26,0,0,0,55,159,0,4,427,112,0,40,0,0,0,0,768,0,0,146,0,0,0,0,0,0,0,0,0,176,0,0,0,0,0,0,0,0,282,0,0,0,0,198,0,0,0,0,0,0,0,0,0,0,0,0,0,0,0,0,38,0,0,868,10,0,0,0,0,0,0,0,0,0,0,0,0,52,0,0,0,23,0,0,0,0,0,38,0,0,0,0,0,0,0,0,0,0,0,0,0,0,0,0,0,0,0,0,0,42,0,0,0,0,0,0,0,0,0,0,77,0,0,0,0,0,0,0,0,0,0,0,0,0,149,0,0,0,0,0,0,0,0,0,0,0,0,0,0,0,0,0,0,0,0,0,0,0,0,0,0,0,0,0,0,0,0,0,0,0,0,0,0,0,0,0,0,0,0,0,0,0,0,0,0,0,0,0,0,0,0,0,0,0,0,0,0,0,0,0,0,0,0,0,0,0,0,0,0,0,0,0,0,0,0,0,0,0,0,0,0,0,0,0,0,0,0,0,0,0,0,0,0,0,0,0,0,0,0,0,0,0,0,0,0,0,0,0,0,0,0,0,0,0,0,0,0,0,0,0,0,0,0,0,0,0,0,0,0,0,0,0,0,0,0,0,0,0,0,0,0,0,0,0,0,0,0,0,0,0,0,0,0,0,0,0,0,0,0,0,0,0,0,0,0,0,0,0,0,0,0,0,0,0,0,0,0,0,0,0,0,0,0,0,0,0,0,0,0,0,0,0,0,0,0,0,0,0,0,0,0,0,0,0,0,0,0,0,0,0,0,0,0,0,0,0,0,0,0,0,0,0,0,0,0,0,0,0,0,0,0,0,0,0,0,0,0,0,0,0,0,0,0,0,0,0,0,0,0,0,0,0,0,0,0,0,0,0,0,0,0,0,0,0,0
"ERR3416705",320,0,3,1316,741,0,6039,0,0,0,0,0,0,257,0,4201,606,0,1392,0,0,242,996,226,0,179,47,0,0,0,0,0,224,203,100,56,417,0,0,11,4,57,540,39,0,7,63,0,307,0,42,0,42,963,89,0,25,6,87,0,0,0,0,0,0,0,23,0,0,0,0,0,0,43,0,0,0,16,0,0,16,0,0,0,0,0,0,0,2,81,0,0,0,0,0,0,0,137,0,0,13,0,0,0,0,25,8,0,0,0,0,0,31,220,0,0,0,0,0,0,114,0,0,0,33,0,0,0,0,0,0,0,0,0,0,27,0,0,0,41,0,0,0,0,0,0,0,147,0,0,0,0,0,0,0,0,0,0,0,0,0,0,0,0,0,0,0,0,0,0,0,0,0,0,0,0,0,0,0,0,0,0,0,0,0,0,0,0,0,0,0,0,0,0,0,0,0,0,0,16,0,0,0,0,0,0,0,0,0,0,0,0,0,0,0,0,0,0,0,0,0,0,0,0,0,0,0,0,0,0,0,0,0,0,3,0,0,0,0,0,0,0,0,0,0,0,0,0,0,0,0,0,0,0,0,0,0,0,0,0,0,0,0,0,0,0,0,0,0,0,0,0,0,0,0,0,0,0,0,0,0,0,0,0,0,0,0,0,0,0,0,0,0,0,0,0,0,0,0,0,0,0,0,0,0,0,0,0,0,0,0,0,0,0,0,0,0,0,0,0,0,0,0,0,0,0,0,0,0,0,0,0,0,0,0,0,0,0,0,0,0,0,0,0,0,0,0,0,0,0,0,0,0,0,0,0,0,0,0,0,0,0,0,0,0,0,0,0,0,0,0,0,0,0,0,0,0,0,0,0,0,0,0,0,0,0,0,0,0,0,0,0,0,0,0,0,0,0,0,0,0,0,0,0,0,0,0,0,0,0,0,0,0,0,0,0,0,0,0,0,0,0,0,0,0,0,0,0,0,0,0,0,0,0,0,0,0,0,0,0,0,0
"ERR3416706",1392,0,0,625,385,0,17588,0,0,0,0,0,0,201,0,503,3532,0,684,0,0,124,454,827,53,39,332,0,0,0,76,0,382,47,72,68,1557,0,20,46,0,0,135,0,36,3,0,0,716,0,303,0,182,350,373,0,85,77,32,0,0,0,15,0,0,0,35,0,0,0,0,0,256,709,0,0,36,0,0,0,10,0,0,0,0,0,0,0,0,0,0,0,0,0,0,0,0,17,0,0,60,0,0,0,0,38,0,0,0,0,0,0,82,110,0,0,0,0,0,0,65,0,4,0,0,0,0,0,0,25,0,0,0,0,0,0,0,0,0,0,0,0,0,0,0,30,0,255,183,0,0,0,0,0,0,0,0,0,0,0,0,0,0,0,0,0,0,0,0,0,0,131,0,0,0,0,0,0,0,0,0,0,0,0,0,0,0,0,0,0,0,0,0,0,0,0,0,0,0,15,0,0,0,0,0,0,0,10,0,0,0,0,0,0,0,22,0,0,0,0,0,0,0,0,0,0,0,0,0,0,0,0,0,0,32,0,0,0,0,0,0,0,0,0,0,0,0,0,0,0,0,0,0,0,0,0,0,0,0,0,0,0,0,0,0,0,0,0,0,0,0,0,0,0,0,0,0,0,0,0,0,0,0,0,0,0,0,0,0,0,0,0,0,0,0,0,0,0,0,0,0,0,0,0,0,0,0,0,0,0,0,0,0,0,0,0,0,0,0,0,0,0,0,0,0,0,0,0,0,0,0,0,0,0,0,0,0,0,0,0,0,0,0,0,0,0,0,0,0,0,0,0,0,0,0,0,0,0,0,0,0,0,0,0,0,0,0,0,0,0,0,0,0,0,0,0,0,0,0,0,0,0,0,0,0,0,0,0,0,0,0,0,0,0,0,0,0,0,0,0,0,0,0,0,0,0,0,0,0,0,0,0,0,0,0,0,0,0,0,0,0,0,0,0,0,0,0,0,0,0,0,0,0,0,0,0,0,0,0,0,0,0
"ERR3416707",133,0,0,97,18,0,7497,0,0,0,0,0,0,17,0,26,497,0,40,0,0,0,75,21,0,0,122,0,0,0,13,0,182,0,9,5,285,0,0,0,0,0,0,0,3,0,0,0,67,0,74,0,81,13,41,0,9,0,0,0,0,0,0,0,0,0,2,0,0,0,0,0,29,181,0,0,0,0,0,0,0,0,0,0,0,0,0,0,0,0,0,0,0,0,0,0,0,0,0,0,0,0,0,0,0,3,0,0,0,0,0,0,0,104,0,0,0,0,0,0,0,0,0,0,0,0,0,0,0,0,0,0,0,0,0,0,0,0,0,0,0,0,0,0,0,0,0,0,91,0,0,0,0,0,0,0,0,0,0,0,0,0,0,0,0,0,0,0,0,0,0,44,0,0,0,0,0,0,0,0,0,0,0,0,0,0,0,0,0,0,0,0,0,0,0,0,0,0,0,0,0,0,0,0,0,0,0,0,0,0,0,0,0,0,0,0,0,0,0,0,0,0,0,0,0,0,0,0,0,0,0,0,0,0,0,0,0,0,0,0,0,0,0,0,0,0,0,0,0,0,0,0,0,0,0,0,0,0,0,0,0,0,0,0,0,0,0,0,0,0,0,0,0,0,0,0,0,0,0,0,0,0,0,0,0,0,0,0,0,0,0,0,0,0,0,0,0,0,0,0,0,0,0,0,0,0,0,0,0,0,0,0,0,0,0,0,0,0,0,0,0,0,0,0,0,0,0,0,0,0,0,0,0,0,0,0,0,0,0,0,0,0,0,0,0,0,0,0,0,0,0,0,0,0,0,0,0,0,0,0,0,0,0,0,0,0,0,0,0,0,0,0,0,0,0,0,0,0,0,0,0,0,0,0,0,0,0,0,0,0,0,0,0,0,0,0,0,0,0,0,0,0,0,0,0,0,0,0,0,0,0,0,0,0,0,0,0,0,0,0,0,0,0,0,0,0,0,0,0,0,0,0,0,0,0,0,0,0,0,0,0,0
"ERR3416708",58,4,0,0,2828,0,1047,0,0,0,0,0,0,569,0,5686,3029,0,907,0,0,1238,848,123,0,41,0,0,0,0,54,152,0,0,0,216,1437,0,0,233,33,233,651,0,0,0,63,0,67,0,0,9,10,161,696,37,71,0,492,0,0,0,125,11,0,0,15,6,0,0,0,0,262,0,0,0,0,0,0,0,174,0,0,0,0,0,0,170,0,16,0,0,0,0,0,0,7,657,0,0,0,0,0,202,0,0,0,0,0,0,0,21,0,53,28,0,0,0,27,0,63,0,14,0,29,0,0,0,30,86,0,0,0,0,0,365,0,0,0,8,0,0,0,0,114,0,0,0,0,0,0,0,0,0,0,0,0,0,41,0,0,7,0,147,0,0,0,0,0,0,0,17,0,0,0,0,0,0,0,0,0,0,0,0,0,0,0,0,0,0,0,0,0,0,0,0,0,0,0,0,0,0,0,0,0,64,0,0,0,0,0,0,0,0,0,0,0,0,0,0,0,0,0,0,0,0,0,0,0,0,0,0,0,0,4,0,0,0,0,0,0,0,0,0,0,0,0,0,0,0,0,0,0,0,0,0,0,0,0,0,0,0,0,0,0,0,0,0,0,0,0,0,0,0,0,0,0,0,0,0,0,0,0,0,0,0,0,0,0,0,0,0,0,0,0,0,0,0,0,0,0,0,0,0,0,0,0,0,0,0,0,0,0,0,0,0,0,0,0,0,0,0,0,0,0,0,0,0,0,0,0,0,0,0,0,0,0,0,0,0,0,0,0,0,0,0,0,0,0,0,0,0,0,0,0,0,0,0,0,0,0,0,0,0,0,0,0,0,0,0,0,0,0,0,0,0,0,0,0,0,0,0,0,0,0,0,0,0,0,0,0,0,0,0,0,0,0,0,0,0,0,0,0,0,0,0,0,0,0,0,0,0,0,0,0,0,0,0,0,0,0,0,0,0,0,0,0,0,0,0,0,0,0,0,0,0,0,0,0,0,0,0
"ERR3416709",17139,63,0,4,40,0,1132,6,0,0,100,0,34,86,0,167,216,0,51,0,0,57,90,244,0,9,66,0,43,0,0,13,583,62,817,0,437,0,0,7,12,0,11,0,401,0,0,0,0,0,0,0,0,0,16,0,0,0,5,0,34,0,8,32,0,0,0,6,0,0,0,0,0,0,13,0,16,0,0,55,0,0,0,0,0,0,0,0,0,597,0,9,0,0,3,0,0,10,0,0,0,0,0,0,0,0,0,0,0,0,0,0,0,0,0,0,0,7,0,0,3,176,0,0,6,0,0,0,0,0,17,0,0,0,0,47,0,0,0,136,4,0,0,0,0,0,0,0,0,0,0,0,0,0,0,0,0,56,0,0,0,0,0,0,0,0,0,0,0,0,0,0,0,0,0,0,0,0,0,0,4,0,0,0,0,0,0,0,0,0,0,0,0,0,0,0,0,0,0,426,0,0,0,0,0,0,0,0,0,9,0,0,2,0,0,0,0,0,0,0,0,0,5,0,0,0,0,0,0,0,0,0,0,0,3,0,0,0,0,0,0,0,0,0,0,0,0,0,0,0,0,0,0,0,0,0,0,0,0,0,0,0,5,0,0,0,0,0,0,0,0,0,0,0,0,0,0,0,0,0,0,0,0,0,0,0,0,0,0,0,0,0,0,0,0,0,0,0,0,0,0,0,0,0,0,0,0,0,0,0,0,0,0,0,0,0,0,0,0,0,0,0,0,0,0,0,0,0,0,0,0,0,0,0,0,0,0,0,0,0,0,0,0,0,0,0,0,0,0,0,0,0,0,0,0,0,0,0,0,0,0,0,0,0,0,0,0,0,0,0,0,0,0,0,0,0,0,0,0,0,0,0,0,0,0,0,0,0,0,0,0,0,0,0,0,11,0,0,0,0,0,0,0,0,0,0,0,0,0,0,0,0,0,0,0,0,0,0,0,0,0,0,0,0,0,0,0,0,0,0,0,0,0,0,0,0,0,0,2,0,0,0
"ERR3416710",72,0,0,0,9580,38,23,0,0,0,0,0,0,4294,38,38,2281,0,521,0,0,0,2022,6,0,149,59,3,0,0,0,161,0,0,0,0,58,0,0,68,29,0,1261,281,0,0,530,0,0,0,0,0,0,203,25,0,778,0,0,5,0,0,2,0,0,0,4,0,60,0,0,0,0,0,770,0,0,374,0,0,301,0,0,0,0,0,0,0,0,355,0,610,0,0,0,0,0,108,0,0,0,0,0,0,0,0,0,0,0,0,0,0,0,0,0,0,0,0,35,0,12,0,0,0,0,0,0,0,0,0,0,0,0,0,0,0,0,0,4,0,0,0,0,0,7,0,27,0,0,0,0,0,0,0,0,0,0,0,0,0,0,5,0,0,0,0,0,0,0,0,0,0,0,0,0,0,0,0,0,0,0,0,208,0,0,0,0,0,0,0,0,0,0,0,0,0,0,0,0,0,0,0,0,0,0,0,0,0,0,0,0,0,0,0,0,0,0,0,0,0,0,0,0,0,0,0,0,0,0,0,0,0,0,0,0,0,0,0,0,0,0,0,0,0,0,0,0,0,0,0,0,0,0,0,0,0,0,0,0,0,0,0,0,0,0,0,0,0,0,0,0,0,0,0,0,0,0,0,0,0,0,0,0,0,0,0,0,0,0,0,0,0,0,0,0,0,0,0,0,0,0,0,0,0,0,0,0,0,0,0,0,0,0,0,0,0,0,0,0,0,0,0,0,0,0,0,0,0,0,0,0,0,0,0,0,0,0,0,0,0,0,0,0,0,0,0,0,0,0,0,0,0,0,0,0,0,0,0,0,0,0,0,0,0,0,0,0,0,0,0,0,0,0,0,0,0,0,0,0,0,0,0,0,0,0,0,0,0,0,0,0,0,0,0,0,0,0,0,0,0,0,0,0,0,0,0,0,0,0,0,0,0,0,0,0,0,0,0,0,0,0,0,0,0,0,0,0,0,0,0,0,0,0,0,0,0,0,0,0,0,0,0
"ERR3416711",3535,5,0,6981,9,0,5091,0,0,0,696,0,0,0,49,317,12,0,14,0,239,0,0,170,0,185,0,103,33,0,0,0,327,59,295,0,1124,490,0,0,0,0,0,0,111,0,0,0,0,0,51,0,0,0,0,0,0,0,0,0,0,0,0,82,0,0,123,0,0,0,0,0,0,0,199,265,245,0,0,0,0,0,0,0,0,0,539,0,0,0,0,0,0,0,0,0,0,0,0,0,0,0,0,0,0,0,4,0,0,57,0,0,0,388,0,0,0,6,0,0,51,125,181,0,0,0,0,0,0,0,0,0,0,0,0,0,0,0,0,0,0,0,0,0,0,0,0,0,0,0,0,188,0,0,0,0,0,20,0,0,0,0,0,0,0,0,0,0,0,0,0,0,0,0,0,16,0,0,0,0,0,0,0,0,0,0,307,0,0,0,0,0,0,0,0,0,0,0,0,0,0,0,0,0,0,0,0,0,0,0,0,0,0,0,0,100,0,0,0,0,4,0,0,0,0,0,0,0,0,0,0,0,0,0,0,0,0,0,0,0,0,0,0,0,0,0,0,0,0,0,0,0,0,0,0,0,0,0,0,0,0,0,0,0,80,0,0,0,0,0,0,0,0,0,0,0,0,0,0,0,0,0,0,0,0,0,0,0,0,0,0,0,0,0,0,0,0,25,0,0,0,0,0,0,0,0,0,0,0,0,0,0,0,0,0,0,0,0,0,0,0,0,0,0,0,0,0,0,0,0,0,0,0,0,0,0,0,0,0,0,0,0,0,0,0,0,0,0,0,0,0,0,0,0,0,0,0,0,0,0,0,0,0,0,0,0,0,0,0,0,0,0,0,0,0,0,0,0,0,0,0,0,0,0,0,0,0,0,0,0,0,0,0,0,0,0,0,0,0,0,0,0,0,0,0,0,0,0,0,0,0,0,0,0,0,0,0,0,0,0,0,0,0,0,0,0,0,0,0,0,0,0,0,0,0,0,0,0,0,0,0,0
"ERR3416712",17787,18,0,6,0,0,2846,0,0,0,643,4,0,460,0,0,8,0,0,0,136,0,0,1142,0,0,0,2395,571,0,26,9,0,884,625,0,0,1307,0,0,0,0,0,0,37,0,0,0,0,0,0,0,0,0,61,0,0,5,0,0,0,0,540,434,0,0,469,0,0,0,0,0,0,0,56,740,743,0,0,0,0,0,1321,0,811,0,36,0,0,0,0,0,0,0,0,0,0,0,0,327,0,633,23,6,0,0,0,0,0,0,0,0,680,0,0,124,0,0,0,0,41,0,459,0,0,0,0,0,0,13,0,616,0,156,0,0,0,22,0,0,0,0,0,68,0,0,0,0,0,0,0,0,0,24,0,0,4,0,0,0,0,0,0,0,250,328,0,0,0,0,0,0,0,0,262,0,0,0,0,0,0,0,0,0,0,0,0,0,0,0,0,115,0,0,0,0,0,0,0,17,0,0,0,0,0,0,0,0,0,0,0,0,0,0,0,150,0,0,0,0,94,0,0,0,0,0,0,0,0,0,0,0,0,0,0,0,0,0,0,0,0,0,0,0,0,0,0,0,0,0,0,0,0,0,0,0,0,73,0,0,0,33,0,0,0,0,0,0,0,0,0,0,0,0,0,0,0,0,0,0,0,0,0,0,0,0,0,23,0,0,0,0,0,0,0,25,0,0,0,0,0,0,0,0,0,0,0,0,0,0,0,22,0,0,0,0,0,0,0,0,0,0,0,0,0,0,0,0,0,0,0,0,0,0,0,0,0,0,0,0,0,0,0,0,0,0,0,0,0,0,0,0,0,0,0,0,0,0,0,0,0,0,0,0,0,0,0,0,0,0,0,0,0,0,0,0,0,0,0,0,0,0,0,0,0,0,7,0,0,0,0,0,0,0,0,0,0,0,0,0,0,0,0,0,0,0,0,0,0,0,0,4,0,0,0,0,0,0,0,0,0,0,0,0,0,0,0,0,0,0,0,0,0,0,0,0,0,0,0,0,0,0
"ERR3416713",106,5,0,62,0,0,1122,0,0,0,0,0,0,74,3,8487,806,0,716,0,11,58,334,119,0,80,0,0,0,0,0,384,146,0,276,31,651,0,0,777,395,69,341,0,0,0,0,0,0,0,0,0,15,17,58,68,6,68,290,0,0,0,48,0,0,0,19,0,0,0,32,23,0,0,0,50,105,0,0,0,0,0,0,0,0,0,0,0,101,0,0,0,0,0,0,0,56,27,0,347,0,43,0,0,38,0,0,0,0,0,0,0,0,534,0,6,0,0,0,0,40,0,64,0,0,0,0,111,0,109,5,0,0,0,0,0,0,0,0,99,0,0,0,0,0,10,0,0,0,0,0,0,0,0,0,0,178,0,9,0,0,0,13,0,0,0,0,0,28,145,0,0,0,0,0,0,0,0,0,0,0,0,0,0,0,0,11,0,0,0,0,0,0,0,0,0,0,0,0,21,0,0,0,0,0,0,0,11,0,0,0,0,8,0,0,0,0,0,0,0,0,0,0,0,0,0,0,0,0,0,8,0,0,0,0,0,0,0,0,28,0,0,0,0,0,0,12,0,0,0,0,0,0,0,0,0,0,0,0,0,0,6,0,0,0,0,27,0,0,0,0,0,0,0,0,0,0,0,0,0,0,0,0,0,0,0,0,0,0,0,0,0,0,0,0,0,0,0,0,24,0,0,0,0,0,0,0,0,0,0,0,0,0,0,0,0,0,5,0,0,0,0,0,0,0,0,0,0,0,0,0,0,0,0,0,0,0,0,0,0,0,0,0,0,0,0,0,0,0,0,0,0,0,0,0,0,0,0,0,0,0,0,0,0,0,0,0,0,0,0,0,0,0,0,0,0,0,0,0,0,0,0,0,0,0,0,0,0,0,0,0,0,0,0,0,0,0,0,0,0,0,0,0,0,0,0,0,0,0,0,0,0,0,0,0,0,0,0,0,0,0,0,0,0,0,0,0,0,0,0,0,0,0,0,0,0,0,0,0,0,0,0
"ERR3416714",231,0,0,0,11,0,22365,0,0,0,0,0,0,0,0,45,38,0,190,0,0,0,3625,1500,14,0,0,0,0,0,0,0,334,21,2935,12,0,1031,0,0,0,226,110,0,217,0,0,0,0,0,23,0,9,0,0,0,12,29,0,0,0,0,0,71,0,0,269,0,0,0,0,0,5,296,24,110,118,0,0,0,0,0,140,0,0,0,0,0,0,0,0,0,0,0,0,541,0,0,0,0,0,95,0,0,0,0,0,0,0,21,0,0,0,0,0,10,0,0,0,0,0,0,679,0,81,0,0,0,0,5,0,0,0,0,0,0,0,0,0,0,0,0,0,0,0,0,0,0,0,0,0,0,0,0,0,0,0,0,0,0,0,0,0,0,0,0,0,0,0,0,0,0,0,0,0,52,0,0,27,0,0,0,0,0,0,0,0,0,0,0,0,0,0,0,0,0,0,0,0,0,0,0,0,0,0,0,0,0,0,0,0,0,0,0,0,0,0,0,0,0,0,0,0,0,0,0,0,0,0,0,0,0,0,0,0,0,0,0,0,0,0,0,0,54,0,0,0,0,0,0,86,0,0,0,0,0,0,0,0,25,0,5,0,0,0,0,0,4,0,0,0,0,0,0,0,0,0,0,0,0,42,0,0,0,0,0,0,0,0,0,0,0,0,0,0,0,0,0,0,0,0,0,0,0,0,0,0,0,0,0,0,0,0,0,0,0,0,0,0,0,0,0,0,0,0,0,0,0,0,0,0,6,0,0,0,0,0,0,0,0,0,0,0,0,0,0,0,0,0,0,0,0,0,0,0,0,0,0,0,0,0,0,0,0,0,0,0,0,0,0,0,0,0,0,0,0,0,0,0,0,0,0,0,0,0,0,0,0,0,0,0,0,0,0,0,0,0,0,0,0,0,0,0,0,0,0,0,0,0,0,0,0,0,0,0,0,0,0,0,0,0,0,0,0,0,0,0,0,0,0,0,0,0,0,0,0,0,0,0,0,0,0
"ERR3416715",204,1763,0,0,0,0,4135,5,0,0,0,0,0,0,0,0,0,0,0,0,0,0,4,12951,0,2,0,0,0,0,0,0,134,0,652,0,0,2041,0,0,0,0,0,0,189,0,0,0,64,0,0,0,0,0,96,0,0,215,0,0,0,0,0,7,0,0,322,0,0,0,0,0,0,1141,76,34,0,0,0,0,0,0,0,0,0,0,0,0,0,0,0,0,0,0,0,0,0,0,0,0,0,0,0,84,0,0,0,0,0,0,160,0,0,0,0,120,0,0,0,0,48,0,90,0,0,0,0,0,0,0,0,0,0,0,0,0,0,0,0,0,0,0,0,0,0,0,0,0,0,0,0,0,0,0,0,0,0,0,0,0,0,0,0,0,0,0,0,0,0,0,0,0,0,0,0,51,0,0,263,0,0,0,0,0,0,0,0,0,0,0,0,0,0,0,0,0,0,9,0,0,0,0,0,0,0,0,0,0,0,0,0,0,0,0,0,0,0,0,0,0,13,0,0,0,0,0,0,0,0,0,0,0,0,0,0,0,0,0,0,0,0,0,0,0,0,0,0,0,0,0,9,0,0,0,0,0,0,0,0,73,0,0,0,0,0,0,0,0,0,0,0,0,0,0,0,0,0,0,0,0,0,0,0,0,0,13,0,10,0,55,0,0,0,0,0,0,0,0,0,0,0,0,0,0,0,0,0,0,0,0,0,0,0,0,0,0,0,0,0,0,0,0,0,0,0,0,0,0,0,0,0,0,0,0,0,0,0,0,0,0,0,0,0,0,0,0,0,0,0,0,0,0,0,9,0,0,0,0,0,0,0,0,0,0,0,0,9,0,0,0,0,0,0,0,0,0,0,0,0,0,0,0,0,0,0,0,0,0,0,0,0,0,0,0,0,0,0,0,0,0,0,0,0,0,0,0,0,0,0,0,0,0,0,0,0,0,0,0,0,0,0,0,0,0,0,0,0,0,0,0,0,0,0,0,0,0,0,0,0,0,0,0
"ERR3416716",95,38620,0,15,0,90,1019,0,0,0,0,0,0,0,0,0,0,0,0,0,0,0,169,781,0,0,0,0,0,0,0,0,37,0,341,0,0,256,0,0,0,0,0,0,9,0,0,0,0,0,0,0,4,0,0,0,0,0,0,0,0,0,0,0,0,0,82,0,0,0,0,0,0,99,159,0,8,0,0,0,0,0,0,0,0,0,0,0,0,0,0,0,0,0,0,14,0,0,0,0,0,0,0,42,0,0,0,0,0,0,0,0,0,0,0,0,0,0,0,0,8,0,61,0,0,0,0,0,0,0,0,0,0,0,0,0,0,0,0,0,0,0,0,0,0,0,0,0,0,0,0,0,0,0,0,0,0,0,0,0,0,0,0,0,0,0,0,0,0,0,0,0,0,0,0,0,0,0,30,0,0,0,0,0,0,0,0,0,0,0,0,0,0,0,0,0,0,0,0,0,0,0,0,0,0,0,0,0,0,0,0,0,0,0,0,0,0,0,0,0,0,0,0,0,0,0,0,0,0,0,0,0,0,0,0,0,0,0,0,0,0,0,0,0,0,0,0,0,0,0,0,0,0,0,0,0,0,0,0,29,0,0,0,0,0,0,0,0,0,0,0,0,0,0,0,0,0,0,0,0,5,0,0,0,0,0,0,0,0,0,0,0,0,0,0,0,0,0,0,0,0,0,0,0,0,0,0,0,0,0,0,0,0,0,0,0,0,0,0,0,0,0,0,0,0,0,0,0,0,0,0,0,0,0,0,0,0,0,0,0,0,0,0,0,0,0,0,0,0,0,0,0,0,0,0,0,0,0,0,0,0,0,0,0,0,0,0,0,0,0,0,0,0,0,0,0,0,0,0,0,0,0,0,0,0,0,0,0,0,0,0,0,0,0,0,0,0,0,0,0,0,0,0,0,0,0,0,0,0,0,0,0,0,0,0,0,0,0,0,0,0,0,0,0,0,0,0,0,0,0,0,0,0,0,0,0,0,0,0,0,0,0
"ERR3416717",3599,975,0,502,14,0,1935,0,0,0,0,0,0,31,0,78,6,0,26,0,0,0,296,440,0,0,6303,425,4,0,0,0,186,59,38,0,260,145,0,0,857,61,148,8,1903,129,50,0,0,0,503,199,0,50,50,0,13,14,0,0,0,249,0,0,0,0,121,0,13,0,0,0,0,655,102,0,115,7,0,0,124,0,190,0,0,0,0,0,0,0,0,0,0,0,0,0,0,20,0,20,0,7,20,0,0,483,17,0,14,0,0,0,9,0,0,194,0,0,0,0,0,0,0,0,0,0,0,0,0,0,0,0,0,0,0,0,0,0,0,31,7,0,0,0,0,0,0,0,0,18,0,143,0,0,0,0,0,0,0,0,0,0,0,0,0,0,0,0,0,0,0,0,0,0,0,0,0,0,0,0,0,90,0,0,0,246,0,0,0,0,0,0,0,0,0,0,0,0,0,18,0,0,0,0,0,0,0,0,0,0,0,0,0,0,0,31,0,0,0,0,44,0,0,0,0,0,0,0,0,0,0,0,0,0,0,0,0,0,0,0,107,0,0,0,0,0,0,0,0,81,0,0,0,0,0,0,0,0,0,0,0,34,0,0,0,0,0,0,0,0,0,0,0,0,0,0,0,0,0,0,0,0,0,0,0,0,0,0,0,0,0,0,0,0,0,0,0,0,0,0,0,0,0,0,0,0,0,0,0,0,0,0,0,0,0,0,0,0,0,0,0,0,0,0,0,0,0,0,0,0,0,0,0,0,0,0,0,0,0,0,0,0,0,0,0,0,0,0,0,19,0,0,0,0,0,0,0,0,0,0,0,0,0,0,0,0,0,0,0,0,0,0,0,0,0,0,0,0,0,0,0,0,0,0,0,0,0,0,0,0,0,0,0,0,0,0,0,0,0,0,0,0,0,0,0,0,0,0,0,0,0,0,0,0,0,0,0,0,0,0,0,0,0,0,0,0,0,0,0,0,0,0,0,0,0,0,0,0,0,0,0,0
"ERR3416718",4103,19,0,127,6256,56,1083,0,0,0,0,0,0,776,197,643,323,0,693,0,0,0,2581,169,20,8,35,0,0,90,0,0,180,6,182,191,1066,0,0,3,129,48,2263,344,0,34,1125,0,247,0,122,0,0,197,63,0,998,0,0,83,0,89,40,12,0,0,137,0,0,45,0,0,8,0,202,0,24,176,48,1776,1009,0,0,0,64,0,0,0,0,0,0,35,6,0,0,0,0,0,0,8,0,0,0,0,34,0,30,0,0,0,49,0,102,0,97,0,0,0,241,122,63,0,18,0,0,0,0,3,0,0,0,0,0,0,0,0,0,0,0,0,0,0,0,0,0,0,28,0,0,0,0,0,0,0,0,0,0,93,0,0,0,0,0,0,0,0,0,0,0,0,0,0,0,0,0,0,0,0,0,0,0,12,0,0,0,0,9,0,0,0,0,0,0,0,0,0,0,0,0,130,0,0,0,3,0,0,0,0,0,0,0,0,0,0,0,83,0,0,0,0,9,0,0,0,0,0,0,0,0,0,0,0,0,0,7,9,0,0,5,0,0,0,0,0,0,0,0,0,0,0,0,0,0,0,0,0,0,0,0,0,0,0,0,0,0,0,0,0,0,0,0,0,0,0,0,0,0,0,0,0,0,0,0,0,0,6,0,4,0,0,0,0,0,0,0,0,0,0,0,0,0,0,0,0,0,0,0,0,0,0,0,0,0,0,0,0,0,0,0,0,0,0,0,0,0,0,0,0,0,0,0,0,0,0,0,0,0,0,0,0,0,0,0,0,0,0,0,0,0,0,0,0,0,0,0,0,0,0,0,0,0,0,0,0,0,0,0,0,0,0,0,0,0,0,0,0,0,0,0,0,0,0,0,0,0,0,0,0,0,0,0,0,0,0,0,0,0,0,0,0,0,0,0,0,0,0,0,0,0,0,0,0,0,0,0,0,0,0,0,0,0,0,0,0,0,0,0,0,0,0,0,0,0,0,0,0,0,0,0,0,0,0
"ERR3416719",264,0,0,0,12,0,649,6,0,295,0,0,0,9,0,7,0,55,0,0,103,0,0,58,0,0,0,0,0,4304,36,0,22,0,69,0,275,0,0,0,0,0,0,0,0,0,0,0,122,0,0,0,0,0,27,0,0,0,0,0,0,0,0,0,0,0,19,0,0,0,0,0,0,0,0,0,0,0,135,0,0,10,0,0,0,0,0,0,0,0,0,0,0,0,0,0,0,0,0,0,0,0,0,89,0,0,0,0,0,0,2,0,0,0,0,34,0,0,0,0,0,0,0,0,0,0,0,0,0,5,0,0,0,0,0,0,0,0,0,0,0,0,0,0,0,0,0,0,0,0,0,0,0,0,0,0,0,13,0,0,0,0,0,0,0,0,0,0,0,0,0,0,0,251,0,0,0,0,0,0,0,0,0,0,0,0,7,0,0,0,0,0,0,0,0,0,0,0,0,0,0,0,0,0,0,0,0,0,0,0,0,0,0,0,0,0,0,0,0,0,0,0,0,0,0,0,0,0,0,0,0,0,0,0,0,0,0,0,0,0,0,0,0,0,0,0,0,0,0,0,0,0,0,0,0,0,0,0,0,0,0,0,0,0,0,0,0,0,0,0,0,0,0,0,0,0,0,0,0,0,0,0,0,0,0,44,0,0,0,0,0,0,3,0,0,0,0,0,0,0,0,0,0,0,0,0,0,0,0,0,0,0,0,0,0,0,0,0,0,0,0,0,0,0,0,0,0,0,0,0,0,0,0,0,0,0,0,0,0,0,0,0,0,0,0,0,0,0,0,0,0,0,0,0,0,0,0,0,0,0,0,0,0,0,0,0,0,0,0,0,0,0,0,0,0,0,0,0,0,0,0,0,0,0,0,0,0,0,0,0,0,0,0,0,0,0,0,0,0,0,0,0,0,0,0,0,0,0,0,0,0,0,0,0,0,0,0,0,0,0,0,0,0,0,0,0,0,0,0,0,0,0,0,0,0,0,0,0,0,0,0,0
"ERR3416720",255,0,0,71,10,0,1577,0,0,0,0,0,0,0,0,0,167,180,178,0,167,0,46,413,0,70,0,0,377,67,0,12655,138,0,108,0,1600,25,0,0,1689,0,0,0,0,0,0,0,292,0,0,221,15,9,266,44,0,102,434,0,0,41,18,449,0,0,0,0,49,0,0,0,0,395,0,0,0,0,0,0,0,0,0,0,0,0,0,727,46,0,0,0,0,0,0,0,0,0,100,0,0,43,0,117,69,0,0,0,0,0,303,0,0,626,0,0,0,60,0,0,396,0,30,0,14,0,14,0,0,27,0,5,43,0,0,0,0,34,0,0,0,0,0,0,0,0,0,0,0,0,0,0,0,12,0,0,29,74,0,15,0,0,0,0,0,0,0,0,0,0,0,30,0,0,102,0,0,0,0,0,0,0,0,0,0,0,0,0,0,0,0,0,9,27,31,0,0,0,0,40,0,0,0,0,0,27,0,0,0,0,0,0,0,0,0,0,0,15,0,0,0,0,0,0,0,0,0,0,0,0,0,0,0,0,3,0,0,0,0,0,0,0,0,0,0,0,0,0,0,0,11,0,0,0,0,0,0,0,0,0,0,0,0,0,0,0,0,0,0,0,0,0,0,0,0,0,0,0,0,0,0,0,0,0,0,0,0,6,3,0,0,0,0,0,0,0,0,0,0,0,0,0,0,3,0,0,0,0,0,0,0,0,0,0,0,0,0,0,0,0,0,0,0,0,0,0,0,0,0,0,0,0,0,0,0,0,0,0,0,0,0,0,0,0,0,0,0,0,0,0,0,0,0,0,0,0,0,0,0,0,0,0,0,0,0,0,0,0,0,0,0,0,0,0,0,0,0,0,0,0,0,0,0,0,0,0,0,0,0,0,0,0,0,0,0,0,0,0,0,0,0,0,0,0,0,0,0,0,0,0,0,0,0,0,0,0,0,0,0,0,0,0,0,0,0,0,0,0,0,0,0,0,0,0,0,0,0,0,0,0,0,0
"ERR3416721",1399,0,0,0,18205,0,398,0,0,0,0,0,0,127,433,0,0,19,5,0,0,0,0,212,0,34,0,0,0,0,118,444,269,0,0,0,257,0,0,0,38,25,40,0,0,0,0,0,92,0,0,0,0,0,33,0,249,0,0,0,0,12,9,2,0,0,0,0,90,0,0,111,0,0,0,0,0,128,24,0,0,0,0,0,0,0,0,0,0,227,0,0,43,0,0,0,0,4,0,0,0,0,0,0,0,0,0,0,0,0,0,0,0,14,0,0,0,17,0,0,71,0,0,0,6,0,0,49,0,0,0,0,0,0,0,0,0,0,0,0,51,0,0,0,0,0,0,0,0,0,0,0,0,17,0,0,0,0,0,0,0,0,0,0,0,0,0,0,0,0,0,135,0,0,0,0,0,0,0,0,0,0,0,0,0,0,0,0,0,0,0,0,0,0,0,0,0,0,0,0,0,0,0,0,0,0,0,0,0,0,0,0,0,0,0,0,0,0,0,0,0,0,0,0,0,0,0,0,0,0,0,0,0,0,0,0,0,0,0,0,0,0,0,0,0,0,0,0,0,0,0,0,0,0,0,0,0,0,0,0,0,0,0,0,0,0,0,0,0,0,0,0,0,0,0,0,0,0,0,0,0,0,0,0,0,0,0,0,0,0,0,0,0,0,0,0,0,0,0,0,0,0,0,0,0,0,0,0,0,0,0,0,0,0,0,0,0,0,0,0,0,0,0,0,0,0,0,0,0,0,0,0,0,0,0,0,0,0,0,0,0,0,0,0,0,0,0,0,0,0,0,0,0,0,0,0,0,0,0,0,0,0,0,0,0,0,0,0,0,0,0,0,0,0,0,0,0,0,0,0,0,0,0,0,0,0,0,0,0,0,0,0,0,0,0,0,0,0,0,0,0,0,0,0,0,0,0,0,0,0,0,0,0,0,0,0,0,0,0,0,0,0,0,0,0,0,0,0,0,0,0,0,0,0,0,0,0,0,0,0,0,0
"ERR3416722",550,0,0,20,4908,0,691,0,16,0,0,0,0,655,0,448,2226,0,611,0,0,11,1186,106,0,250,0,0,0,0,0,602,152,144,9,0,2001,0,0,0,970,27,563,87,0,8,0,0,362,0,60,613,46,255,189,293,0,18,229,6,0,0,13,0,0,0,0,0,0,0,0,0,0,0,44,6,0,0,0,448,191,70,0,0,0,0,0,0,20,852,0,0,0,0,0,0,0,479,0,51,0,0,0,6,15,0,0,0,0,0,0,0,0,0,8,0,0,70,0,0,0,0,78,0,6,0,0,0,256,10,0,0,4,0,64,0,0,0,0,0,0,0,0,0,0,0,0,0,0,3,0,0,173,0,0,0,5,104,0,137,0,0,0,0,0,4,0,0,0,0,0,0,0,0,0,0,0,38,0,0,0,0,14,0,0,0,0,0,0,0,0,0,0,0,0,0,0,0,0,3,0,0,0,0,0,0,0,8,0,0,0,0,0,0,0,0,0,0,0,0,0,0,0,0,0,0,0,0,0,0,0,0,0,0,10,0,0,0,0,0,0,0,0,0,0,0,0,0,0,0,0,0,0,0,0,0,0,0,0,0,0,0,0,0,0,0,0,0,0,0,0,0,0,0,0,0,0,0,0,0,0,0,0,0,0,0,0,0,0,0,0,0,0,0,0,0,0,0,0,0,0,0,0,0,10,0,0,0,0,0,0,0,0,0,0,0,0,0,0,0,0,0,0,0,0,0,0,0,0,0,0,0,0,0,0,0,0,0,0,0,0,0,0,0,0,0,0,0,0,0,0,0,0,0,0,0,0,0,0,0,0,0,0,0,0,0,0,0,0,0,0,0,0,0,0,0,0,0,0,0,0,0,0,0,0,7,0,0,0,0,0,0,0,0,0,0,0,0,0,0,0,0,0,0,0,0,0,0,0,0,0,0,0,0,0,0,0,0,0,0,0,0,0,0,0,0,0,0,0,0,0,0,0,0,0,0,0,0,0,0,0,0
"ERR3416723",2087,0,0,0,3,0,7399,0,0,0,1890,0,0,0,0,0,0,0,19,0,0,0,0,586,0,0,0,261,3,0,11,289,184,131,108,0,1239,104,0,0,0,0,0,0,115,0,0,0,0,0,0,0,944,0,0,0,0,0,0,0,0,0,0,36,0,0,0,0,0,0,0,0,0,0,0,0,818,0,0,0,0,0,0,0,0,0,0,0,0,42,0,0,0,80,0,0,0,0,0,0,0,0,0,0,0,0,0,0,0,10,0,0,0,0,0,0,0,0,0,0,0,0,0,0,0,0,0,0,0,0,99,0,0,0,0,0,0,0,0,0,0,0,0,0,0,0,0,0,0,0,0,127,0,0,0,0,174,67,0,0,0,0,0,0,0,0,0,0,0,0,0,0,0,0,0,0,0,0,0,0,0,0,0,0,0,0,0,0,0,0,0,0,0,0,0,0,0,0,0,0,0,0,0,0,0,0,0,0,0,0,0,0,0,0,0,117,0,0,0,0,0,0,0,0,0,0,0,0,0,0,0,0,0,0,0,0,0,0,0,0,0,0,0,0,0,0,0,0,0,0,0,0,0,0,0,0,0,0,0,0,0,0,0,0,0,0,0,0,0,0,0,0,0,0,0,0,0,0,0,0,0,0,0,0,0,0,0,0,0,0,0,0,0,0,0,0,0,0,0,0,0,0,0,0,0,0,0,0,0,0,0,0,0,0,0,0,0,0,0,0,0,0,0,0,0,0,0,0,0,0,0,0,0,0,0,0,0,0,0,0,0,0,0,0,0,0,0,0,0,0,0,0,0,0,0,0,0,0,0,0,0,0,0,0,0,0,0,0,0,0,0,0,0,0,0,0,0,0,0,0,0,0,0,0,0,0,0,0,0,0,0,0,0,0,0,0,0,0,0,0,0,0,0,0,0,0,0,0,0,0,0,0,0,0,0,0,0,0,0,0,0,0,0,0,0,0,0,0,0,0,0,0,0,0,0,0,0,0,0,0,0,0
"ERR3416724",9471,0,0,0,14,0,1330,0,0,2,2586,0,0,0,0,0,0,0,13,0,0,0,0,466,0,0,0,93,0,0,0,0,4,3404,1846,0,136,920,0,0,0,0,0,0,156,0,0,0,0,6,428,0,402,0,0,0,0,0,0,0,0,0,0,387,0,0,0,0,0,0,0,0,0,0,0,0,775,0,0,0,0,0,0,0,0,0,0,0,0,426,6,0,0,778,0,0,0,0,0,0,0,0,0,0,0,0,0,0,0,208,0,0,62,0,0,179,0,0,0,0,0,0,0,0,0,0,0,0,0,0,403,0,0,0,0,0,0,0,0,0,0,0,0,0,0,0,0,0,0,0,0,14,0,0,0,0,49,26,0,0,0,0,0,0,25,0,0,0,0,0,0,0,0,0,0,0,0,0,0,0,0,0,0,0,0,0,0,0,0,0,0,0,0,0,0,0,0,0,0,97,0,0,0,0,0,0,0,0,0,0,0,0,0,0,0,22,0,0,0,0,0,0,0,0,0,0,0,0,0,0,0,0,0,0,0,0,0,0,0,0,0,0,0,0,0,0,0,0,0,0,0,0,0,0,0,0,0,0,0,0,0,0,0,0,0,0,0,0,0,0,0,0,0,0,0,0,0,0,0,0,0,0,0,0,0,0,0,0,0,0,0,0,0,0,0,0,0,0,0,0,0,0,0,0,0,0,0,0,0,0,0,0,0,0,0,0,0,0,0,0,0,0,0,0,0,0,0,0,0,0,0,0,0,0,0,0,0,0,0,0,0,0,0,0,0,0,0,0,0,0,0,0,0,0,0,0,0,0,0,0,0,0,0,0,0,0,0,0,0,0,0,0,0,0,0,0,0,0,0,0,0,0,0,0,0,0,0,0,0,0,0,0,0,0,0,0,0,0,0,0,0,0,0,0,0,0,0,0,0,0,0,0,0,0,0,0,0,0,0,0,0,0,0,0,0,0,0,0,0,0,0,0,0,0,0,0,0,0,0,0,0,0
"ERR3416725",3343,32,0,0,75,0,2690,0,0,0,1874,0,0,0,0,0,15,0,0,0,0,0,12,1078,0,0,0,28,0,0,0,0,0,584,1600,0,96,389,0,0,0,0,0,0,187,0,0,0,0,31,156,0,115,4,0,0,0,0,0,0,0,0,0,1063,0,0,0,0,0,0,0,0,0,0,0,0,723,0,0,0,0,0,0,0,0,0,0,0,0,154,0,0,0,522,0,0,0,0,0,0,0,0,0,0,0,0,0,0,0,133,0,0,0,0,0,223,0,0,12,0,0,0,0,0,0,0,0,0,0,0,181,0,0,0,0,0,0,0,0,0,0,0,0,0,0,0,0,0,0,0,0,35,0,0,0,0,449,29,0,0,0,0,0,0,184,0,0,0,0,0,0,0,0,0,0,0,0,0,0,0,0,0,0,0,0,0,0,0,0,0,0,0,0,0,0,0,0,0,0,423,0,0,0,0,0,0,0,0,0,0,0,0,0,0,0,0,0,0,0,0,49,0,0,0,0,0,0,0,0,0,0,0,0,0,0,0,0,0,0,0,0,0,0,15,0,0,0,0,0,0,0,0,0,0,0,0,0,0,0,13,0,0,0,0,0,0,0,0,0,0,0,0,0,0,0,0,0,0,0,0,0,0,0,0,0,0,0,0,0,0,0,0,0,0,0,0,0,18,0,0,0,0,0,0,0,0,0,0,0,0,0,0,0,0,0,0,0,0,0,0,0,0,0,0,0,0,0,0,0,0,0,0,0,0,0,0,0,0,0,0,0,0,0,0,0,0,0,0,0,0,0,0,0,9,0,0,0,0,0,0,0,0,0,0,0,0,0,0,0,0,0,0,0,0,0,0,0,0,0,0,0,0,0,0,0,0,0,0,0,0,0,0,0,0,0,0,0,0,0,0,0,0,0,0,0,0,0,0,0,0,0,0,0,0,0,0,0,0,0,0,0,0,0,0,0,0,0,0,0,0,0,0,0,0,0,0,0,0,0,0,0,0
"ERR3416726",208,0,0,49,14,0,4481,0,27,0,0,0,0,2,0,0,0,63,0,0,0,211,0,969,0,0,0,2,0,0,0,8677,1839,58,0,0,729,872,0,0,0,0,0,0,0,0,0,0,0,0,820,2885,0,0,140,56,0,428,0,0,0,0,76,630,0,0,151,0,0,0,348,0,0,0,429,84,184,0,0,0,0,1019,164,0,195,0,0,0,953,0,0,0,0,0,0,0,176,0,0,0,0,464,0,0,18,0,0,0,317,0,174,0,0,0,0,0,0,0,0,0,0,34,143,0,0,0,0,0,0,0,66,0,0,0,0,0,0,33,0,0,0,0,0,13,0,0,0,0,0,22,0,0,0,13,0,0,0,0,0,0,0,0,0,0,0,0,0,0,155,0,0,0,0,0,95,0,0,0,0,0,0,0,0,0,0,0,0,0,0,0,0,0,0,0,0,0,0,0,39,0,0,0,0,0,0,28,0,100,0,0,0,0,21,157,0,0,0,0,0,0,0,0,0,0,0,0,0,0,9,0,0,0,0,0,0,0,0,7,0,0,0,0,0,39,0,0,0,0,0,0,0,0,0,0,0,0,0,0,0,0,0,0,0,0,0,0,0,0,0,5,0,0,0,0,0,0,0,0,0,0,0,0,0,0,0,0,0,57,0,0,0,0,0,0,0,6,0,0,0,0,0,0,0,0,0,0,0,0,0,0,0,0,0,0,0,0,0,0,0,0,0,0,0,0,0,0,0,0,0,0,0,0,0,0,0,0,0,0,0,0,0,0,0,0,0,0,0,0,0,0,0,0,0,0,0,0,0,0,0,0,0,0,0,0,0,0,0,0,0,0,0,0,0,0,0,17,0,0,0,0,0,0,0,0,0,0,0,0,0,0,0,0,0,0,0,0,0,0,0,0,0,0,0,0,0,0,0,0,0,0,0,0,4,0,0,0,0,0,0,0,0,0,0,0,0,0,0,0,0,0,0,0,0,0,0,0,0,0,0,0,0,0
"ERR3416727",27,0,0,0,8725,0,3061,0,0,0,0,0,0,1028,0,642,0,72,1868,0,15,0,1053,513,103,121,0,0,0,0,0,0,29,0,727,0,1066,0,0,0,145,24,75,0,0,56,0,0,4,0,0,0,0,0,590,0,143,0,0,0,0,21,44,68,0,0,74,0,0,0,0,7,0,0,12,0,14,0,0,0,0,264,0,0,0,0,0,0,233,10,0,0,0,0,0,0,0,94,0,58,0,58,0,168,0,0,0,0,0,0,16,0,0,0,0,0,0,0,0,0,42,0,0,0,14,0,0,0,0,0,0,0,0,0,0,0,0,0,0,0,0,0,0,0,0,0,0,0,80,0,0,0,0,0,0,0,0,0,0,0,0,0,0,0,0,0,66,0,37,0,0,0,0,40,0,0,0,0,0,0,0,0,0,0,0,0,0,0,0,0,0,0,0,0,0,0,0,0,0,115,0,0,0,0,0,0,0,0,0,0,0,0,0,0,0,0,0,0,0,0,0,0,0,0,0,0,0,0,0,0,0,0,0,0,0,0,0,0,0,0,0,0,0,0,0,0,0,0,0,0,0,0,0,0,0,0,0,0,0,0,0,0,0,0,0,0,0,0,0,0,0,0,0,0,0,0,0,0,0,0,0,0,0,0,0,0,0,0,0,0,0,0,0,0,0,0,0,0,0,0,0,0,0,0,0,0,0,0,0,0,0,0,0,0,0,0,0,0,0,0,0,0,0,0,0,0,0,0,0,0,0,0,0,0,0,0,0,0,0,0,0,0,0,0,0,0,0,0,0,0,0,0,0,0,0,0,0,0,0,0,0,0,0,0,0,0,0,0,0,0,0,0,0,0,3,0,0,0,0,0,0,0,0,0,0,0,0,0,0,0,0,0,0,0,0,0,0,0,0,0,0,0,0,0,0,0,0,0,0,0,0,0,0,0,0,0,0,0,0,0,0,0,0,0,0,0,0,0,0,0,0,0,0,0,0,0,0,0,0,0,0,0
"ERR3416728",79,0,0,0,0,33,2,0,0,0,21598,0,0,51,70,0,0,0,11,0,0,0,0,0,0,0,0,0,0,0,0,0,0,0,0,0,0,0,0,0,0,0,0,0,0,0,0,0,7,0,0,0,0,0,0,0,0,0,0,0,0,0,0,0,0,0,0,0,0,0,0,0,0,0,6,0,0,0,0,0,0,0,0,0,0,0,0,0,39,0,0,0,0,0,0,0,0,0,0,0,0,0,0,7,0,0,0,0,0,0,0,0,0,0,0,0,0,80,0,0,0,0,0,0,0,0,0,0,0,7,0,0,0,0,0,0,0,0,0,0,0,0,0,0,0,0,0,0,0,0,0,0,0,0,0,0,0,0,0,0,150,0,0,0,0,0,0,0,0,0,0,0,0,0,0,0,0,0,0,0,0,0,0,0,0,0,0,0,0,0,0,0,0,0,0,0,0,0,0,0,0,0,0,0,0,0,0,0,0,0,0,0,0,0,0,0,0,0,0,0,0,0,0,0,0,0,0,0,0,0,0,0,0,0,0,0,0,0,0,0,0,0,0,0,0,0,0,0,0,0,0,0,0,0,0,0,0,0,0,0,0,0,0,0,0,0,0,0,0,0,0,0,0,0,0,0,0,0,0,0,0,0,0,0,0,0,0,0,0,0,0,0,0,0,0,0,0,0,0,0,0,0,0,0,0,0,0,0,0,0,0,0,0,0,0,0,0,0,0,0,0,0,0,0,0,0,0,0,0,0,0,0,0,0,0,0,0,0,0,0,0,0,0,0,0,0,0,0,0,0,0,0,0,0,0,0,0,0,0,0,0,0,0,0,0,0,0,0,0,0,0,0,0,0,0,0,0,0,0,0,0,0,0,0,0,0,0,0,0,0,0,0,0,0,0,0,0,0,0,0,0,0,0,0,0,0,0,0,0,0,0,0,0,0,0,0,0,0,0,0,0,0,0,0,0,0,0,0,0,0,0,0,0,0,0,0,0,0,0,0,0,0
"ERR3416729",67,318,0,0,13,0,2091,0,0,5,10146,0,0,0,9,0,0,0,6,0,0,0,0,11,0,0,0,0,0,0,0,0,134,6,0,0,0,1051,2151,0,881,0,0,0,558,0,0,0,0,0,372,0,6,0,0,0,0,115,0,0,0,0,0,15,0,0,0,0,0,0,0,0,0,0,0,0,173,0,0,0,0,0,189,0,0,0,0,0,26,0,0,0,0,0,0,0,0,0,0,0,0,0,0,0,0,6,0,0,0,0,270,0,0,0,0,32,0,17,0,0,0,0,0,0,0,0,79,0,0,0,0,0,0,0,0,0,0,0,0,0,0,0,0,0,0,0,0,0,0,0,0,0,0,7,0,0,0,0,0,0,93,0,0,0,0,0,0,0,0,0,0,0,0,0,0,0,0,0,0,0,0,0,0,0,0,0,0,0,0,0,0,0,0,0,0,0,0,0,0,0,0,0,0,0,0,0,0,0,0,0,0,0,0,0,0,0,0,0,0,0,24,0,0,0,0,0,0,0,0,0,0,0,0,0,0,0,0,0,0,0,0,0,0,0,0,0,0,0,0,0,0,0,0,0,0,0,0,0,0,0,0,0,0,0,0,0,0,0,0,0,0,0,0,0,0,0,0,0,0,0,0,0,0,0,0,0,0,0,0,0,0,0,0,0,0,0,0,0,0,0,0,0,0,0,0,0,0,0,0,0,0,0,0,0,0,0,0,0,0,0,0,0,0,0,0,0,0,0,0,0,0,0,0,0,0,0,0,0,0,0,0,0,0,0,0,0,0,0,0,0,0,0,0,0,0,0,0,0,0,0,0,0,0,0,0,0,0,0,0,0,0,0,0,0,0,0,0,0,0,0,0,0,0,0,0,0,0,0,0,0,0,0,0,0,0,0,0,0,0,0,0,0,0,0,0,0,0,0,0,0,0,0,0,0,0,0,0,0,0,0,0,0,0,0,0,0,0,0,0,0,0,0,0,0,0,0,0,0,0,0,0,0
"ERR3416730",31,169,0,0,0,0,19094,0,0,0,1153,0,0,0,0,0,7,0,0,0,0,0,0,1041,0,0,0,0,0,0,0,0,639,0,0,0,0,957,587,0,435,0,0,0,141,0,0,0,0,0,595,0,0,0,4,0,13,195,0,0,0,0,0,258,0,0,0,0,0,0,0,0,0,112,0,139,515,0,0,0,0,0,356,0,0,0,0,0,3,0,0,0,0,0,0,0,0,0,0,0,0,364,0,0,34,213,0,0,0,0,26,0,0,0,0,347,0,0,0,0,0,0,121,0,0,0,0,0,0,0,0,0,0,0,0,0,0,0,0,0,0,0,0,0,0,0,0,0,0,0,0,0,0,0,0,0,0,0,0,0,0,0,0,0,0,0,0,0,0,0,0,0,0,0,0,0,0,0,0,0,0,0,0,0,0,0,0,0,0,0,0,0,0,0,0,0,0,13,0,0,0,0,0,0,0,5,0,111,0,0,0,0,0,0,0,0,0,0,0,0,0,0,0,0,0,0,0,0,0,0,0,0,0,0,0,0,0,0,0,0,0,0,0,58,0,0,0,0,0,0,0,0,0,0,0,0,0,0,0,0,0,0,0,0,0,0,0,0,0,0,0,0,0,0,0,0,0,0,0,0,0,0,0,0,0,20,0,44,0,0,0,0,0,0,0,0,0,0,0,0,0,0,0,0,0,0,0,0,0,0,0,0,0,0,0,0,0,0,0,0,0,0,0,0,0,0,0,0,0,0,0,0,0,0,0,0,0,0,0,0,0,0,0,0,0,0,0,0,0,0,0,0,0,0,0,0,0,0,0,0,0,0,0,0,0,0,0,0,0,0,0,0,0,0,0,0,0,0,0,0,0,0,0,0,0,0,0,0,0,0,0,0,0,0,0,0,0,0,0,0,0,0,0,0,0,0,0,0,0,0,0,0,0,4,0,0,0,0,0,0,0,0,0,0,0,0,0,0,0,0,0,0,0,0,0,0,0,0,0,0,0,0
"ERR3416731",66,0,244,262,52,0,290,2,0,0,0,0,0,224,0,79,8,31,0,0,0,3,0,41,0,8,0,0,0,0,0,0,0,0,7,0,205,0,0,0,271,0,0,0,0,0,0,0,164,0,0,0,0,0,28,0,0,0,126,0,0,0,10,0,0,0,0,0,0,0,0,0,0,0,0,0,0,0,10,0,0,0,0,0,0,0,0,139,0,0,0,0,0,0,8,0,0,0,0,0,0,0,0,0,0,0,0,0,0,0,0,0,0,0,0,0,0,0,0,0,26,0,0,0,0,0,0,0,0,0,0,0,0,0,0,0,128,0,0,37,0,0,0,0,0,19,0,0,0,0,0,0,0,0,0,0,0,0,0,0,0,0,0,0,0,0,0,0,0,0,0,0,0,0,0,0,0,0,0,0,0,0,0,0,0,0,0,0,0,0,0,0,0,0,0,115,0,0,0,8,0,0,0,0,0,9,0,0,0,0,0,0,0,0,0,0,0,0,0,0,0,0,0,0,0,0,0,0,0,0,0,0,0,0,0,0,0,0,0,0,0,0,0,0,0,0,0,0,0,0,0,0,0,0,0,0,0,0,0,0,0,0,0,0,0,0,0,0,0,0,0,0,0,0,0,0,0,0,0,0,0,0,0,0,0,0,0,0,0,0,0,0,0,0,0,0,0,0,0,0,0,0,0,0,0,0,0,0,0,0,0,0,0,0,0,0,0,0,0,0,0,0,0,0,0,0,0,0,0,0,0,0,0,0,0,0,0,0,0,0,0,0,0,0,0,0,0,0,0,0,0,0,0,0,0,0,0,0,0,0,0,0,0,0,0,0,0,0,0,0,0,0,0,0,0,0,0,0,0,0,0,0,0,0,0,0,0,0,0,0,0,0,0,0,0,0,0,0,0,0,0,0,0,0,0,0,0,0,0,0,0,0,0,0,0,0,0,0,0,0,0,0,0,0,0,0,0,0,0,0,0,0,0,0,0,0,0,0,0,0,0,0
"ERR3416732",479,0,0,0,180,0,3497,0,0,0,58,0,0,191,0,976,339,0,681,0,0,86,2403,1095,0,696,3525,36,14,0,0,0,253,10,1577,367,67,229,0,0,15,90,1553,115,0,94,6,0,48,0,178,240,0,338,58,44,19,49,0,0,0,0,0,0,0,0,249,183,47,0,0,0,0,0,42,0,0,63,0,0,164,0,0,0,0,0,0,0,0,0,0,0,18,0,0,0,0,57,0,0,0,0,0,0,0,0,6,0,0,0,0,0,0,0,77,18,0,85,38,0,98,0,0,0,188,0,0,0,0,11,0,0,0,0,0,41,0,0,0,324,0,0,0,0,0,72,0,0,0,0,0,0,0,0,0,0,16,0,94,0,0,0,0,0,0,0,0,5,0,0,0,0,0,0,0,0,403,0,0,0,0,0,14,0,0,0,0,0,0,0,0,0,0,0,0,0,5,0,0,264,0,0,0,0,0,0,0,0,0,0,0,0,5,0,0,0,0,0,0,0,56,0,0,0,0,0,0,0,0,0,0,0,0,0,8,0,0,0,0,0,0,0,0,0,0,0,0,0,0,0,0,0,0,0,0,0,0,0,0,0,0,0,0,0,0,0,0,0,0,0,0,0,0,0,0,0,0,0,0,0,0,0,0,0,0,0,0,0,0,0,0,0,0,0,0,0,0,0,0,0,0,0,0,0,0,0,0,0,0,0,0,0,0,0,0,0,0,0,0,0,0,0,0,0,0,0,0,0,0,0,0,0,0,0,0,0,0,0,0,0,0,0,0,0,0,0,0,0,0,0,0,0,0,0,0,0,0,0,0,0,0,0,0,0,0,0,0,0,0,0,0,0,0,0,0,0,0,0,0,0,0,0,0,0,0,0,0,0,0,0,0,0,0,0,0,0,0,0,0,0,0,0,0,0,0,0,0,0,0,0,0,0,0,0,0,0,0,0,0,0,0,0,0,0,0,0,0,0,0,0,0,0,0,0,0,0,0,0,0,0,0,0
"ERR3416733",121,0,0,7,0,8,172,7,0,0,276,0,0,0,5002,87,0,0,33,0,0,6,0,18,0,0,0,0,3,0,0,0,9,0,61,0,22,0,0,0,6,0,0,0,0,0,0,0,0,0,0,0,0,0,0,0,0,0,0,0,43,0,0,0,0,0,0,0,0,0,0,0,0,0,18,0,0,0,0,0,0,0,0,0,0,0,0,0,2,0,0,0,0,0,0,0,0,0,0,0,0,0,0,11,0,0,0,0,0,0,0,0,0,0,0,0,0,6,13,0,0,0,0,5,0,0,0,0,0,0,0,0,0,0,0,6,0,0,0,10,15,0,0,0,0,0,0,0,0,0,0,0,0,0,0,0,0,0,0,0,0,0,0,0,0,0,0,0,0,0,0,0,0,0,0,0,0,0,0,0,0,0,0,0,0,0,0,0,0,0,0,0,0,0,0,0,0,0,0,0,0,0,0,0,0,0,0,0,0,8,0,0,0,0,0,0,0,0,0,0,0,0,0,0,0,0,0,0,0,0,0,0,0,0,0,0,0,0,0,0,0,0,0,0,0,0,0,0,0,0,0,0,0,0,0,0,0,0,0,0,0,0,0,0,0,0,0,0,0,0,0,0,0,0,0,0,0,0,0,0,0,0,0,0,0,0,0,0,0,0,0,0,0,0,0,0,0,0,0,0,0,0,0,0,0,0,0,0,0,0,0,0,0,0,0,0,0,0,0,0,0,0,0,0,0,0,0,0,0,15,0,0,0,0,0,0,0,0,0,0,0,0,0,0,0,0,0,0,0,0,0,0,0,0,0,0,0,0,0,0,0,0,0,0,0,0,0,0,0,0,0,0,0,0,0,0,0,0,0,11,8,0,0,0,0,0,0,0,0,0,0,0,0,0,0,0,0,0,0,0,0,0,0,0,8,0,0,0,0,0,0,0,0,0,4,0,0,0,0,0,0,0,0,0,3,3,3,0,0,0,0,0,0,0,0,0,0,0,0,0,0,0
"ERR3416734",67,0,0,0,0,0,48,13,0,0,82,0,0,6,10103,84,103,0,0,0,0,61,49,13,0,0,0,0,0,0,0,0,0,0,4,46,0,0,0,0,0,7,6,0,0,0,0,0,0,0,0,0,0,0,0,0,0,0,0,0,0,0,0,0,0,0,0,6,0,0,0,0,0,0,7,0,0,0,0,0,5,0,0,0,0,0,0,0,0,0,0,0,0,0,0,0,0,0,0,0,0,0,0,36,0,0,0,0,0,0,0,0,0,0,0,0,0,0,76,0,0,0,0,14,28,0,0,0,0,0,0,0,0,0,0,119,0,0,0,3,0,0,0,0,0,0,0,0,0,0,0,0,0,0,0,0,0,0,0,0,0,0,0,0,0,0,0,0,0,0,0,0,0,0,0,0,0,0,0,0,0,0,0,0,0,0,0,0,0,0,0,0,0,0,0,0,0,0,0,0,0,0,0,0,0,0,0,0,0,6,0,0,0,0,0,0,0,0,0,0,0,0,0,0,0,0,0,0,0,0,0,0,0,6,0,0,0,0,0,0,0,0,0,0,0,0,0,0,0,0,0,0,0,0,0,0,0,0,0,0,0,0,0,0,0,0,0,0,0,0,0,0,0,0,0,0,0,0,0,0,0,0,0,0,0,0,0,0,0,0,0,0,0,0,0,0,0,0,0,0,0,0,0,0,0,0,0,0,0,0,0,0,0,0,0,0,0,0,0,0,0,0,0,0,0,0,0,0,0,0,0,0,0,0,0,0,0,0,0,0,0,0,0,0,0,0,0,0,0,0,0,0,0,0,0,0,0,0,0,0,0,0,0,0,0,0,0,0,0,0,0,0,0,0,0,0,0,0,0,0,0,0,0,0,0,0,0,0,0,0,0,0,0,0,0,0,0,0,0,0,0,0,0,0,0,4,0,0,0,0,0,0,0,0,0,0,0,0,0,0,0,0,0,0,0,0,0,0,0,0,0,0,0,0,0,0,0,0,0,0,0,0
"ERR3416736",292,0,0,0,0,0,126,0,0,0,25127,0,0,0,0,7,0,0,0,0,0,0,0,0,0,0,0,0,0,0,0,0,0,0,0,0,0,0,0,0,0,0,0,0,0,0,0,0,0,0,0,0,0,0,0,0,0,0,0,0,0,0,0,0,0,0,0,0,0,0,0,0,0,0,0,0,0,0,0,0,0,0,0,0,0,0,0,0,0,0,0,0,0,0,0,0,0,0,0,0,0,0,0,0,0,0,0,0,0,0,0,0,0,0,0,0,0,0,0,0,0,0,0,0,0,0,0,0,0,0,0,0,0,0,0,0,0,0,0,0,0,0,0,0,0,0,0,0,0,0,0,0,0,0,0,0,14,0,0,0,0,0,0,0,0,0,0,0,0,0,0,0,0,0,0,0,0,0,0,0,0,0,0,0,0,0,0,0,0,0,0,0,0,0,0,0,0,0,0,0,0,0,0,0,0,0,0,0,0,0,0,0,0,0,0,0,0,0,0,0,0,0,0,0,0,0,0,0,0,0,0,0,0,0,0,0,0,0,0,0,0,0,0,0,0,0,0,0,0,0,0,0,0,0,0,0,0,0,0,0,0,0,0,0,0,0,0,0,0,0,0,0,0,0,0,0,0,0,0,0,0,0,0,0,0,0,0,0,0,0,0,0,0,0,0,0,0,0,0,0,0,0,0,0,0,0,0,0,0,0,0,0,0,0,0,0,0,0,0,0,0,0,0,0,0,0,0,0,0,0,0,0,0,0,0,0,0,0,0,0,0,0,0,0,0,0,0,0,0,0,0,0,0,0,0,0,0,0,0,0,0,0,0,0,0,0,0,0,0,0,0,0,0,0,0,0,0,0,0,0,0,0,0,0,0,0,0,0,0,0,0,0,0,0,0,0,0,0,0,0,0,0,0,0,0,0,0,0,0,0,0,0,0,0,0,0,0,0,0,0,0,0,0,0,0,0,0,0,0,0,0,0,0,0,0,0,0,0,0,0,0,0
"ERR3416737",958,105,0,0,12407,0,715,0,0,0,535,0,0,1341,0,924,2000,0,936,0,0,0,3017,310,0,1525,0,0,0,0,0,0,0,0,79,2,255,0,36,21,0,59,1432,0,0,7,816,0,6,0,0,0,0,673,54,0,415,0,0,22,0,0,4,63,0,0,27,25,0,0,0,0,0,0,0,0,0,0,0,0,1016,0,0,0,0,0,0,0,0,0,0,0,0,0,0,0,0,500,0,0,40,0,0,0,0,0,0,0,0,0,0,0,45,5,0,0,0,78,400,0,159,0,0,0,55,0,0,0,41,0,0,0,0,0,0,0,0,0,0,0,0,0,0,0,0,0,0,0,0,0,0,0,11,0,0,0,0,0,0,0,0,0,0,0,0,0,0,0,0,0,0,10,0,0,0,0,0,0,0,0,0,137,0,0,0,0,0,0,0,0,0,0,0,0,0,0,0,0,0,12,0,0,0,0,0,0,0,0,0,0,198,0,0,0,0,0,0,0,0,0,0,0,0,0,0,0,0,0,0,0,0,0,0,0,0,0,0,0,0,0,0,0,0,0,0,0,0,0,0,0,0,0,0,0,0,0,0,0,0,0,0,0,0,0,0,0,0,0,0,0,0,0,0,0,0,0,0,0,0,0,0,0,0,0,0,0,0,0,0,0,0,0,0,0,0,0,0,0,0,0,0,0,0,0,0,0,0,0,0,0,0,0,0,0,0,0,0,0,0,0,0,0,0,0,0,0,0,0,0,0,0,0,0,0,0,0,0,0,0,0,0,0,0,0,0,0,0,0,0,0,0,0,0,0,0,0,0,0,0,0,0,0,0,0,0,0,0,0,0,0,0,0,0,0,0,0,0,0,0,0,0,0,0,0,0,0,0,0,0,0,0,0,0,0,0,0,0,0,0,0,0,0,0,0,0,0,0,0,0,0,0,0,0,0,0,0,0,0,0,0,0,0,0,0,0,0,0,0,0,0,0,0,0,0,0,0,0,0,0,0,0,0
"ERR3416738",618,0,0,0,0,0,2225,0,0,0,16149,0,0,0,0,0,0,0,0,0,0,0,0,26,0,0,0,36,0,0,0,0,0,0,27,0,0,0,0,0,0,0,0,0,0,0,0,0,0,0,0,0,0,0,0,0,0,0,0,0,0,0,0,0,0,0,0,0,0,0,0,0,0,0,0,0,0,0,0,0,0,0,0,0,0,0,0,0,0,0,0,0,0,0,0,0,0,0,0,0,0,0,0,0,0,0,0,0,0,0,0,0,0,0,0,0,0,0,0,0,0,0,0,0,0,0,0,0,0,0,0,0,0,0,0,0,0,0,0,0,0,0,0,0,0,0,0,0,0,0,0,0,0,0,0,0,0,0,0,0,0,0,0,0,0,0,0,0,0,0,0,0,0,0,0,0,0,0,0,0,0,0,0,0,0,0,4,0,0,0,0,0,0,0,0,0,0,0,0,0,0,0,0,0,0,0,0,0,0,0,0,0,0,0,0,0,0,0,0,0,0,0,0,0,0,0,0,0,0,0,0,0,0,0,0,0,0,0,0,0,0,0,0,0,0,0,0,0,0,0,0,0,0,0,0,0,0,0,0,0,0,0,0,0,0,0,0,0,0,0,0,0,0,0,0,0,0,0,0,0,0,0,0,0,0,0,0,0,0,0,0,0,0,0,0,0,0,0,0,0,0,0,0,0,0,0,0,0,0,0,0,0,0,0,0,0,0,0,0,0,0,0,0,0,0,0,0,0,0,0,0,0,0,0,0,0,0,0,0,0,0,0,0,0,0,0,0,0,0,0,0,0,0,0,0,0,0,0,0,0,0,0,0,0,0,0,0,0,0,0,0,0,0,0,0,0,0,0,0,0,0,0,0,0,0,0,0,0,0,0,0,0,0,0,0,0,0,0,0,0,0,0,0,0,0,0,0,0,0,0,0,0,0,0,0,0,0,0,0,0,0,0,0,0,0,0,0,0,0,0,0,0,0,0,0,0,0,0,0,0,0,0
"ERR3416739",1382,0,0,0,5622,0,1579,0,0,0,81,0,0,1826,180,257,913,0,88,0,0,0,1588,517,0,376,537,0,1338,0,0,0,49,0,92,85,0,30,0,0,2558,0,558,60,0,36,411,0,0,0,266,0,114,80,0,0,701,0,0,104,0,45,0,95,0,0,244,0,0,0,0,122,0,0,154,59,36,497,0,0,778,0,0,0,0,0,0,0,51,0,0,133,0,0,0,0,0,0,0,0,0,0,0,75,0,0,463,0,0,0,81,0,31,0,0,0,0,76,64,0,4,0,0,0,49,0,0,0,0,0,3,0,0,0,0,0,0,0,0,0,0,0,0,0,0,0,0,0,0,0,0,63,0,0,0,0,0,0,0,0,0,0,0,0,0,0,48,0,0,0,0,0,0,0,0,0,0,0,0,0,0,27,24,0,0,0,9,0,0,0,0,0,0,0,0,0,0,0,0,12,0,0,0,0,0,0,0,0,0,0,0,0,5,0,0,0,0,0,0,16,7,0,0,0,0,0,0,0,0,0,0,0,0,0,0,0,0,0,0,0,0,0,0,0,0,0,0,0,0,0,0,0,0,0,0,0,0,0,0,0,0,0,0,0,0,0,0,0,0,0,0,0,0,0,0,0,0,0,0,0,0,0,0,0,0,0,0,0,0,0,0,0,0,0,0,0,0,0,0,0,0,0,0,0,0,0,0,0,0,0,0,0,0,0,0,0,0,0,0,0,0,0,0,0,0,0,0,0,0,0,0,0,0,0,0,0,0,0,0,0,0,0,0,0,6,0,0,0,0,0,0,0,0,0,0,0,0,0,0,0,0,0,0,0,0,0,0,0,0,0,0,0,0,0,0,0,0,0,0,0,0,0,0,0,0,0,0,0,0,0,0,0,0,0,0,0,0,0,0,0,0,0,0,0,0,0,0,0,0,0,0,0,0,0,0,0,0,0,0,0,0,0,0,0,0,0,0,0,0,0,0,0,0,0,0,0,0,0,0,0,0,0
"ERR3416740",227,6,0,0,2640,0,3869,0,0,0,179,0,0,51,0,172,305,30,2340,0,0,266,867,602,0,9,0,0,4,0,15,2785,483,0,111,11,1434,22,0,0,339,0,191,0,9,117,0,0,0,0,168,0,0,329,172,303,0,0,0,0,0,31,39,0,0,0,0,0,0,0,30,21,0,0,381,0,0,33,113,0,25,58,0,0,0,0,0,0,13,0,0,0,0,0,0,0,0,0,0,0,0,0,0,0,152,0,0,0,0,0,0,0,0,0,32,0,0,77,0,0,0,0,0,0,20,0,0,44,0,10,3,0,0,0,0,0,0,0,0,0,0,0,0,0,0,0,0,0,0,0,0,0,232,0,0,0,32,183,0,0,0,0,0,0,0,0,0,0,52,0,0,0,0,0,16,0,0,0,0,0,0,0,0,0,0,0,8,0,0,0,0,0,0,0,0,0,0,0,0,0,0,0,0,0,0,2,0,0,0,0,0,0,0,0,0,0,0,0,0,0,0,0,0,0,0,0,0,0,0,0,0,0,0,0,0,0,0,0,0,0,0,0,0,0,0,0,0,0,0,0,0,0,0,0,0,0,0,0,0,0,0,0,0,0,0,0,0,0,0,0,0,0,0,0,0,0,0,0,0,0,0,0,0,0,0,0,0,0,0,0,0,0,0,0,0,0,0,0,0,0,0,0,0,0,0,0,0,0,0,0,0,0,0,0,0,0,0,0,0,0,0,0,0,0,0,0,0,0,0,0,0,0,0,0,0,0,0,0,0,0,0,0,0,0,0,0,0,0,0,0,0,0,0,0,0,0,0,0,0,0,0,0,0,0,0,0,0,0,0,0,0,0,0,0,0,0,0,0,0,0,0,0,0,0,0,0,0,0,0,0,0,0,0,0,0,0,0,0,0,0,0,0,0,0,0,0,0,0,0,0,0,0,0,0,0,0,0,0,0,0,0,0,0,0,0,2,0,0,0,0,0,0,0,0,0,0,0,0,0,0,0,0
"ERR3416741",52,0,0,0,1968,0,150,0,0,0,23,0,0,1277,62,302,1572,0,579,0,0,83,3571,76,0,64,840,0,193,0,2,0,0,0,2,21,86,0,0,32,0,99,669,529,0,0,13,0,245,0,0,0,0,219,0,0,0,0,158,0,0,0,0,0,0,0,85,91,30,0,0,0,0,0,12,0,0,20,0,2372,16,0,0,0,0,0,0,0,0,0,0,0,384,0,0,0,0,0,0,0,40,0,0,71,0,0,0,0,0,0,0,0,0,0,0,0,2,0,18,0,71,0,14,0,16,0,0,0,14,0,0,0,0,0,0,109,0,0,0,0,95,0,0,0,0,0,0,0,0,0,0,0,0,0,0,0,0,0,190,0,0,0,0,0,0,0,0,0,0,0,0,0,0,0,0,0,0,0,0,0,0,0,0,0,0,0,0,0,14,0,0,0,0,0,0,0,0,0,0,0,0,0,0,0,0,0,0,0,0,0,0,0,0,0,0,0,0,0,0,0,0,0,0,0,0,0,0,0,0,0,0,0,0,0,0,0,0,0,0,0,0,0,0,0,0,0,0,0,0,0,0,0,0,0,0,0,0,0,0,0,0,0,0,0,0,0,0,0,0,0,0,0,0,0,0,0,0,0,0,0,0,0,0,0,0,0,0,0,0,0,0,0,0,0,0,0,0,0,0,0,0,0,0,0,0,0,0,0,0,0,0,0,0,0,0,0,0,0,0,0,0,0,0,0,0,0,0,0,0,0,0,0,0,0,0,0,0,0,0,0,0,0,0,0,0,0,0,0,0,0,0,0,0,0,0,0,0,0,0,0,0,0,0,0,0,0,0,0,0,0,0,0,0,0,0,0,0,0,0,0,0,0,0,0,0,0,0,0,0,0,0,0,0,0,0,0,0,0,0,0,0,0,0,0,0,0,0,0,0,0,0,0,0,0,0,0,0,0,0,0,0,0,0,0,0,0,0,0,0,0,0,0,0,0,0,0,0,0,0,0,0,0
"ERR3416742",826,97,0,90,5,2,13162,0,0,0,0,0,0,57,73,20,0,0,0,0,0,0,0,1064,154,345,1047,20,0,0,205,426,36,564,572,0,60,504,21,0,634,0,0,0,496,136,0,0,0,0,993,577,27,0,102,0,110,137,0,0,0,199,0,22,0,0,194,0,0,0,0,0,519,1077,72,907,572,31,0,0,0,0,181,0,0,0,0,0,0,751,512,28,0,7,0,0,0,0,0,690,0,13,485,0,69,154,0,0,103,0,309,0,7,0,0,163,0,105,0,0,167,19,0,0,0,0,0,0,0,0,0,0,0,0,0,0,0,0,0,9,0,0,0,0,0,0,0,0,3,0,0,0,0,0,0,0,0,0,0,0,0,3,0,0,0,0,0,0,0,0,0,14,0,0,0,0,0,0,0,0,0,0,0,0,0,0,0,0,0,0,0,0,0,0,0,0,0,0,0,68,0,0,0,0,8,0,0,0,0,0,0,0,0,0,0,0,0,0,0,0,0,0,137,0,0,0,0,0,0,0,0,0,0,0,0,0,0,0,0,0,0,0,0,15,0,0,0,0,0,0,0,0,0,0,0,0,0,0,0,12,0,0,0,0,0,0,0,0,0,0,0,0,0,0,0,0,0,0,0,0,0,0,0,0,0,0,0,0,0,11,0,0,0,0,0,0,0,0,0,0,0,0,0,3,0,0,0,0,0,0,0,0,0,0,0,0,0,7,0,0,0,0,0,0,0,0,0,0,0,0,0,0,0,0,0,0,0,0,0,0,0,0,0,0,0,0,0,0,0,0,0,0,0,0,0,0,0,0,0,0,0,0,0,0,0,0,0,0,0,0,0,0,0,0,0,0,0,0,0,0,0,0,0,0,0,0,0,0,0,0,0,0,0,0,0,0,6,0,0,0,0,0,0,0,0,0,0,0,0,0,0,0,0,0,0,0,0,0,0,0,0,0,0,0,0,0,0,0,0,0,0,0,0,0,0,0,0,0,0,0,0,0
"ERR3416743",338,37,7,31,375,0,7341,0,0,26,2916,0,0,78,47,558,183,0,58,0,0,17,178,11227,0,0,0,4,0,0,0,44,85,31,18,58,43,35,0,21,0,0,208,0,4,0,49,0,0,0,37,0,0,50,0,20,337,0,6,0,0,0,0,0,0,0,0,0,0,0,0,0,20,0,0,85,139,0,0,0,46,0,0,0,0,0,0,0,0,0,0,0,0,0,0,0,0,38,0,60,0,0,0,5,0,2,0,0,11,0,0,0,0,0,0,0,0,58,0,0,3,0,0,0,0,0,0,0,0,0,0,0,0,0,0,0,0,0,0,0,0,0,0,0,0,0,0,0,0,0,0,0,0,0,0,0,0,4,0,0,0,0,0,0,0,0,0,0,0,0,0,0,0,0,0,0,0,0,0,0,0,0,0,0,0,0,170,0,0,0,0,0,0,0,0,0,0,0,0,0,0,0,0,0,0,0,0,0,0,0,0,0,0,0,0,0,0,0,0,0,0,0,0,0,0,0,0,0,0,0,0,0,0,0,0,0,0,0,0,0,0,0,0,13,0,0,0,0,0,0,0,0,0,0,0,0,0,0,0,0,0,0,0,0,0,0,0,0,0,0,0,0,0,0,0,0,0,0,0,0,0,0,0,0,0,0,0,0,0,0,0,0,0,0,0,0,0,0,0,0,0,0,0,0,0,0,0,0,0,0,0,0,0,0,0,0,0,0,0,0,0,0,0,0,0,0,0,0,0,0,0,0,0,0,0,0,0,0,0,0,0,0,0,0,0,0,0,0,0,0,0,0,0,0,0,0,0,0,0,0,0,0,0,0,0,0,0,0,0,0,0,0,0,0,0,0,0,0,0,0,0,0,0,0,0,0,0,0,0,0,0,0,0,0,0,0,0,0,0,0,0,0,0,0,0,0,0,0,0,0,0,0,0,0,0,0,0,0,0,0,0,0,0,0,0,0,0,0,0,0,0,0,0,0,0,0,0,0,0,0,0,0
"ERR3416744",22,115,0,19229,0,0,1359,0,0,0,391,0,0,0,0,0,0,0,0,0,0,0,0,200,0,0,0,0,0,0,3,0,0,496,1844,0,0,42,0,0,0,0,0,0,5,0,0,0,0,0,36,22,0,0,0,0,0,0,0,0,0,0,0,65,0,0,0,0,0,0,0,0,0,0,0,0,253,0,0,0,0,0,267,0,0,0,0,0,0,0,126,0,0,0,0,0,0,0,0,473,0,0,686,0,0,0,0,0,122,31,0,0,0,0,0,101,0,0,0,0,0,0,0,0,0,0,0,0,0,0,0,0,0,0,0,0,0,0,0,0,0,0,0,0,0,0,0,0,0,0,0,0,0,41,0,0,0,0,0,0,0,0,0,0,0,0,0,0,0,0,0,0,0,0,0,0,0,0,0,0,0,0,0,0,0,0,206,0,0,0,0,0,0,0,0,0,0,0,0,120,0,0,0,0,0,0,0,0,0,0,0,0,0,0,0,0,0,0,0,0,0,0,0,0,0,0,0,0,0,0,0,0,0,0,0,0,0,0,0,0,0,0,0,0,0,0,0,0,0,0,0,0,0,0,0,0,0,0,0,31,0,0,0,0,0,0,0,2,0,0,0,0,0,0,0,0,0,0,0,0,0,0,0,0,0,0,0,48,0,0,0,0,0,0,0,0,0,0,0,0,0,0,0,0,0,0,0,0,0,0,0,0,0,0,0,0,0,0,0,0,0,0,0,0,0,0,0,0,0,0,0,0,0,0,0,0,0,0,0,0,0,0,0,0,0,0,0,0,0,0,0,0,0,12,0,0,0,0,0,0,0,0,0,0,0,0,0,0,0,0,0,0,0,0,0,0,0,0,0,0,0,0,0,0,0,0,0,0,0,0,0,0,0,0,0,0,0,0,0,0,0,0,0,0,0,0,0,0,0,0,0,0,0,0,0,0,0,0,0,0,0,0,0,0,0,0,0,0,0,0,0,0,0,0,0,0,0,0,0,0,0,0
"ERR3416745",439,43,0,19,1583,0,744,0,30,0,475,0,0,1990,0,56,7651,0,759,0,0,0,917,6,0,2,1062,0,2527,0,0,0,5,0,8,70,0,0,0,0,0,0,680,253,0,0,49,0,0,28,0,0,0,679,0,0,7,0,0,3,0,0,0,0,0,0,22,0,0,0,0,0,0,40,95,0,0,253,0,0,25,0,0,0,0,0,0,0,0,6,0,0,0,0,0,0,0,0,0,0,0,0,0,0,0,0,0,0,0,0,0,0,0,0,0,0,443,132,0,0,0,0,0,0,0,0,0,0,0,0,0,0,0,0,0,0,0,0,0,0,0,0,0,0,0,0,0,0,0,0,0,0,0,0,0,0,0,0,0,0,0,0,0,0,0,0,0,0,0,0,0,0,0,0,0,0,0,0,0,0,0,8,72,0,0,0,0,0,0,0,0,0,0,0,0,0,0,0,0,0,0,0,0,0,0,0,0,0,0,0,0,0,0,0,0,0,0,0,0,2,0,0,0,0,0,0,0,0,0,0,0,0,0,0,0,0,0,0,0,0,0,0,0,0,0,0,0,0,0,0,0,0,0,0,0,0,0,0,0,0,0,0,0,0,0,0,0,0,0,0,0,0,0,0,0,0,0,0,0,0,0,0,0,0,0,0,0,0,0,0,0,0,0,0,0,0,0,0,0,0,0,0,0,0,0,0,0,0,0,0,0,0,0,0,0,0,0,0,0,0,0,0,0,0,0,0,0,0,0,0,0,0,0,0,0,0,0,0,0,0,0,0,0,0,0,0,0,0,0,0,0,0,0,0,0,0,0,0,0,0,0,0,0,0,0,0,0,0,0,0,0,0,0,0,0,0,0,0,0,0,0,0,0,0,0,0,0,0,0,0,0,0,0,0,0,0,0,0,0,0,0,0,0,0,0,0,0,0,0,0,0,0,0,0,0,0,0,0,0,0,0,0,0,0,0,0,0,0,0,0,0,0,0,0,0,0,0,0,0,0,0,0
"ERR3416746",1000,15,0,303,0,0,2727,0,0,0,142,0,0,0,55,0,0,0,14,0,0,0,59,943,0,0,177,18,0,0,4,84,104,524,1404,0,2147,660,0,3,12,0,0,170,60,34,0,0,576,12,456,0,373,0,204,0,308,0,175,0,0,0,1245,12,0,0,335,0,0,0,0,0,0,503,7,474,0,0,0,0,0,0,175,0,0,1095,0,0,36,1574,0,0,0,0,0,0,0,0,0,22,0,17,0,11,0,0,0,0,0,0,116,0,43,0,0,0,0,0,14,0,352,2,426,0,0,15,0,408,0,6,0,0,0,0,0,0,0,0,0,50,0,0,0,0,0,0,0,0,328,0,0,0,31,15,0,0,0,34,0,0,0,23,0,0,0,0,0,0,223,0,0,0,0,7,0,138,0,0,0,0,0,0,0,0,0,0,0,0,2,61,0,0,0,0,0,0,0,0,16,94,0,0,0,0,0,0,0,0,0,0,0,0,0,0,0,0,0,0,0,0,29,0,0,0,0,0,0,0,0,0,0,0,0,17,0,0,0,0,0,0,0,0,0,0,0,0,0,0,0,0,0,0,0,0,0,0,0,0,0,0,0,30,0,0,0,0,0,0,0,0,0,0,0,0,0,0,0,0,0,0,0,0,0,0,0,0,0,0,0,0,0,0,0,0,0,0,0,0,0,0,0,0,0,0,0,0,0,0,11,0,0,0,0,9,0,0,0,0,0,0,0,0,0,0,0,0,0,0,0,0,0,0,0,0,0,0,0,0,0,0,0,0,0,0,0,0,0,0,0,0,0,0,0,0,0,0,0,0,0,0,0,0,0,0,0,0,0,0,0,0,0,0,0,0,0,2,0,0,0,0,0,0,0,0,0,0,0,0,0,0,0,0,0,0,0,0,0,0,0,0,0,0,0,0,0,0,0,0,0,0,0,0,0,0,0,0,0,0,0,0,0,0,0,0,0,0,0,0,0,0,0,0,0,0,0,0,0,0,0,0,0,0
"ERR3416747",65,76,0,301,1125,0,6184,5,3,13,174,0,0,336,35,539,126,22,971,0,0,0,692,788,0,158,254,120,9,102,5,423,135,56,113,0,955,52,0,10,55,14,151,766,22,37,0,0,170,0,271,375,102,281,163,146,56,0,111,0,0,31,146,80,0,0,352,0,349,0,11,21,0,28,389,64,632,43,0,0,44,29,0,0,0,1361,0,0,109,80,0,0,0,0,0,0,0,5,0,70,0,20,0,77,171,0,40,0,0,0,74,0,0,0,0,0,0,0,179,0,263,27,56,436,27,392,0,70,0,0,0,0,0,0,0,0,0,0,0,9,3,0,0,69,0,0,76,0,344,0,0,0,57,0,0,0,0,0,10,22,0,0,2,0,0,0,0,3,16,0,0,0,0,0,7,32,0,0,0,0,0,0,0,0,0,0,0,0,2,187,0,0,341,0,0,0,0,0,0,63,0,0,0,0,0,0,0,0,0,0,0,0,0,0,0,0,0,0,0,0,9,0,0,0,0,0,0,0,0,0,0,0,0,102,0,0,0,0,0,0,0,0,0,0,0,0,0,0,0,0,0,0,0,0,0,0,0,0,0,67,0,33,0,0,0,67,0,0,0,0,0,0,0,0,0,0,23,0,0,0,0,0,0,0,0,0,0,0,0,0,0,0,51,48,0,0,0,0,0,0,0,0,0,0,0,0,0,0,0,0,0,0,0,0,0,0,0,0,0,0,0,0,0,0,0,0,0,0,0,15,0,0,0,0,0,0,0,0,0,0,0,0,0,0,0,0,0,0,0,0,0,0,0,0,0,0,0,0,0,0,0,0,0,0,0,0,0,0,0,0,0,0,0,0,0,0,0,0,0,0,0,0,0,0,0,0,0,0,0,0,0,0,0,0,0,0,0,0,0,0,0,0,0,0,0,0,0,0,0,0,0,0,0,0,0,4,0,0,0,0,0,0,0,0,0,0,0,0,0,0,0,0,0,0,0,0,0,0,0,0,0,0
"ERR3416748",757,8,0,0,7692,0,2327,19,17,0,0,0,0,944,0,411,2240,0,1718,0,0,0,1721,333,0,261,0,0,411,0,38,100,285,0,286,17,1326,0,0,0,629,91,1025,0,22,35,247,0,143,0,0,132,0,1145,61,0,258,6,0,0,0,52,43,100,0,0,70,0,0,0,0,8,0,146,233,0,12,43,0,0,336,0,0,0,0,0,0,0,0,0,0,74,0,0,0,0,0,131,0,91,0,0,0,0,17,0,6,0,0,0,56,0,82,0,0,0,9,0,0,0,34,0,0,0,16,0,0,0,0,15,0,0,0,0,0,0,0,0,0,0,0,0,0,0,0,0,7,0,0,0,0,0,0,0,0,0,0,12,0,56,0,0,0,0,0,0,0,0,0,0,0,14,0,0,43,0,0,0,0,0,0,3,0,0,0,7,0,0,0,0,0,0,0,0,0,0,8,0,0,54,0,0,0,0,0,0,0,0,0,0,0,0,0,0,0,0,0,0,0,5,0,0,0,0,0,0,0,0,0,0,0,0,0,0,0,0,0,0,0,77,0,0,0,0,0,0,0,0,0,0,0,0,0,0,0,0,0,0,0,0,0,0,0,0,0,0,0,0,0,0,0,0,12,0,0,0,0,0,0,0,0,0,0,0,0,0,0,0,0,0,0,0,0,0,0,0,0,0,0,0,0,0,0,0,0,0,0,0,0,0,0,0,0,0,0,0,0,0,0,0,0,0,0,0,0,0,0,0,0,0,0,0,0,0,0,0,0,0,0,0,0,0,0,0,0,0,0,0,0,0,0,0,0,0,0,0,0,0,0,0,0,0,0,0,0,0,0,0,0,0,0,0,0,0,0,0,0,0,0,0,0,0,0,0,0,0,0,0,0,0,0,0,0,0,0,0,0,0,0,0,0,0,0,0,0,0,0,0,0,0,0,0,0,0,0,0,0,0,0,0,0,0,0,0,0,0,0,0,0,0,0,0,0,0,0,0,0,0,0,0,0,0
"ERR3416749",618,6727,0,61,173,26,1228,174,8,0,318,0,0,60,45,0,123,18,139,0,11,85,245,386,111,139,0,0,10,0,3233,71,2517,69,964,5,912,0,0,0,208,0,29,0,74,59,11,0,2570,0,230,26,0,40,236,0,12,0,0,0,0,273,766,0,0,0,17,0,0,0,0,16,0,213,250,77,0,0,0,0,0,0,0,0,0,0,63,0,586,7,0,0,0,0,74,0,45,0,0,49,0,0,0,90,68,59,0,0,0,0,138,0,0,0,6,609,0,0,0,0,157,0,20,13,64,0,0,0,7,120,0,0,0,0,0,6,0,0,0,2,0,0,0,0,0,0,286,0,110,0,0,0,0,0,0,0,0,0,0,210,0,0,131,0,0,0,0,0,92,0,0,0,0,0,20,0,0,0,0,0,0,0,0,0,0,0,0,0,0,0,0,0,0,0,0,0,0,201,0,422,0,0,0,0,0,0,0,0,0,0,0,0,50,0,0,0,0,0,0,0,88,0,0,0,42,0,0,0,6,0,6,0,0,0,52,0,0,0,0,22,0,0,0,0,0,0,0,0,48,0,0,83,0,0,0,0,0,0,0,0,0,0,3,0,0,0,0,37,0,0,0,0,0,0,0,0,0,0,0,0,0,0,0,0,0,44,0,0,4,38,0,0,0,0,0,0,0,0,0,0,0,0,0,0,0,0,0,0,0,0,0,15,0,0,0,0,0,0,0,34,0,0,0,0,0,0,0,4,0,0,0,0,0,0,15,0,0,0,0,0,0,0,14,0,0,0,0,0,0,0,0,0,0,17,0,0,0,0,0,0,0,0,0,0,0,0,0,0,0,0,0,0,0,0,0,5,0,0,0,0,0,8,0,0,0,0,0,7,7,0,0,0,0,0,0,0,0,0,0,0,0,0,0,0,0,5,0,0,0,0,0,0,0,0,0,0,0,0,0,0,0,0,0,0,0,0,0,0,0,0,0,0,0,0,0,0,0,0,0,2,0,0
"ERR3416750",462,6672,0,382,0,0,510,298,0,0,0,0,0,4,769,8,6,0,14,0,0,0,4,156,25,119,0,0,0,0,2533,13,888,35,448,0,652,289,0,0,134,0,0,0,95,0,0,0,1606,0,238,0,3,0,53,0,9,0,0,0,0,88,378,0,0,0,21,0,0,0,0,31,0,113,84,0,0,0,0,0,0,0,48,0,0,0,207,0,414,0,0,0,0,0,62,0,13,0,0,20,0,7,0,35,5,21,0,0,0,0,0,0,0,0,0,317,0,0,0,0,116,0,8,0,22,0,0,0,0,58,0,0,0,0,0,0,0,0,0,0,4,0,0,0,0,0,160,0,25,0,0,0,0,40,0,0,0,0,0,0,0,20,43,0,0,0,0,0,88,0,0,0,0,0,0,0,0,0,0,0,0,0,0,0,0,0,0,0,0,0,0,0,0,0,0,0,0,135,0,100,0,0,0,7,0,0,0,0,0,2,0,0,34,0,0,0,0,0,0,0,159,0,0,0,77,0,0,0,0,0,0,0,0,0,23,0,0,0,0,16,0,0,96,0,0,0,0,0,89,0,0,16,0,0,0,0,0,0,0,6,0,0,0,0,0,0,0,0,0,0,0,0,0,0,0,0,0,0,0,0,0,0,0,0,0,46,0,0,0,25,0,0,0,0,0,0,0,0,0,0,0,0,0,0,0,0,0,0,0,0,0,0,0,0,0,0,0,0,0,0,0,0,0,0,0,0,0,0,0,0,0,0,0,0,0,0,0,0,0,0,0,0,0,0,0,0,0,0,0,0,0,0,0,11,0,0,0,0,0,0,0,0,0,0,0,0,0,0,0,0,0,0,0,0,0,3,0,0,0,0,0,0,0,0,0,0,0,0,0,0,0,0,0,0,0,0,0,0,0,0,0,0,0,0,0,0,0,0,0,0,0,0,0,0,0,0,0,0,0,0,0,0,0,0,0,0,0,3,0,0,0,0,0,0,0,0,0,0,0,0,2,0
"ERR3416751",3415,21270,142,377,115,6,431,15,0,0,0,0,0,0,4,10,169,85,225,0,0,42,10,340,0,374,0,0,0,90,619,15,68,51,437,53,513,357,0,0,262,0,42,0,108,0,0,0,289,0,188,0,0,0,27,0,0,0,63,4,0,0,157,0,0,0,5,0,0,0,0,4,50,0,32,0,0,0,0,0,0,0,0,0,0,0,0,0,494,0,0,0,0,0,0,0,0,0,0,0,0,0,0,19,0,15,0,0,0,0,0,0,0,0,0,119,0,0,0,0,37,0,7,4,0,0,0,0,0,0,4,0,0,0,0,45,0,0,0,51,0,0,0,0,0,0,43,0,0,0,0,0,0,97,0,0,9,0,0,0,0,0,0,0,0,0,0,7,21,0,0,0,0,0,0,0,0,0,0,0,0,0,0,0,0,0,9,0,0,0,0,0,0,0,0,0,0,41,0,45,0,0,13,0,0,0,0,0,0,0,0,0,0,0,0,0,0,0,0,0,138,0,0,0,60,0,0,0,0,0,0,0,0,0,0,0,0,0,0,0,0,0,0,0,0,0,0,0,49,0,0,0,0,0,0,0,0,0,0,0,0,0,0,3,0,0,0,19,0,71,0,0,0,0,0,0,0,0,0,0,0,0,0,0,57,27,0,0,0,0,0,0,0,0,0,0,0,0,0,0,0,0,0,0,0,0,0,0,0,0,0,0,0,0,0,0,0,0,0,0,0,0,0,0,0,0,0,0,0,0,0,0,0,0,0,0,0,0,0,0,0,0,0,0,0,0,0,0,0,0,0,0,0,0,0,0,0,0,0,0,0,0,0,0,0,0,0,0,0,0,0,0,0,0,0,0,0,0,0,0,0,0,0,0,0,0,0,0,0,0,0,0,0,0,0,0,0,0,0,0,0,0,0,0,0,0,0,0,0,0,0,0,0,0,0,0,0,0,0,0,0,0,0,0,0,0,0,0,0,0,0,0,0,0,0,0,0,0,0,0,0,0
"ERR3416752",3985,29,778,1069,734,0,1789,0,0,0,0,0,0,0,0,91,708,596,779,0,0,467,93,707,0,130,0,0,0,602,136,78,221,225,746,356,1512,0,0,0,1695,0,364,0,0,26,0,0,34,0,390,9,0,0,448,27,53,0,586,53,0,0,419,93,0,0,8,0,0,0,0,0,582,0,0,0,0,0,0,0,0,95,0,0,0,0,0,0,147,0,0,0,0,0,0,0,7,0,0,0,0,7,0,19,21,0,0,0,0,0,33,0,78,0,0,15,0,0,0,0,0,0,70,0,0,0,0,0,0,53,0,0,0,5,0,189,0,0,11,298,0,0,0,0,0,0,0,0,0,0,0,0,25,0,0,0,29,0,0,0,0,0,0,0,0,0,43,26,0,0,0,0,0,0,0,0,0,0,0,0,0,0,0,0,0,0,36,0,0,0,0,0,0,0,0,0,0,0,0,39,0,30,253,0,22,123,0,22,0,0,0,0,0,0,0,33,0,0,13,0,0,0,0,0,0,0,0,0,0,0,0,0,0,0,18,0,0,0,0,0,0,0,0,0,0,0,0,0,0,0,0,0,0,0,0,0,0,0,0,0,0,0,0,17,0,0,0,0,0,0,0,0,0,0,0,0,0,0,0,0,0,0,0,0,0,0,0,0,0,0,0,0,0,0,0,0,0,0,0,0,0,0,0,19,0,0,0,0,0,0,0,0,0,0,0,0,0,0,0,0,0,0,0,0,0,0,32,0,0,0,0,0,0,0,0,0,0,0,0,0,0,0,0,0,0,0,0,0,0,0,0,0,0,0,0,0,0,0,0,0,0,0,0,0,0,0,0,0,0,0,0,0,0,0,0,0,0,0,0,0,0,0,0,0,0,0,0,0,0,0,0,0,0,0,0,0,0,0,0,0,0,0,0,0,0,0,0,0,0,0,0,0,0,0,0,0,0,0,0,0,0,0,0,0,0,0,0,0,0,0,0,0,0,0,0,0,0,0,0,0,0,0
"ERR3416753",1203,8,0,95,0,0,7358,0,0,414,153,0,0,0,413,7,6,277,16,0,0,28,4,1202,0,416,0,0,0,858,0,9,262,0,58,0,943,0,0,0,0,0,0,0,23,123,0,0,214,0,0,42,0,2,153,0,266,0,12,0,0,0,110,48,0,0,11,0,0,0,0,0,437,0,0,414,468,0,0,0,0,0,0,0,0,20,0,0,6,0,0,0,0,0,0,0,0,0,0,26,0,8,0,0,48,0,0,0,0,16,0,0,0,0,0,0,0,0,0,0,305,0,60,0,62,0,0,26,0,0,0,0,0,0,0,97,0,0,78,0,0,0,0,0,0,0,11,0,212,0,302,0,0,0,0,0,0,0,0,0,0,0,0,0,0,0,0,0,0,0,0,197,0,0,0,0,0,0,0,0,0,0,0,0,0,0,106,0,0,0,0,0,0,0,0,0,0,0,15,14,0,0,17,0,191,0,0,0,0,0,0,0,0,0,0,0,0,0,36,4,0,0,0,0,0,28,0,0,0,0,0,0,0,0,21,0,0,0,0,0,0,0,0,0,0,0,0,0,0,0,0,0,0,0,0,0,0,0,0,18,0,0,0,0,0,0,0,0,0,0,0,0,0,0,0,0,0,0,0,0,0,0,0,0,0,0,0,0,0,0,0,0,0,0,0,0,0,0,0,0,0,0,0,0,0,0,0,0,0,0,0,0,0,0,0,0,0,0,0,0,0,0,0,0,0,0,0,0,0,0,0,0,0,0,0,0,0,0,0,0,0,0,0,0,0,0,0,0,0,0,0,0,0,0,0,0,0,0,0,0,0,0,0,0,0,0,0,0,0,0,0,0,0,0,0,0,0,0,0,0,0,0,0,0,0,0,0,0,0,0,0,0,0,0,0,0,0,0,0,0,0,0,0,0,0,0,0,0,0,0,0,0,0,0,0,0,0,0,0,0,0,0,0,0,0,0,0,0,0,0,0,0,0,0,0,0,0,0,0,0,0,0
"ERR3416755",1078,5661,0,268,2682,91,603,9,0,0,13,0,0,71,0,300,305,0,457,0,8,81,637,10603,0,1221,1428,0,0,0,6,7,34,0,48,4,491,985,0,0,0,32,76,0,2037,0,42,0,106,0,0,0,0,50,28,0,377,16,34,7,0,0,0,84,0,0,34,0,12,0,0,0,0,0,11,790,71,0,0,0,178,0,0,0,0,0,0,37,159,59,0,0,0,0,0,0,0,90,0,153,0,0,0,0,0,0,0,0,0,0,0,0,0,0,0,0,0,0,0,0,0,0,51,0,8,0,0,0,0,0,0,0,0,0,0,0,0,0,0,0,0,0,0,0,0,0,0,0,26,0,0,0,0,7,0,0,0,0,0,0,0,0,0,0,0,0,21,0,0,0,0,0,0,0,0,0,0,0,0,0,0,0,17,0,0,0,0,0,0,0,0,0,0,0,0,0,0,0,0,34,0,0,0,0,0,0,0,0,0,0,0,0,0,0,0,0,0,0,0,0,0,0,0,0,0,0,0,0,0,0,0,0,0,0,0,0,0,0,0,0,0,0,0,0,0,0,0,0,0,0,0,0,0,0,0,0,0,0,0,0,0,0,0,0,0,0,0,0,0,0,0,0,0,0,0,0,0,0,0,0,0,0,0,0,0,0,0,0,0,0,0,0,0,0,0,0,0,0,0,0,0,0,0,0,0,0,0,0,0,0,0,0,0,0,0,0,0,0,0,0,0,0,0,0,0,0,0,0,0,0,0,14,0,0,0,0,0,0,0,0,0,0,0,0,0,0,0,0,0,0,0,0,0,0,0,0,0,0,0,0,0,0,0,0,0,0,0,0,0,0,0,0,0,0,0,0,0,0,0,0,0,0,0,0,0,0,0,0,0,0,0,0,0,0,0,0,0,0,0,0,0,0,0,0,0,0,0,0,0,0,0,0,0,0,0,0,0,0,0,0,0,0,0,0,0,0,0,0,0,0,0,0,0,0,0,0,0,0,0,0,0,0
"ERR3416756",256,493,0,17,12505,63,577,0,6,6,19,0,0,2881,162,313,158,68,532,0,0,0,0,50,0,180,141,0,1947,0,0,803,0,2,71,0,1031,0,0,0,175,0,714,0,0,120,0,0,20,0,37,0,0,368,101,10,390,9,0,0,0,0,50,2,0,0,321,0,0,0,0,34,33,0,254,0,16,775,0,0,352,179,0,0,0,0,0,0,286,0,0,615,21,0,0,0,4,0,0,9,0,38,0,0,14,0,0,0,0,0,73,0,0,0,0,0,0,90,29,0,79,0,0,0,8,0,0,6,0,0,0,0,0,0,0,0,0,0,0,5,0,0,0,0,30,0,34,0,0,0,0,0,0,0,0,0,23,0,0,0,0,0,0,0,0,0,0,0,0,0,0,41,0,0,0,0,0,0,0,0,0,0,10,0,0,0,0,0,0,0,0,0,0,0,0,0,0,0,0,11,0,0,0,0,0,0,0,0,0,0,0,0,0,0,0,0,0,0,0,8,0,0,0,0,0,0,0,0,0,0,0,249,0,0,0,0,0,0,0,0,0,0,0,0,0,0,0,0,0,0,0,0,16,0,0,0,0,0,0,0,0,0,111,0,0,0,21,0,0,0,0,0,0,0,67,0,0,0,0,0,0,0,0,0,0,0,0,0,0,0,0,0,0,0,0,0,0,0,0,0,0,0,0,0,0,23,0,0,0,0,0,0,0,0,0,0,0,0,0,0,0,0,0,0,0,0,0,0,0,0,0,0,30,0,0,0,0,0,0,0,0,0,0,0,0,0,0,0,0,0,13,0,0,0,0,0,0,0,0,0,0,0,0,0,0,0,0,0,0,0,0,0,0,0,0,3,0,0,0,0,0,0,0,0,0,0,0,0,0,0,0,0,0,0,0,0,0,6,0,0,0,0,0,0,0,0,0,0,0,0,0,0,0,0,0,0,0,0,0,0,0,0,0,0,0,0,0,0,0,0,0,0,0,0,0,0,0,0,0,0,0,0
"ERR3416757",2809,0,0,0,144,0,8891,0,0,0,50,0,0,47,0,51,0,0,132,0,0,71,154,93,4,152,18,32,41,0,0,10,0,8,0,0,53,0,0,0,0,0,5,42,3,83,0,0,0,0,0,33,0,135,6,0,8,0,0,0,0,0,0,0,0,0,33,0,27,0,0,0,14,215,88,0,0,0,0,0,34,0,0,0,0,0,75,0,0,2,0,0,0,0,0,0,0,9,0,0,0,0,0,0,0,0,22,0,0,0,0,0,23,0,0,0,0,0,0,0,5,0,5,0,0,0,0,0,0,0,0,13,0,0,0,0,0,0,0,0,22,0,0,0,0,0,0,0,0,0,0,0,0,0,0,0,0,0,0,0,0,0,0,0,0,0,0,0,0,0,0,0,0,0,0,0,0,0,0,0,0,0,0,0,0,0,0,0,35,0,0,0,0,0,0,0,0,0,0,4,0,0,0,0,0,0,0,0,0,0,0,0,0,0,0,0,0,0,0,0,0,0,0,0,0,0,0,0,0,0,0,0,0,0,0,0,0,0,0,0,0,0,0,0,0,0,47,0,0,0,0,0,0,0,0,0,0,0,0,0,0,0,0,0,0,0,0,0,0,0,0,0,0,0,0,0,0,0,0,0,0,0,0,5,0,0,0,0,0,0,0,0,0,0,0,0,0,0,0,0,0,0,0,0,0,0,0,0,0,0,0,0,0,0,0,0,0,0,0,0,0,0,0,0,0,0,0,0,0,0,0,0,0,0,0,0,0,0,0,0,0,0,0,0,0,0,0,0,0,0,0,0,0,0,0,0,0,0,0,0,0,0,0,0,0,0,0,0,0,0,0,0,0,0,0,0,0,0,0,0,0,0,0,0,0,0,0,0,0,0,0,0,0,0,0,0,0,0,0,0,0,0,0,0,0,0,0,0,0,0,0,0,0,0,0,0,0,0,0,0,0,0,0,0,0,0,0,0,0,0,0,0,0,0,0,0,0,0,0,0,0,0
"ERR3416758",555,156,0,98,4681,0,1947,65,0,0,494,0,0,314,23,35,648,57,126,0,0,0,663,261,0,264,800,0,850,106,0,60,75,0,172,81,501,0,0,0,14,25,174,434,34,319,0,0,0,0,190,0,5,0,121,0,102,11,0,0,0,0,27,19,0,0,203,0,627,0,0,0,0,45,0,0,46,60,0,0,105,0,562,0,0,0,41,0,5,24,0,0,0,0,0,0,0,133,0,0,0,0,0,0,0,24,80,0,0,0,0,0,0,0,0,0,0,0,14,0,166,0,43,0,0,0,0,0,0,0,0,356,0,0,0,0,0,0,0,0,117,0,0,0,0,0,0,0,0,0,0,0,4,0,0,0,0,0,0,0,0,0,0,0,0,0,0,0,0,0,0,0,0,0,0,0,198,0,0,0,0,0,0,0,0,0,55,0,45,0,0,0,0,7,0,0,0,0,0,62,0,0,0,0,0,0,0,0,0,0,0,0,0,0,0,0,0,2,0,2,0,0,0,0,0,0,0,0,0,0,0,0,0,0,0,0,0,0,0,0,0,0,0,0,0,0,0,0,0,0,0,0,0,0,0,0,0,0,0,0,0,0,0,0,0,0,0,0,0,0,0,0,0,0,0,0,0,0,0,0,0,0,0,0,0,0,0,0,0,0,0,0,0,0,0,0,0,0,0,0,0,0,0,0,0,0,2,0,0,0,0,0,0,0,0,0,0,0,0,0,0,0,0,0,0,0,0,0,0,0,0,0,0,0,0,0,0,0,0,0,0,0,0,0,0,0,0,0,0,0,0,0,0,0,0,0,0,0,0,0,0,0,0,0,0,0,0,0,0,0,0,0,0,0,0,0,0,0,0,0,0,0,0,0,0,0,0,0,0,0,0,0,0,0,0,0,0,0,0,0,0,0,0,0,0,0,0,0,0,0,0,0,0,0,0,0,0,0,0,0,0,0,0,0,0,0,0,0,0,0,0,0,0,0,0,0,0,0,0,0,0,0
"ERR3416759",59,0,0,0,2912,0,2964,0,0,0,0,0,0,18,0,0,111,0,0,0,0,0,0,171,76,228,1265,0,1100,0,0,40,82,35,399,0,1646,0,0,0,177,0,163,228,0,27,0,0,7,0,109,34,77,0,372,89,45,0,6,0,17,0,0,45,0,0,202,0,3,326,0,9,284,0,631,0,0,33,0,497,52,131,0,0,0,0,0,0,5,0,0,351,0,0,0,0,0,0,0,29,0,0,0,0,31,0,0,0,0,0,0,0,0,0,0,0,0,0,0,84,85,15,12,0,0,0,0,0,0,0,0,0,0,0,0,0,0,0,0,121,30,0,0,0,0,0,0,0,0,0,0,0,0,0,0,0,0,0,0,0,0,0,0,0,0,0,0,0,0,0,0,0,0,0,0,0,0,0,0,0,0,0,0,0,0,0,0,0,0,0,0,0,0,0,0,0,0,0,0,96,0,0,0,0,0,0,305,0,0,0,0,0,7,0,0,0,0,0,0,27,0,0,0,0,0,0,0,0,0,0,0,0,0,0,0,0,0,0,0,0,0,0,0,0,0,0,0,0,0,0,0,0,0,0,0,0,0,0,0,0,0,0,0,0,0,0,2,0,39,0,0,0,0,0,0,0,0,0,0,0,0,0,0,0,0,0,0,0,0,0,0,0,0,0,0,0,0,0,0,0,0,0,0,0,0,12,0,0,3,0,0,0,0,0,0,0,0,11,0,0,0,0,0,0,0,0,0,0,0,0,0,0,0,0,0,0,0,0,0,0,0,0,0,0,0,0,0,0,0,0,0,0,0,0,0,0,0,0,0,0,0,0,0,0,0,0,0,0,0,0,0,0,0,0,0,0,0,0,0,0,0,0,0,0,0,0,0,0,0,0,0,0,0,0,0,0,0,0,0,0,0,0,0,0,0,0,0,0,0,0,0,0,0,0,0,0,0,0,0,0,0,0,0,0,0,0,0,0,0,0,0,0,0,0,0,0,0,0,0,0,0,0
"ERR3416760",3002,0,0,76,1216,0,364,0,0,0,0,0,0,1395,2,74,933,0,1191,0,0,0,1531,98,0,110,0,0,2112,0,0,0,0,11,0,33,10,0,0,0,56,23,518,74,0,0,17,0,0,0,6,0,0,384,0,0,85,0,0,127,890,0,0,0,0,0,10,14,0,0,0,0,0,10,11,0,17,481,0,1419,450,0,20,0,0,0,0,0,0,0,0,381,71,0,0,0,0,376,0,0,0,0,0,0,0,0,33,0,0,0,0,0,127,0,35,0,0,0,0,5,3,0,0,0,16,0,0,0,0,0,0,0,0,0,0,0,0,0,0,0,0,0,0,0,0,0,0,0,0,0,0,0,0,0,0,0,0,0,0,0,0,0,0,0,0,0,0,0,0,0,0,0,0,0,0,0,0,0,0,0,0,0,16,0,0,0,0,0,0,0,0,0,0,0,0,0,0,0,0,0,0,0,0,0,0,0,0,0,0,0,0,0,0,0,0,7,0,0,0,0,0,0,0,0,0,0,0,0,0,0,0,0,0,0,73,0,0,0,0,0,0,0,0,0,0,0,0,0,0,0,0,0,0,0,0,0,0,0,0,0,0,0,0,0,0,0,0,0,0,0,0,0,0,0,0,0,0,0,0,0,0,55,0,0,0,0,0,0,0,0,0,0,0,0,0,0,0,0,0,0,0,0,0,0,0,19,0,0,0,0,0,0,0,0,0,0,0,0,0,0,0,0,0,0,0,0,0,0,0,0,0,0,0,0,0,0,0,0,0,0,0,0,0,0,0,0,0,0,0,0,0,0,0,0,0,0,0,0,0,0,0,0,0,0,0,0,0,0,0,0,0,0,0,0,0,0,0,0,0,0,0,0,0,0,0,0,0,0,0,0,0,0,0,0,0,0,0,0,0,0,0,0,0,0,0,0,0,0,0,0,0,0,0,0,0,0,0,0,0,0,0,0,0,0,0,0,0,0,0,0,0,0,0,0,0,0,0,0,0,0,0,0
"ERR3416761",14638,176,0,0,4,0,2751,0,1260,5,543,0,0,0,42,0,11,25,11,0,204,0,7,1001,0,656,0,5,88,0,6,40,0,0,0,0,14,0,0,0,0,0,188,0,4,0,4,0,0,0,0,0,0,0,0,0,14,0,0,3,0,24,0,0,0,0,0,0,0,0,0,0,0,0,514,6,0,0,0,0,140,0,0,0,18,0,0,0,0,0,0,0,0,0,318,0,0,0,0,0,0,0,0,0,0,0,0,0,0,0,0,0,0,0,0,69,0,0,0,0,0,0,0,0,0,0,0,0,0,0,0,0,0,0,0,0,0,0,0,0,0,0,0,0,0,0,0,0,0,0,0,0,0,0,0,0,5,0,0,0,0,0,0,0,0,0,0,0,0,0,0,0,0,0,0,0,0,0,0,0,0,0,0,0,0,0,0,0,0,0,0,0,0,0,0,0,0,0,0,0,0,0,0,0,0,0,0,0,0,0,0,0,0,0,0,21,0,0,0,30,0,0,0,0,0,0,0,0,0,0,0,0,0,0,0,0,0,0,0,0,0,0,0,0,0,0,0,0,0,7,0,0,0,0,0,0,0,0,0,0,0,0,0,0,0,0,0,0,0,0,0,0,0,0,0,0,0,0,0,0,0,0,0,0,0,0,0,0,0,0,0,0,0,0,0,0,0,0,0,0,0,0,0,0,0,0,0,0,0,0,0,0,0,0,0,0,0,0,0,0,0,0,0,0,0,0,0,0,0,0,0,0,0,0,0,0,0,0,0,0,0,0,0,0,0,0,0,0,0,0,0,0,0,0,0,0,0,0,0,0,0,0,0,0,0,0,0,0,0,0,0,0,0,0,0,0,0,0,0,0,0,0,0,0,0,0,0,0,0,0,0,0,0,0,0,0,0,0,0,0,0,0,0,0,0,0,0,0,0,0,0,0,0,0,0,0,0,0,0,0,0,0,0,0,0,0,0,0,0,0,0,0,0,0,0,0,0,0,0,0,0,0
"ERR3416762",4372,139,207,24,1329,0,200,58,0,0,303,0,0,1016,68,358,2146,101,0,0,49,0,364,217,0,226,0,0,0,0,5,36,0,0,9,311,241,0,0,100,200,12,203,0,0,0,74,0,21,0,23,176,14,0,78,108,8,36,26,17,0,0,0,0,0,0,0,0,0,0,16,0,4,0,0,0,44,0,0,0,35,0,0,0,0,0,0,0,6,0,0,876,0,0,0,0,0,0,17,76,0,0,0,144,0,0,25,0,0,0,0,0,15,0,0,0,0,12,0,0,35,0,0,0,0,0,0,6,0,8,0,0,0,0,0,0,0,0,0,0,0,0,0,0,0,0,0,0,0,0,0,109,7,0,0,0,2,60,0,0,0,0,0,0,0,0,0,0,0,0,0,0,0,0,3,0,0,0,0,0,0,258,0,0,0,0,0,0,0,0,0,0,7,0,0,0,0,0,0,0,0,0,0,0,22,0,26,0,0,0,0,0,0,0,0,48,0,0,0,0,0,0,0,0,0,0,0,0,0,0,0,0,0,0,10,0,0,0,0,4,0,0,0,0,0,0,0,0,0,0,0,0,0,0,0,0,0,0,0,0,0,0,0,5,0,0,0,0,0,0,0,0,0,0,0,0,0,0,0,0,0,22,0,0,0,0,0,0,0,0,0,0,0,0,0,0,0,0,0,0,0,0,0,0,0,0,0,0,0,0,0,0,0,0,0,0,0,0,0,0,0,0,0,0,0,0,0,0,0,0,0,0,0,0,0,0,0,0,0,0,0,0,0,0,0,0,0,0,0,0,0,0,0,0,0,0,0,0,0,0,0,0,0,0,0,0,0,0,0,0,0,0,0,0,0,0,0,0,0,0,0,0,0,0,0,0,0,0,0,0,0,0,0,0,0,0,0,0,0,0,0,0,0,0,0,0,0,0,0,0,0,0,0,0,0,0,0,0,0,0,0,0,0,0,0,0,0,0,0,0,0,0,0,0,0,0,0,0,0,0,0,0
"ERR3416763",1297,26,0,6,595,0,1135,0,0,0,11532,0,0,150,6,63,1141,266,0,0,893,0,484,520,97,52,12,0,0,0,9,22,17,57,340,143,773,0,0,16,176,0,13,0,0,136,0,0,115,0,127,0,14,0,159,0,0,0,0,0,0,35,65,0,0,0,9,0,0,0,65,0,65,160,0,23,122,0,0,0,0,0,111,0,0,0,0,0,13,0,0,52,0,0,0,0,0,0,438,0,0,0,0,53,0,0,7,0,0,0,0,0,0,0,0,0,0,0,0,0,97,3,0,0,0,0,13,0,0,15,0,0,0,0,0,0,0,0,0,125,0,0,0,0,0,0,0,0,0,0,0,77,0,0,0,0,0,93,0,0,210,0,0,0,0,0,0,0,0,0,0,0,0,0,0,0,0,0,0,0,0,7,0,0,0,0,6,0,0,0,0,0,0,0,0,0,0,0,0,23,0,0,0,0,0,0,0,0,0,0,0,0,0,0,0,0,0,0,0,0,0,0,0,0,0,0,0,0,0,0,0,0,0,0,0,0,0,0,0,0,0,0,0,0,0,0,0,0,0,0,0,0,0,0,0,0,0,0,0,0,0,0,0,20,0,0,0,0,0,0,0,0,0,0,0,0,0,0,0,0,0,0,0,0,0,0,0,0,0,0,0,0,0,0,0,0,0,0,0,0,0,0,0,0,0,0,0,0,0,0,0,0,0,0,0,0,0,0,0,0,0,0,0,0,0,0,0,0,0,0,0,0,0,0,0,0,0,0,0,0,0,0,0,0,0,0,0,0,0,0,0,0,0,0,0,0,0,0,0,0,0,0,0,0,0,0,0,0,0,0,0,0,0,0,0,0,0,0,0,0,0,0,0,0,0,0,0,0,0,0,0,0,0,0,0,0,0,0,0,0,0,0,0,0,0,0,0,0,0,0,0,0,0,0,0,0,0,0,0,0,0,0,0,0,0,0,0,0,0,0,0,0,0,0,0,0,0,0,0,0,0,0
"ERR3416764",811,11,0,0,0,0,984,2,0,0,5942,0,0,0,0,0,7,570,0,0,514,0,0,210,6,21,333,0,0,0,11,4,50,98,994,0,2365,0,0,41,513,0,0,0,0,108,0,0,159,0,298,0,61,0,467,0,0,0,0,0,0,78,790,9,0,0,0,0,0,0,48,0,2,0,0,214,298,0,0,0,0,0,165,0,0,0,0,0,0,0,0,0,0,0,0,0,0,0,363,46,0,30,0,85,0,0,0,0,0,0,0,0,34,0,0,32,0,0,0,0,169,6,263,0,0,0,0,138,0,181,0,0,0,0,0,0,0,14,0,233,0,0,0,0,0,0,0,0,0,0,0,16,0,0,0,0,0,33,0,0,0,0,0,0,2,0,0,0,0,0,0,0,0,0,0,34,0,0,0,0,0,0,0,0,0,6,0,0,0,0,0,0,0,0,0,0,0,31,0,86,0,81,0,0,0,0,0,0,0,0,0,0,0,0,0,15,0,0,0,0,0,0,0,0,0,0,0,0,0,0,0,0,0,0,0,0,0,0,0,0,0,0,0,0,0,0,0,0,0,0,0,0,0,0,0,0,0,0,0,0,0,0,0,0,0,0,0,0,0,0,0,0,0,0,0,0,0,0,0,0,0,0,0,0,0,0,0,0,0,0,0,0,5,0,0,0,0,0,0,0,0,0,0,0,0,0,0,0,0,0,0,0,0,0,0,0,0,0,0,0,0,0,0,0,0,0,0,0,0,0,0,0,0,0,0,0,0,0,0,0,0,0,0,0,0,0,0,0,0,0,0,0,0,0,0,0,0,0,0,0,0,0,0,0,0,0,0,0,0,0,0,0,0,0,0,4,0,0,0,0,0,0,0,0,0,0,0,0,0,0,0,0,0,0,0,0,0,0,0,0,0,0,0,0,0,0,0,0,0,0,0,0,0,0,0,0,0,0,0,0,0,0,0,0,0,0,0,0,0,0,0,0,0,0,0,0,0,0,0,0,0,0
"ERR3416765",3309,141,0,0,27,0,15952,0,0,0,394,0,0,0,0,0,3,2,0,0,0,0,0,0,0,0,0,0,58,0,0,0,0,0,0,0,6,0,0,0,0,0,0,0,0,0,0,0,0,0,0,0,0,0,0,0,0,0,0,0,0,0,0,0,0,0,0,0,0,0,0,0,0,0,0,0,0,0,0,0,0,0,0,0,0,0,11,0,0,0,0,0,0,0,38,0,0,0,0,0,0,0,0,0,0,139,0,0,0,0,0,0,6,0,0,0,0,266,0,0,0,0,0,0,0,0,0,0,0,0,0,0,0,0,0,0,0,0,0,0,0,0,0,0,0,0,0,0,0,0,0,54,0,0,0,0,0,41,0,0,0,0,0,0,0,0,0,0,0,0,0,0,0,0,0,0,0,0,0,0,0,0,0,0,0,0,0,0,0,0,0,0,0,0,0,0,0,0,0,0,0,0,0,0,0,0,0,0,0,0,0,0,0,0,0,0,0,0,0,0,0,0,0,0,0,0,0,0,0,0,0,0,0,0,0,0,0,0,0,0,0,0,0,0,0,0,0,0,0,0,0,0,0,0,0,0,0,0,0,0,0,0,0,0,0,0,0,0,0,0,0,0,0,0,0,0,0,0,0,0,0,0,0,0,0,0,0,0,0,0,0,0,0,0,0,0,0,0,0,0,0,0,0,0,0,0,0,0,0,0,0,0,0,0,0,0,0,0,0,0,0,0,0,0,0,0,0,0,0,0,0,0,0,0,0,0,0,0,0,0,0,0,0,0,0,0,0,0,0,0,0,0,0,0,0,0,0,0,0,0,0,0,0,0,0,0,0,0,0,0,0,0,0,0,0,0,0,0,0,0,0,0,0,0,0,0,0,0,0,0,0,0,0,0,0,0,0,0,0,0,0,0,0,0,0,0,0,0,0,0,0,0,0,0,0,0,0,0,0,0,0,0,0,0,0,0,0,0,0,0,0,0,0,0,0,0,0,0,0,0,0,0
"ERR3416766",1042,0,0,119,7133,4,2292,87,0,0,10,0,0,490,29,63,973,0,198,0,0,0,665,101,0,409,1062,0,663,0,0,0,53,0,161,132,732,35,0,0,0,27,267,667,14,264,0,0,15,0,192,0,4,0,144,0,83,86,0,0,0,0,0,27,0,0,304,0,794,0,0,0,0,0,13,0,23,56,0,0,106,0,758,0,0,0,0,0,0,22,0,0,0,0,0,0,0,167,0,10,0,0,0,0,3,29,120,0,0,0,0,0,0,0,0,0,0,0,0,0,185,0,70,0,0,0,0,0,0,9,0,0,0,0,0,0,0,0,0,0,144,0,0,0,0,0,0,0,0,0,0,0,22,0,0,0,0,0,0,0,0,3,0,0,0,0,0,0,0,0,0,5,0,0,0,0,222,0,0,0,0,0,0,0,0,0,50,0,62,0,0,0,0,13,0,0,0,0,0,43,0,0,0,0,0,0,0,0,0,0,0,0,0,0,0,0,0,0,0,0,0,0,0,0,0,0,0,0,0,0,0,0,0,0,0,0,0,0,0,0,0,0,0,0,0,0,0,0,0,0,0,0,0,0,0,0,0,0,0,0,0,0,0,0,0,0,0,0,0,0,0,0,0,0,0,0,0,0,0,0,0,0,0,0,0,0,0,0,0,0,0,0,0,0,0,0,0,0,0,0,0,0,0,0,0,0,23,0,0,0,0,0,0,0,0,0,0,0,7,0,0,0,0,0,0,0,0,0,0,0,0,0,0,0,0,0,0,0,0,0,0,0,0,0,0,0,0,0,0,0,0,0,0,0,0,0,0,0,0,0,0,0,0,0,0,0,0,0,0,0,0,0,0,0,0,0,0,0,0,0,0,0,0,0,0,0,0,0,0,0,0,0,0,0,0,0,0,0,0,0,0,0,0,0,0,0,0,0,0,0,0,0,0,0,0,0,0,0,0,0,0,0,0,0,0,0,0,0,0,0,0,0,0,0,0,0,0,0,0,0,0,0
"ERR3416767",46,0,0,0,12343,38,0,43,0,1309,72,0,0,88,118,7,61,0,8,0,0,0,0,0,0,2,0,0,2096,186,0,0,0,0,0,0,0,0,0,0,0,0,99,0,0,0,115,0,0,0,0,0,0,0,0,0,241,0,0,0,15,0,0,0,0,0,0,0,0,0,0,0,0,0,2112,0,0,55,0,0,37,0,0,0,0,0,0,0,0,0,0,0,0,0,0,0,0,0,0,0,0,0,0,223,0,0,0,0,0,0,0,0,0,0,0,0,0,0,0,0,0,0,0,0,0,0,0,0,0,0,0,0,0,0,0,0,0,0,0,0,0,0,0,161,0,0,39,0,4,0,0,0,0,0,0,0,0,0,0,0,0,0,0,0,0,0,0,0,0,0,0,0,0,0,0,0,0,0,0,0,0,0,0,0,0,0,0,0,0,0,0,0,0,0,0,0,0,0,0,0,0,0,0,0,0,0,0,0,0,0,0,0,0,0,0,0,0,0,0,0,0,0,0,0,0,0,0,0,0,0,0,0,0,0,0,0,0,0,0,0,0,0,0,0,0,0,0,0,0,0,0,0,0,0,0,0,0,0,0,0,0,0,0,0,0,0,0,0,0,0,0,0,0,0,0,0,0,0,0,0,0,0,0,0,0,0,0,0,0,0,0,0,0,0,0,0,0,0,0,0,0,0,0,0,0,0,0,0,0,0,0,0,0,0,0,0,0,0,0,0,0,0,0,0,0,0,0,0,0,0,0,0,0,0,0,0,0,0,0,0,0,0,0,0,0,0,0,0,0,0,0,0,0,0,0,0,0,0,0,0,0,0,0,0,0,0,0,0,0,0,0,0,0,0,0,0,0,0,0,0,0,0,0,0,0,0,0,0,0,0,0,0,0,0,0,0,0,0,0,0,0,0,0,2,0,0,0,0,0,0,0,0,0,0,0,0,0,0,0,0,0,0,0,0,0,0,0,0,0,0,0,0,0,0,0,0,0,0,0,0,0,0
"ERR3416768",901,27,0,221,3184,6,904,0,0,0,65,0,0,538,543,4742,1324,0,615,0,0,83,1159,298,0,61,0,0,0,4,0,153,40,0,39,233,515,0,0,224,199,8,1699,0,0,0,400,35,18,0,0,0,0,333,29,158,2161,35,81,41,0,99,0,0,0,0,0,0,0,0,0,6,212,0,24,0,0,12,0,41,587,0,0,0,0,0,0,0,7,48,0,0,12,0,0,0,4,347,0,0,0,0,0,17,0,0,0,0,0,0,8,0,0,0,63,0,0,232,0,0,72,0,0,4,0,0,0,0,0,0,0,0,0,0,0,67,0,0,0,0,5,0,0,0,0,0,0,0,0,0,0,0,0,0,0,0,0,29,0,11,0,0,0,0,0,0,0,0,0,0,0,23,0,0,0,0,0,0,0,0,0,3,0,0,0,0,0,0,0,0,0,0,0,0,0,0,0,0,0,0,0,0,0,0,0,0,0,0,0,0,0,0,0,0,0,0,0,0,0,0,0,0,0,0,0,0,0,0,0,0,0,0,0,0,0,0,0,0,0,0,0,0,0,0,0,0,0,0,0,0,0,0,0,0,0,0,0,0,0,0,0,0,0,0,0,0,0,0,0,0,0,0,0,0,0,0,0,0,0,0,0,0,0,0,0,0,0,0,0,0,0,0,0,0,0,0,0,0,0,0,0,0,0,0,0,0,0,0,0,0,0,0,0,0,0,0,0,0,0,0,0,0,0,8,0,0,0,0,0,0,0,0,0,0,0,0,0,0,0,0,0,0,0,0,0,0,0,0,0,0,0,0,0,0,0,0,8,0,0,0,0,0,0,0,0,0,0,0,0,0,0,0,0,0,0,0,0,0,0,0,0,0,0,0,0,0,0,0,0,0,0,0,0,0,0,0,0,0,0,0,0,0,0,0,0,0,0,0,0,0,0,0,0,0,0,0,0,0,0,0,0,0,0,0,0,0,0,0,0,0,0,0,0,0,0,0,0,0,0,0,0,0
"ERR3416769",467,0,0,0,1426,0,4981,0,6,0,0,0,0,123,0,53,80,276,16,0,105,0,33,299,0,25,0,0,0,0,0,1983,3581,83,650,0,869,0,0,0,138,0,47,409,0,26,0,0,86,0,101,62,7,8,9,91,25,0,0,0,0,0,110,7,0,0,149,0,0,0,8,40,0,0,154,0,0,181,0,47,0,0,0,0,0,11,0,0,0,0,0,0,0,0,0,0,0,0,0,118,0,0,0,7,0,0,0,0,0,0,0,0,0,0,0,0,0,177,0,0,148,0,0,0,0,0,0,0,0,0,0,0,0,0,0,0,0,0,0,298,0,0,0,0,0,0,0,0,0,0,0,0,33,0,0,0,0,0,0,0,17,0,0,0,0,0,0,0,0,0,0,0,0,0,0,0,0,0,0,0,0,0,0,0,0,0,2,0,0,0,0,0,0,0,0,0,0,0,0,0,0,0,0,0,0,0,0,0,0,0,0,0,0,0,0,0,0,0,0,0,0,0,0,0,0,0,0,0,0,0,0,0,0,0,0,0,0,0,0,0,0,0,0,0,0,0,0,0,0,0,0,0,0,0,0,0,0,0,0,0,0,0,0,0,0,0,0,0,0,0,0,0,0,0,0,0,0,0,0,0,0,0,0,0,0,0,0,0,0,0,0,0,0,0,0,0,0,0,0,0,0,0,0,0,0,0,0,0,0,0,0,0,0,0,0,0,0,0,0,0,0,0,0,0,0,0,0,0,0,0,0,0,0,0,0,0,0,0,0,0,0,0,0,0,0,0,0,0,0,0,0,0,0,0,0,0,0,0,0,0,0,0,0,0,0,0,0,0,0,0,0,0,0,0,0,0,0,0,0,0,0,0,0,0,0,0,0,0,0,0,0,0,0,0,0,0,0,0,0,0,0,0,0,0,0,0,0,0,0,0,0,0,0,0,0,0,0,0,0,0,0,0,0,0,0,0,0,0,0,0,0,0,0,0,0,0,0,0,0,0,0,0
"ERR3416770",28,0,13,0,870,0,213,0,0,0,0,0,649,2468,6,2749,7779,0,909,0,0,569,2866,65,0,54,1156,0,0,0,78,434,216,0,57,11,704,0,0,393,104,677,938,341,0,0,12,0,227,0,0,0,0,0,145,0,44,0,64,0,269,54,129,4,0,0,24,261,0,95,0,23,30,0,0,0,0,32,0,692,441,0,0,0,0,0,0,0,12,74,0,58,199,0,0,0,0,772,0,0,29,0,0,0,0,0,45,0,0,0,0,0,0,0,306,0,10,0,0,0,0,0,0,0,105,0,0,0,23,0,0,0,0,0,0,780,0,0,0,0,0,0,0,0,0,0,0,0,0,0,0,0,19,0,0,0,0,0,0,0,0,0,0,0,0,0,0,0,0,0,0,0,0,0,0,0,0,0,0,0,13,3,0,0,0,0,0,0,0,0,0,0,0,0,0,0,0,0,0,0,0,0,0,0,0,0,0,0,0,0,0,0,0,0,0,0,0,0,0,0,0,0,0,56,0,0,0,0,0,0,0,0,0,0,0,0,0,0,0,0,0,0,0,0,0,0,0,0,0,0,0,0,0,0,0,0,0,0,0,0,0,0,0,0,0,0,0,0,0,0,0,0,0,0,0,0,0,62,0,0,0,0,0,0,0,0,0,0,0,0,0,0,0,0,0,0,0,0,0,0,0,0,0,0,0,0,0,0,0,0,0,0,0,0,0,0,0,0,0,0,0,0,0,0,0,0,0,0,0,0,0,0,0,0,0,0,0,0,0,0,0,0,0,0,0,0,0,0,0,0,0,0,0,0,0,0,0,0,0,0,0,0,0,0,0,0,0,0,0,0,0,0,0,0,0,0,0,0,0,0,0,0,0,0,0,0,0,0,0,0,0,0,0,0,0,0,0,0,0,0,0,0,0,0,0,0,0,0,0,0,0,0,0,0,0,0,0,0,0,0,0,0,0,0,0,0,0,0,0,0,0,0,0,0,0,0,0,0,0,0,0,0
"ERR3416771",8127,177,48,0,22413,7,5110,0,5,0,385,0,0,194,0,0,54,0,0,0,0,0,0,266,0,0,886,29,1627,0,0,0,0,0,59,0,0,0,168,0,0,0,0,0,29,0,6,0,0,0,258,0,102,0,0,0,70,61,0,0,0,0,0,0,0,0,74,0,0,0,0,0,50,163,126,0,25,0,0,0,46,0,0,0,0,0,0,0,0,0,0,0,0,0,0,0,0,0,0,24,0,0,0,0,0,44,0,0,50,0,15,0,6,0,0,0,0,110,0,0,0,0,0,0,0,0,0,0,0,0,0,37,0,0,0,0,0,0,0,0,0,0,0,92,0,0,0,0,0,0,0,0,0,0,0,0,0,0,0,0,0,0,0,0,0,0,0,0,0,0,0,0,0,0,0,0,0,0,0,0,0,0,0,0,0,0,0,0,234,0,0,0,0,0,0,0,0,0,0,0,0,0,0,0,0,0,0,50,0,0,0,0,4,0,0,0,0,0,0,0,0,0,0,0,0,0,0,0,0,0,0,0,0,0,0,0,0,0,0,0,0,0,0,0,0,0,0,0,0,0,0,0,0,0,0,0,0,0,0,0,0,0,0,0,0,0,0,0,0,0,0,0,0,0,0,0,0,0,0,0,0,0,0,0,0,0,0,0,0,0,0,0,0,0,0,0,0,0,0,0,0,0,0,0,0,0,0,0,0,0,0,0,0,0,0,0,0,0,0,0,0,0,0,0,0,0,0,0,0,0,0,0,0,0,0,0,0,0,0,0,0,0,0,0,0,0,0,0,0,0,0,0,0,0,0,0,0,0,0,0,0,0,0,0,0,0,0,0,0,0,0,0,0,0,0,0,0,0,0,0,0,0,0,0,0,0,0,0,0,0,0,0,0,0,0,0,0,0,0,0,0,0,0,0,0,0,0,0,0,0,0,0,0,0,0,0,0,0,0,0,0,0,0,0,0,0,0,0,0,0,0,0,0,0,0,0,0,0,0,0,0,0
"ERR3416772",1241,106,1773,1811,30,0,2578,37,18,0,637,0,0,55,0,79,53,0,15,0,0,0,111,653,0,5811,43,3,9,0,0,312,29,0,198,0,254,0,0,0,63,3,5,0,0,17,0,0,750,0,0,0,31,0,202,0,0,0,0,0,0,0,58,0,0,0,79,0,0,0,0,0,0,118,39,0,0,0,45,0,8,0,0,0,0,0,0,0,16,0,0,0,0,0,0,229,0,0,0,0,0,0,0,382,0,0,0,0,0,0,0,0,13,0,0,0,0,35,0,0,10,0,0,0,0,0,0,0,0,19,0,0,0,0,0,0,0,0,0,125,0,0,0,0,0,0,0,0,0,0,0,0,10,0,0,0,0,0,0,62,0,0,0,0,0,0,0,0,0,0,0,0,0,0,0,0,0,0,0,0,0,0,0,0,0,0,0,0,0,0,0,0,0,0,11,0,0,0,0,51,0,0,0,0,0,0,0,0,0,0,0,0,0,0,0,0,0,0,0,0,5,0,0,0,0,0,0,0,0,0,0,0,0,0,0,0,0,0,0,0,0,0,0,0,0,0,0,0,0,0,0,0,0,12,0,0,0,0,0,0,0,0,0,0,0,0,0,0,0,0,0,0,0,0,0,0,0,0,0,0,7,0,0,11,0,0,0,0,0,0,0,0,0,0,0,0,0,0,0,0,0,0,0,0,0,0,0,0,0,0,0,0,0,0,0,0,0,0,0,0,0,0,0,0,0,0,0,0,0,0,0,0,0,0,0,0,0,0,0,0,0,0,0,0,0,0,0,0,0,0,0,0,0,0,0,0,0,0,0,0,0,0,0,0,0,0,0,0,0,0,0,0,0,0,0,0,0,0,0,0,0,0,0,0,0,0,0,0,0,0,0,0,0,0,0,0,0,0,0,0,0,0,0,0,0,0,0,0,0,0,0,0,0,0,0,0,0,0,0,0,0,0,0,0,0,0,0,0,0,0,0,0,0,0,0,0,0,0,0,0,0,0
"ERR3416773",175,0,42494,627,0,0,20,0,0,0,175,0,0,0,0,0,0,0,0,0,0,0,0,0,0,0,0,0,0,337,0,0,0,0,10,0,0,0,0,0,0,0,0,0,0,0,0,0,0,0,0,0,0,0,0,0,0,0,0,0,0,0,0,0,0,0,28,0,0,0,0,0,0,0,4,0,0,0,0,0,0,0,0,0,0,0,0,0,0,0,0,0,0,0,0,0,0,0,0,0,0,0,0,82,0,0,0,0,0,0,0,0,0,0,0,0,0,0,0,0,0,0,0,0,0,0,0,0,0,0,0,0,0,0,0,0,0,0,0,0,0,0,0,0,0,0,0,0,0,0,0,0,0,0,0,0,0,0,0,0,0,0,0,0,0,0,0,0,0,0,0,0,0,0,0,0,0,0,0,0,0,0,0,0,0,0,0,0,0,0,0,0,0,0,0,0,0,0,0,0,0,0,0,0,0,0,0,0,0,0,0,0,0,0,0,0,0,0,0,0,0,0,0,0,0,0,0,0,0,0,0,0,0,0,0,0,0,0,0,0,0,0,0,0,0,0,0,0,0,0,0,0,0,0,0,0,0,0,0,0,0,0,0,0,0,0,0,0,0,0,0,0,0,0,0,0,0,0,0,0,0,0,0,4,0,0,0,0,0,0,0,0,0,0,0,0,0,0,0,0,0,0,0,0,0,0,0,0,0,0,0,0,0,0,2,0,0,0,0,0,0,0,0,0,0,0,0,0,0,0,0,0,0,0,0,0,0,0,0,0,0,0,0,0,0,0,0,0,0,0,0,0,0,0,0,0,0,0,0,0,0,0,0,0,0,0,0,0,0,0,0,0,0,0,0,0,0,0,0,0,0,0,0,0,0,0,0,0,0,0,0,0,0,0,0,0,0,0,0,0,0,0,0,0,0,0,0,0,0,0,0,0,0,0,0,0,0,0,0,0,0,0,0,0,0,0,0,0,0,0,0,0,0,0,0,0,0,0,0,0,0,0
"ERR3416775",54,10,25828,51,181,0,1179,0,0,0,1914,0,0,23,13,315,66,496,83,0,0,0,68,1344,0,9,0,0,0,0,0,0,179,0,0,23,15,0,0,0,0,0,69,0,5,0,28,0,0,0,0,0,0,15,0,0,216,18,0,0,0,0,0,0,0,0,82,0,0,0,0,0,8,0,14,0,95,0,0,0,0,0,0,0,0,0,0,0,0,3,0,0,0,0,0,0,0,23,0,0,0,0,0,0,0,0,0,0,97,0,0,0,0,0,0,0,0,7,0,0,0,0,0,0,0,4,0,0,0,0,0,0,0,0,0,0,0,0,0,0,0,0,0,0,0,0,0,0,0,0,0,0,0,0,0,0,0,2,0,0,0,0,0,0,0,0,0,0,0,0,0,0,0,0,0,0,0,0,0,0,0,0,0,0,0,0,0,0,0,0,0,0,0,0,0,0,0,0,0,0,0,0,0,0,0,0,0,0,0,0,0,0,0,0,0,0,0,0,0,0,0,0,0,0,0,0,0,0,0,0,0,0,0,0,0,0,0,0,0,0,0,0,0,0,0,0,0,0,0,0,0,0,0,0,0,0,0,0,0,0,0,0,0,0,0,0,0,0,0,0,0,0,0,0,0,0,0,0,0,0,0,0,0,0,0,0,0,0,0,0,0,0,0,0,0,0,0,0,0,0,0,0,0,0,0,0,0,0,0,0,0,0,0,0,0,0,0,0,0,0,0,0,0,0,0,0,0,0,0,0,0,0,0,0,0,0,0,0,0,0,0,0,0,0,0,0,0,0,0,0,0,0,0,0,0,0,0,0,0,0,0,0,0,0,0,0,0,0,0,0,0,0,0,0,0,0,0,0,0,0,0,0,0,0,0,0,0,0,0,0,0,0,0,0,0,0,0,0,0,0,0,0,0,0,0,0,0,0,0,0,0,0,0,0,0,0,0,0,0,0,0,0,0,0,0,0,0,0,0,0,0,0,0,0,0,0,0,0,0,0,0,0
"ERR3416776",1267,0,0,0,0,0,7160,0,227,0,1933,0,0,296,4,6,14,0,10,0,278,0,0,11,0,0,189,0,0,0,0,0,0,244,67,0,0,390,892,0,62,0,0,0,0,65,0,0,0,249,0,0,0,0,0,0,0,2524,0,0,0,0,0,132,0,0,125,0,0,0,0,0,0,0,3625,0,62,162,0,0,0,0,0,0,0,0,273,0,0,0,0,0,0,0,0,0,0,0,0,12,0,124,0,0,254,0,0,0,218,0,0,0,0,0,0,0,0,892,0,0,0,0,61,0,0,0,0,0,0,0,0,0,0,0,0,0,0,0,0,0,243,0,0,0,0,0,0,0,0,0,0,286,0,0,0,0,0,0,0,0,50,0,0,0,0,0,0,0,0,0,0,0,0,0,0,0,0,0,0,0,0,0,0,0,0,0,0,0,0,0,0,0,0,0,0,0,0,0,0,0,0,0,0,0,0,0,0,0,0,0,48,0,0,0,0,26,0,0,0,0,134,0,0,0,0,0,0,0,0,0,0,0,0,0,0,0,0,0,0,0,0,0,0,0,0,0,0,0,0,0,0,0,0,0,0,0,0,0,0,0,0,0,0,0,0,0,0,0,0,0,0,0,0,0,0,0,0,0,0,0,0,0,0,0,0,0,0,0,0,0,0,0,0,0,0,0,0,0,0,0,0,0,0,0,0,0,0,0,0,0,0,0,0,0,0,0,0,0,0,0,0,0,0,0,0,0,0,0,0,0,0,0,0,0,0,0,0,0,0,0,0,0,0,0,0,0,0,0,0,0,0,0,0,0,0,0,0,0,0,0,0,0,0,0,0,0,0,0,0,0,0,0,0,0,0,0,0,0,0,0,0,0,0,0,0,0,0,0,0,0,0,0,0,0,0,0,0,0,0,0,0,0,0,0,0,0,0,0,0,0,0,0,0,0,0,0,0,0,0,0,0,0,0,0,0,0,0,0,0,0,0,0,0,0,0,0,0,0,0,0,0,0
"ERR3416778",3248,66,0,0,76,49,327,2,26232,0,105,0,0,159,146,112,14,0,83,17,307,0,13,0,0,229,413,0,0,0,0,0,0,0,0,0,0,0,0,0,0,0,612,0,0,0,81,0,0,0,0,0,0,0,0,0,1022,0,0,0,0,0,0,0,0,0,0,0,0,0,0,0,0,0,395,0,0,61,0,0,806,0,0,0,0,0,0,0,0,0,0,0,0,0,0,0,0,0,0,0,0,0,0,63,0,0,0,0,0,0,0,0,0,0,0,0,0,54,0,0,0,0,0,0,0,0,0,0,0,0,0,0,0,0,0,0,0,0,0,0,0,0,0,0,0,0,0,0,0,0,0,0,0,0,0,0,0,0,0,0,0,0,0,0,0,0,0,0,0,0,10,0,0,0,0,0,0,0,0,0,0,0,0,0,0,0,0,0,0,0,0,0,0,0,0,0,0,0,0,0,0,0,0,0,0,0,0,0,0,11,0,0,0,0,0,0,0,0,0,0,0,0,0,0,0,0,0,0,0,0,0,0,0,0,0,0,0,0,0,0,0,0,0,0,0,0,0,0,0,5,0,0,0,0,0,0,0,0,0,0,0,0,0,0,0,0,0,0,0,0,0,0,0,0,0,0,0,0,0,0,0,0,0,0,0,0,0,0,0,0,0,0,0,0,0,0,0,0,0,0,0,0,0,0,0,0,0,0,0,0,0,0,0,0,0,0,0,0,0,0,0,0,0,0,0,0,0,0,0,0,0,0,0,0,0,0,0,0,0,0,0,0,0,0,0,0,0,0,0,0,0,0,0,0,0,0,0,0,0,0,0,0,0,0,0,0,0,0,0,0,0,0,0,0,0,0,0,0,0,0,0,0,0,0,0,0,0,0,0,0,0,0,0,0,0,0,0,0,0,0,0,0,0,0,0,0,0,0,0,0,0,0,0,0,0,0,0,0,0,0,0,0,0,0,0,0,0,0,0,0,0,0,0,0,0,0,0,0,0,0,0,0
"ERR3416779",370,0,5,41,8480,0,709,0,4,0,0,0,0,1118,0,858,2372,0,1213,0,0,0,3755,66,0,216,0,0,80,0,0,71,112,0,45,74,933,0,0,0,0,118,1714,899,0,68,102,0,43,0,0,0,0,0,43,0,94,0,0,0,0,0,0,0,0,0,187,48,0,581,0,0,0,0,248,0,0,108,0,0,116,0,0,0,0,0,0,0,0,41,0,364,731,0,0,0,0,12,0,65,0,0,0,0,0,0,0,0,0,0,0,0,0,0,243,0,0,127,0,0,71,0,0,0,12,0,0,0,0,30,0,0,0,0,0,0,0,0,0,0,0,0,0,0,0,0,0,0,0,0,0,0,29,0,0,0,0,0,0,0,0,0,0,0,0,0,0,10,0,0,0,0,0,0,0,0,0,0,0,0,0,0,0,0,0,0,0,0,0,0,0,0,0,0,0,0,0,0,0,24,0,0,0,0,0,0,153,0,0,0,0,0,0,0,0,0,0,0,0,0,0,0,0,0,0,0,0,0,0,0,0,0,0,0,0,0,0,0,0,0,0,0,0,0,0,0,0,0,0,0,0,0,0,0,0,0,0,0,0,0,0,0,0,0,0,0,0,0,0,0,0,0,0,0,0,0,0,35,0,0,0,0,0,0,0,0,0,0,0,0,0,0,0,0,0,0,0,0,0,0,0,0,0,0,0,0,0,0,0,0,0,0,0,0,0,0,0,0,0,0,0,0,0,0,0,0,0,0,0,0,0,0,0,0,0,0,0,0,0,0,0,0,0,0,0,0,0,0,0,0,0,0,0,0,0,0,0,0,0,0,0,0,0,0,0,0,0,0,0,0,0,0,0,0,0,0,0,0,0,0,0,0,0,0,0,0,0,0,0,0,0,0,0,0,0,0,0,0,0,0,0,0,0,0,0,0,0,0,0,0,0,0,0,0,0,0,0,0,0,0,0,0,0,0,0,0,0,0,0,0,0,0,0,0,0,0,0,0,0,0,0,0
"ERR3416781",64,13,0,0,4258,0,37,0,0,0,0,0,0,2971,0,23,14529,0,91,0,0,0,2003,12,0,0,12,0,0,2,0,0,0,0,0,0,0,9,0,0,0,0,804,0,5,0,34,0,0,0,0,0,0,31,0,0,262,0,0,445,0,0,0,0,0,0,0,0,0,0,0,0,0,0,0,0,0,56,0,0,899,0,0,0,0,0,0,0,0,0,0,0,0,0,0,0,0,0,0,0,0,0,0,0,0,0,0,0,0,0,0,0,0,0,31,0,0,0,0,0,0,0,0,0,0,0,0,0,0,0,0,0,0,0,0,0,0,0,0,0,15,0,0,0,0,0,0,0,0,0,0,0,0,0,0,0,0,0,0,0,0,0,0,0,0,0,0,0,0,0,0,0,0,0,0,0,0,0,0,0,0,0,251,0,0,0,0,0,0,0,0,0,0,0,0,0,0,0,0,0,0,0,0,0,0,0,0,0,0,0,0,0,0,0,0,0,0,0,0,0,0,0,0,0,0,0,0,0,0,0,0,0,0,0,0,0,0,0,0,0,0,0,0,0,0,0,0,0,0,0,0,0,0,0,0,0,0,0,0,0,0,0,0,0,0,0,0,0,0,0,0,0,0,0,0,0,0,0,0,0,0,0,0,0,0,0,0,0,0,0,0,0,0,0,0,0,0,0,0,0,0,0,0,0,0,0,0,0,0,0,0,0,0,0,0,0,0,0,0,0,0,0,0,0,0,0,0,0,0,0,0,0,0,0,0,0,0,0,0,0,0,0,0,0,0,0,0,0,0,0,0,0,0,0,0,0,0,0,0,0,0,0,0,0,0,0,0,0,0,0,0,0,0,0,0,0,0,0,0,0,0,0,0,0,0,0,0,0,0,0,0,0,0,0,0,0,0,0,0,0,0,0,0,0,0,0,0,0,0,0,0,0,0,0,0,0,0,0,0,0,0,0,0,0,0,0,0,0,0,0,0,0,0,0,0,0,0,0,0,0,0,0
"ERR3416782",6673,54,0,0,224,0,5503,4,0,0,107,0,0,101,0,0,0,0,0,0,0,0,12,365,0,241,4,0,1378,0,0,206,0,0,782,0,233,152,0,0,651,4,0,0,0,375,0,0,243,0,1074,432,27,0,211,0,0,380,55,0,0,0,48,0,0,0,1292,0,0,1124,0,201,0,25,638,0,0,22,0,0,0,0,0,0,0,0,0,0,35,126,0,773,0,0,629,0,0,0,0,453,0,267,0,33,294,0,0,0,0,0,0,0,0,0,0,0,0,1912,0,0,0,0,0,0,0,0,0,0,0,29,0,0,0,0,0,0,0,0,0,0,0,0,0,109,0,0,117,0,0,0,0,0,96,200,0,0,0,1045,0,0,0,6,0,0,0,90,0,0,0,0,0,143,0,0,146,0,0,0,0,0,0,0,0,0,0,0,0,0,0,0,0,0,0,0,0,0,0,0,0,37,0,0,0,0,0,0,174,0,0,0,0,0,0,0,0,0,0,77,0,248,74,0,0,0,19,0,0,0,0,0,0,0,0,0,0,0,0,0,0,0,0,0,0,0,0,0,0,0,0,0,0,0,0,0,0,0,0,0,0,0,0,0,0,0,0,0,0,0,0,0,0,0,0,0,0,0,0,0,0,0,0,0,0,0,0,0,0,0,0,0,0,0,0,0,0,0,0,0,0,0,0,0,0,0,0,0,0,0,0,0,0,0,0,0,0,0,0,0,0,0,0,0,0,0,0,0,0,0,0,0,0,0,0,0,0,0,0,0,0,0,0,0,0,0,0,0,0,0,0,0,0,0,0,0,0,0,0,0,0,0,0,0,0,0,0,0,0,0,0,0,0,0,0,0,0,0,0,0,0,0,0,0,0,0,0,0,0,0,0,0,0,0,0,0,0,0,0,0,0,0,0,0,0,0,0,0,0,0,0,0,0,0,0,0,0,0,0,0,0,0,0,0,0,0,0,0,0,0,0,0,0,0,0,0,0,0,0,0,0,0,0,0
"ERR3416783",28242,191,0,0,17,0,36162,5,0,0,189,2,0,0,0,5,0,0,18,0,0,0,0,0,19,411,0,0,445,0,0,70,0,0,6,0,0,0,0,0,19,0,0,0,0,11,0,0,0,301,240,0,46,0,0,0,0,14,0,0,0,0,0,0,0,0,260,0,165,0,0,37,0,0,951,0,0,0,0,0,0,0,0,0,0,0,0,0,0,0,0,0,0,0,35,0,0,0,17,5,0,11,0,67,26,0,51,0,0,0,0,0,159,0,0,0,0,155,0,0,0,0,0,2,0,0,0,0,0,0,0,0,0,0,0,0,0,0,0,0,10,0,0,263,0,0,157,0,0,0,0,0,0,0,0,0,0,127,0,0,0,0,0,0,0,0,0,0,0,0,0,0,0,0,125,0,0,0,0,0,0,0,0,0,0,0,0,0,0,0,0,0,27,0,0,0,0,0,0,0,0,0,0,0,0,0,0,0,0,0,0,0,0,0,0,74,0,0,0,0,22,0,0,0,0,0,0,0,0,0,0,0,0,0,0,0,0,0,0,0,0,0,0,0,0,0,0,0,0,0,0,0,0,0,0,0,0,0,0,0,0,0,0,0,0,0,0,0,0,0,0,0,0,0,0,0,18,0,0,0,0,0,0,0,0,0,0,0,0,0,0,0,0,0,0,0,0,0,0,0,0,0,0,0,0,0,0,0,0,0,0,0,0,0,0,0,0,0,0,0,0,0,0,0,0,0,0,0,0,0,0,0,0,0,0,0,0,0,0,0,0,0,0,0,0,0,0,0,0,0,0,0,0,0,0,0,0,0,0,0,0,0,0,0,0,0,0,0,0,0,0,0,0,0,0,0,0,0,0,0,0,0,0,0,0,0,0,0,0,0,0,0,0,0,0,0,0,0,0,0,0,0,0,0,0,0,0,0,0,0,0,0,0,0,0,0,4,0,0,0,0,0,0,0,0,0,0,0,0,0,0,0,0,0,0,0,0,0,0,0,0,0
"ERR3416784",47,0,0,0,420,11,27066,0,0,0,151,0,0,0,0,0,6,0,12,0,0,0,0,2,24,2664,0,0,46,0,0,0,0,0,0,0,0,0,0,0,0,0,0,0,0,50,0,0,0,5,0,0,0,0,0,0,0,0,0,0,0,0,0,0,0,0,0,0,0,0,0,0,14,0,0,0,0,0,0,0,0,0,0,0,0,0,0,0,0,0,0,0,0,0,0,0,0,0,0,0,0,0,0,0,0,0,0,0,0,0,0,0,82,0,0,0,0,0,0,0,0,0,0,0,0,0,0,0,0,0,0,0,0,0,0,0,0,0,0,0,0,0,0,0,0,0,0,0,0,0,0,0,0,0,0,0,0,0,0,0,0,0,0,0,0,0,0,0,0,0,0,0,0,0,0,0,0,0,0,0,0,0,0,0,0,0,0,0,0,0,0,0,0,0,0,0,0,0,0,0,0,0,0,0,0,0,0,0,0,0,0,0,0,0,442,0,0,0,0,0,0,0,0,0,0,0,0,0,0,0,0,0,0,0,0,0,0,0,0,0,0,0,0,0,0,0,0,0,0,0,0,0,0,0,0,0,0,0,0,0,0,0,0,0,0,0,0,0,0,0,0,0,0,0,0,0,0,0,0,0,0,0,0,0,0,0,0,0,0,0,0,0,0,0,0,0,0,0,0,0,0,0,0,0,0,0,0,0,0,0,0,0,0,0,0,0,0,0,0,0,0,0,0,0,0,0,0,0,0,0,0,0,0,0,0,0,0,0,0,0,0,0,0,0,0,0,0,0,0,0,0,0,0,0,0,0,0,0,0,0,0,0,0,0,0,0,0,0,0,0,0,0,0,0,0,0,0,0,0,0,0,0,0,0,0,0,0,0,0,0,0,0,0,0,0,0,0,0,0,0,0,0,0,0,0,0,0,0,0,0,0,0,0,0,0,0,0,0,0,0,0,0,0,0,0,0,0,0,0,0,0,0,0,0,0,0,0,0,0,0,0,0
"ERR3416785",5461,0,0,0,1162,0,32,6,2,0,249,0,0,336,930,79,158,0,1606,0,0,0,309,0,10033,566,439,0,1665,0,0,8,51,0,0,0,51,128,0,93,0,0,1831,422,6,0,273,0,8,1693,0,0,5,106,0,0,1673,0,0,0,0,3,0,0,0,0,74,0,0,173,0,0,4466,0,74,0,0,216,0,717,958,0,0,0,0,0,0,0,0,0,0,430,42,0,0,0,0,53,0,0,0,0,0,0,0,0,0,0,0,0,0,0,0,0,0,0,0,1398,0,33,98,0,0,0,18,0,0,0,0,0,0,19,0,0,0,0,0,0,0,0,135,0,0,28,5,0,11,0,0,0,0,0,6,0,0,0,0,0,31,0,0,0,0,0,0,0,0,0,0,0,0,294,0,0,0,0,0,0,0,0,0,21,47,0,0,0,0,0,0,0,0,0,0,0,0,0,25,0,0,0,0,0,0,4,0,0,110,0,0,0,0,0,0,0,0,0,0,0,0,0,0,0,0,0,0,0,0,0,0,0,0,0,0,0,0,0,0,0,0,0,0,0,0,0,0,0,0,0,0,0,0,0,0,0,0,0,0,0,0,0,0,0,0,0,0,0,0,0,0,0,0,0,0,0,0,0,0,0,0,0,0,6,0,0,0,0,0,0,0,0,0,0,0,0,0,0,0,0,0,0,0,0,0,0,0,0,0,0,0,0,0,0,0,0,0,0,0,0,0,0,0,0,0,0,0,0,0,0,0,0,0,0,0,0,0,0,0,0,0,0,0,0,0,0,0,0,0,0,0,0,0,0,0,0,0,0,0,0,0,0,0,0,0,0,0,0,0,0,0,0,0,0,0,0,0,0,0,0,0,0,0,0,0,0,0,0,0,0,0,0,0,0,0,0,0,0,0,0,0,0,0,0,0,0,0,0,0,0,0,0,0,0,0,0,0,0,0,0,0,0,0,0,0,0,0,0,0,0,0,0,0,0,0,0,0,0,0,0,0,0,0,0
"ERR3416786",59,0,0,0,12461,0,225,0,10,0,0,0,0,2460,0,334,669,0,7706,0,0,0,1833,0,0,94,2725,0,0,0,0,0,0,0,0,15,0,0,0,0,0,192,1126,1242,0,0,0,0,0,0,0,0,0,0,0,0,231,0,0,46,0,0,0,0,0,0,32,0,119,0,0,0,0,0,455,0,0,122,0,700,87,0,0,0,0,0,0,0,0,0,0,44,72,0,0,0,0,0,0,0,0,0,0,0,0,0,11,0,0,0,0,0,0,0,0,0,0,17,0,0,0,0,0,0,0,0,0,0,0,0,0,0,0,0,0,0,0,0,0,0,0,0,0,0,0,0,2,0,0,0,0,0,0,0,0,0,0,0,0,0,0,0,0,0,0,0,0,0,0,0,0,0,0,0,0,0,0,0,0,0,0,0,17,0,0,0,0,0,0,0,0,0,0,0,0,0,0,0,0,0,0,0,0,0,0,0,0,0,0,0,0,0,0,0,0,0,0,0,0,0,0,0,0,0,0,0,0,0,0,0,0,0,0,0,18,0,0,0,0,0,0,0,0,0,0,0,0,0,0,0,0,0,0,0,0,0,0,0,0,0,0,0,0,0,0,0,0,0,0,0,0,0,0,0,0,0,0,0,0,0,0,0,0,0,0,0,0,0,0,0,0,0,0,0,0,0,0,0,0,0,0,0,0,0,0,0,0,0,0,0,0,0,0,0,0,0,0,0,18,0,0,0,0,0,0,0,0,0,0,0,0,0,0,0,0,0,0,0,0,0,0,0,0,0,0,0,0,0,0,0,0,0,0,0,0,0,0,0,0,0,0,0,0,0,0,0,0,0,0,0,0,0,0,0,0,0,0,0,0,0,0,0,0,0,0,0,0,0,0,0,0,0,0,0,0,0,0,0,0,0,0,0,0,0,0,0,0,0,0,0,0,0,0,0,0,0,0,0,0,0,0,0,0,0,0,0,0,0,0,0,0,0,0,0,0,0,0,0,0,0,0,0
"ERR3416787",71,67,0,111,50,0,827,0,0,0,0,0,0,10,0,43,103,0,198,0,48,38,62,511,13,14,40,0,0,0,0,0,138,0,213,0,62,36,0,0,0,0,0,0,31,23,0,0,16,7,0,0,0,19,0,0,16,0,13,0,0,0,0,0,0,0,137,0,0,0,31,0,7,0,4,0,0,0,0,0,0,15,0,0,0,0,0,18,0,23,0,0,0,0,0,0,0,0,0,0,0,0,0,0,0,0,0,0,0,0,2,0,0,0,0,0,0,0,0,0,0,0,0,0,0,0,0,0,0,0,0,0,0,0,0,0,0,0,0,7,0,0,0,0,0,0,0,0,0,0,0,0,0,0,0,0,0,0,0,0,0,0,0,0,0,0,0,0,23,0,0,0,0,0,0,0,0,0,0,0,0,0,0,0,0,0,0,0,0,0,0,0,0,0,0,0,0,0,0,14,0,0,0,0,0,0,0,0,0,0,0,0,67,0,0,0,0,0,0,0,0,0,0,0,0,0,0,0,0,0,0,0,0,0,66,0,0,0,0,0,0,0,0,0,0,0,0,0,0,0,0,0,0,0,0,0,0,0,0,0,0,0,0,0,0,0,0,0,0,0,0,0,0,0,0,0,0,0,0,0,0,0,0,0,0,0,0,0,0,0,0,0,0,0,0,0,0,0,0,0,0,0,0,0,0,0,0,0,0,0,0,0,0,0,0,0,0,0,0,0,0,0,0,0,0,0,0,0,0,0,0,0,0,0,0,0,0,0,0,0,0,0,0,0,0,0,0,0,0,0,0,0,0,0,0,0,0,0,0,0,0,0,0,0,0,0,0,0,0,0,0,0,0,0,0,0,0,0,0,0,0,0,0,0,0,0,0,0,0,0,0,0,0,0,0,0,0,0,0,0,0,0,0,0,0,0,0,0,0,0,0,0,0,0,0,0,0,0,0,0,0,0,0,0,0,0,0,0,0,0,0,0,0,0,0,0,0,0,0,0,0,0
"ERR3416788",42,0,63,665,57,479,423,7,0,0,0,0,0,0,177,32,10,0,109,0,99,0,47,296,0,0,0,0,0,0,0,0,435,0,274,0,25,60,0,0,89,5,0,7,0,18,0,0,250,0,35,0,0,0,5,17,0,0,0,0,0,0,0,0,0,0,327,0,0,0,259,0,0,0,19,0,0,0,15,0,0,0,0,0,0,0,0,0,11,0,0,0,0,0,0,0,0,0,0,0,0,0,0,7,0,0,0,0,0,0,40,0,0,0,0,0,0,0,0,0,0,0,0,71,0,0,0,6,0,0,0,0,0,0,0,0,0,0,0,21,0,0,0,0,0,12,0,0,0,0,0,0,0,0,0,0,0,0,0,43,0,0,0,0,0,0,0,0,0,0,0,0,0,0,0,0,0,0,0,0,0,0,0,0,0,0,0,0,0,0,0,0,0,0,0,0,0,0,0,0,0,0,0,0,0,0,0,0,0,0,0,0,160,0,0,0,0,0,0,0,0,0,0,0,0,0,0,0,0,0,0,0,0,0,2,0,0,0,0,0,0,0,5,0,0,0,0,0,0,0,0,0,0,0,46,0,0,0,0,0,0,0,0,0,0,0,0,0,0,0,0,0,0,0,0,0,0,0,0,0,0,0,0,0,0,0,0,0,0,0,0,0,0,0,0,0,0,0,0,0,24,0,0,0,23,0,0,0,0,0,0,0,0,0,38,0,0,0,0,0,18,0,0,0,0,0,0,0,0,0,0,0,0,0,0,0,0,0,0,0,0,0,0,0,0,0,0,0,0,0,0,0,0,0,0,0,10,0,0,0,0,0,0,0,0,0,0,0,0,0,0,0,0,0,0,0,0,0,0,0,0,0,0,0,6,0,0,0,0,7,0,0,0,0,0,0,0,0,6,0,0,0,0,0,0,0,0,0,0,0,0,0,0,0,0,0,0,4,4,0,0,0,0,0,0,0,0,0,0,0,0,0,0,0,0,0,0,0,0,0,0,0
"ERR3416789",50,9,0,107,124,63,171,44,5,0,0,0,0,289,0,15,35,0,247,0,111,0,88,36,0,10,33,0,0,0,6,0,105,0,7,7,7,0,0,0,0,40,188,44,0,0,0,0,8,0,0,0,0,10,0,0,0,0,0,0,0,0,0,0,0,0,52,0,0,0,22,0,0,0,36,0,0,0,0,0,0,14,0,0,0,0,0,0,0,0,0,0,20,0,0,0,0,0,0,0,0,0,0,652,0,0,0,0,19,0,0,68,0,0,42,0,0,0,51,0,0,0,0,88,0,0,0,0,0,0,0,0,0,0,0,0,0,0,0,0,0,344,0,0,0,0,0,0,0,0,0,0,0,0,0,0,0,0,0,0,0,0,0,0,8,0,0,0,0,0,0,18,0,0,0,0,0,0,0,0,0,0,0,0,0,0,11,0,19,0,0,0,0,0,0,0,0,0,0,0,0,0,0,0,0,0,0,0,0,8,0,0,0,0,0,0,0,0,0,0,0,0,0,0,0,0,0,0,0,0,0,0,0,0,0,0,0,0,0,0,0,0,0,0,0,101,0,0,0,0,0,0,121,0,0,79,87,0,0,0,0,0,7,0,0,0,0,0,0,0,0,0,0,69,0,0,0,0,52,32,0,0,56,0,0,0,50,0,0,0,28,0,0,0,0,0,0,0,0,0,0,42,37,0,0,0,0,23,0,0,0,0,50,0,0,40,36,0,0,0,0,38,18,0,0,0,0,29,0,16,0,0,0,25,0,25,28,23,15,0,0,0,0,14,0,0,0,0,0,0,0,30,0,0,0,0,0,0,0,22,0,0,0,0,0,0,0,18,10,0,0,0,0,0,0,0,9,0,0,0,0,0,8,0,0,0,0,0,0,0,13,7,0,0,0,0,0,0,0,9,0,0,0,0,0,0,10,5,0,0,0,0,0,0,0,0,0,0,0,0,0,0,0,0,0,0,0,0,3,5,0,0,0,0,0,0,0,0,0,0,0,0
"ERR3416791",54,0,0,0,0,0,41,26791,0,3176,0,0,0,10,0,0,0,0,33,0,0,0,0,0,0,0,0,0,0,405,0,15,14,0,0,0,0,1419,0,13,0,0,0,55,0,0,0,0,0,0,0,0,31,0,0,0,0,0,0,0,163,0,0,0,0,0,0,0,0,0,0,0,0,0,0,0,0,0,0,0,0,0,0,0,0,0,0,0,0,0,0,0,0,0,0,0,0,0,0,0,0,0,0,8,0,0,0,0,0,0,0,0,0,0,0,0,0,0,46,0,0,0,0,0,0,0,0,0,0,0,0,0,0,0,0,0,0,0,0,0,0,0,0,0,0,0,0,0,34,0,0,0,0,0,0,0,0,0,0,0,0,0,0,0,0,0,0,0,0,0,0,0,0,0,0,0,0,0,0,0,0,0,0,0,0,0,0,0,0,0,120,0,0,0,0,0,0,0,0,0,0,0,0,0,0,0,0,0,0,0,0,0,0,0,0,0,0,0,0,0,0,0,0,0,0,0,0,0,0,0,0,0,0,0,0,0,0,0,0,0,0,0,0,0,0,0,0,0,0,0,0,0,0,0,0,0,0,0,0,0,0,0,0,0,0,0,0,0,0,0,0,0,0,0,0,0,0,0,0,0,0,0,0,0,0,0,0,0,0,0,0,0,0,0,0,0,0,0,0,0,0,0,0,0,0,0,0,0,0,0,0,0,0,0,0,0,0,0,0,0,0,0,0,0,0,0,0,0,0,0,0,0,0,0,0,0,0,0,0,0,0,0,0,0,0,0,0,0,0,0,0,0,0,0,0,0,0,0,0,0,0,0,0,0,0,0,0,0,0,0,0,0,0,0,0,0,0,0,0,0,0,0,0,0,0,0,0,0,0,0,0,0,0,0,0,0,0,0,0,0,0,0,0,0,0,0,0,0,0,0,0,0,0,0,0,0,0,0,0,0,0,0,0,0,0,0,0,0,0,0,0,0,0,0,0,0,0,0,0,0,0,0
"ERR3416792",42,0,31,0,87,0,5,326,0,11862,121,0,0,0,0,0,0,0,9,0,0,0,0,0,0,0,0,0,10,2599,0,0,0,0,0,0,0,0,0,0,0,0,0,20,0,0,0,0,0,0,0,0,0,0,0,0,0,0,0,0,84,0,0,0,0,0,0,0,0,0,0,0,0,0,22,0,0,0,0,0,0,0,0,0,0,0,0,0,0,0,0,0,0,0,0,0,0,0,0,0,0,0,0,4,0,0,0,0,0,0,0,0,0,0,0,0,0,0,16,0,0,0,0,0,0,0,0,0,0,0,0,0,0,0,0,0,0,0,0,0,0,0,0,0,0,0,0,0,0,0,0,0,0,0,0,0,0,0,0,0,0,0,0,0,0,0,0,0,0,0,0,0,0,0,0,0,0,0,0,0,0,0,0,0,0,0,0,0,0,0,0,0,0,0,0,0,0,0,0,0,0,0,0,0,0,0,0,0,0,0,0,0,0,0,0,0,0,0,0,0,0,0,0,0,0,0,0,0,0,0,0,0,0,0,0,0,0,0,0,0,0,0,0,0,0,0,0,0,0,0,0,0,0,0,0,0,0,0,0,0,0,0,0,0,0,0,0,0,0,0,0,0,0,0,0,0,0,0,0,0,0,0,0,0,0,0,0,0,0,0,0,0,0,0,0,0,0,0,0,0,0,0,0,0,0,0,0,0,0,0,0,0,0,0,0,0,0,0,0,0,0,0,0,0,0,0,0,0,0,0,0,0,0,0,0,0,0,0,0,0,0,0,0,0,0,0,0,0,0,0,0,0,0,0,0,0,0,0,0,0,0,0,0,0,0,0,0,0,0,0,0,0,0,0,0,0,0,0,0,0,0,0,0,0,0,0,0,0,0,0,0,0,0,0,0,0,0,0,0,0,0,0,0,0,0,0,0,0,0,0,0,0,0,0,0,0,0,0,0,0,0,0,0,0,0,0,0,0,0,0,0,0,0,0,0,0,0,0,0,0,0,0
"ERR3416793",32,0,0,0,40,0,15,50,0,12375,119,0,0,0,0,10,0,0,9,0,46,0,0,0,0,0,0,0,0,284,0,0,8,0,0,0,0,0,0,0,0,0,0,10,0,0,0,0,0,0,0,0,0,0,0,0,0,0,0,0,0,0,0,0,0,0,0,0,0,0,0,0,0,0,129,0,0,0,0,0,0,0,0,0,0,0,0,0,0,0,0,0,0,0,0,0,0,0,0,0,0,0,0,0,0,0,0,0,0,0,0,0,0,0,0,0,0,0,15,0,0,0,0,0,0,0,0,0,0,0,0,0,0,0,0,0,0,0,0,0,0,0,0,0,0,0,0,0,0,0,0,0,0,0,0,0,0,0,0,0,0,0,0,0,0,0,0,0,0,0,0,0,0,0,0,0,0,0,0,0,0,0,0,0,0,0,0,0,0,0,0,0,0,0,0,0,0,0,0,0,0,0,0,0,0,0,0,0,0,0,0,0,0,0,0,0,0,0,0,0,0,0,0,0,0,0,0,0,0,0,0,0,0,0,0,0,0,0,0,0,0,0,0,0,0,0,0,0,0,0,0,0,0,0,0,0,0,0,0,0,0,0,0,0,0,0,0,0,0,0,0,0,0,0,0,0,0,0,0,0,0,0,0,0,0,0,0,0,0,0,0,0,0,0,0,0,0,0,0,0,0,0,0,0,0,0,0,0,0,0,0,0,0,0,0,0,0,0,0,0,0,0,0,0,0,0,0,0,0,0,0,0,0,0,0,0,0,0,0,0,0,0,0,0,0,0,0,0,0,0,0,0,0,0,0,0,0,0,0,0,0,0,0,0,0,0,0,0,0,0,0,0,0,0,0,0,0,0,0,0,0,0,0,0,0,0,0,0,0,0,0,0,0,0,0,0,0,0,0,0,0,0,0,0,0,0,0,0,0,0,0,0,0,0,0,0,0,0,0,0,0,0,0,0,0,0,0,0,0,0,0,0,0,0,0,0,0,0,0,0,0,0
"ERR3416794",56,980,0,0,9,12,18009,0,0,23,59,0,0,0,3692,22,0,0,35,0,47,0,5,153,60,4258,0,0,0,382,0,0,360,0,9,0,15,30,0,0,0,0,0,0,0,0,0,0,0,0,0,0,0,0,0,0,0,0,0,0,0,0,0,0,0,0,0,0,0,0,0,0,0,0,2,0,0,0,0,0,0,0,0,0,0,0,0,0,0,0,0,0,0,0,0,0,0,0,0,0,0,0,0,0,0,0,0,0,0,0,0,0,0,0,0,0,0,0,0,0,35,0,0,0,0,0,0,0,0,0,0,0,0,0,0,0,0,0,0,0,0,0,0,0,0,0,0,0,0,0,0,0,0,0,0,0,0,0,0,0,0,0,0,0,0,0,0,0,0,0,0,0,0,0,0,0,0,0,0,0,0,0,0,0,0,0,0,0,0,0,0,0,0,0,0,0,0,0,0,0,0,0,0,0,0,0,0,0,0,0,0,0,0,0,0,0,0,0,162,0,47,0,0,0,0,0,0,0,0,0,0,0,0,0,0,0,0,0,0,0,0,0,0,0,0,0,0,0,0,0,0,0,0,0,0,0,0,0,0,0,0,0,0,0,0,0,0,0,0,0,0,0,0,0,0,0,0,0,0,0,0,0,0,0,0,0,0,0,0,0,0,0,0,0,0,0,0,0,0,0,0,0,0,0,0,0,0,0,0,0,0,0,0,0,0,0,0,0,0,0,0,0,0,0,0,0,0,0,0,0,0,0,0,0,0,0,0,0,0,0,0,0,0,0,0,0,0,0,0,0,0,0,0,0,0,0,0,0,0,0,0,0,0,0,0,0,0,0,0,0,0,0,0,0,0,0,0,0,0,0,0,0,0,0,0,0,0,0,0,0,0,0,0,0,0,0,0,0,0,0,0,0,0,0,0,0,0,0,0,0,0,0,0,0,0,0,0,0,0,0,0,0,0,0,0,0,0,0,0,0,0,0,0,0,0,0,0,0,0,0,0,0
"ERR3416795",28329,0,0,96,24,0,2295,0,0,5,25,0,0,468,0,135,756,0,459,0,0,1273,559,162,0,95,396,0,0,0,0,0,15,358,21,23,233,0,0,0,0,188,486,957,33,35,0,0,275,0,306,0,7,7,159,0,0,0,240,0,0,0,52,0,0,0,60,87,35,0,0,0,0,107,6,0,0,53,0,15,26,0,36,0,0,0,0,3,0,0,0,0,141,0,0,0,0,69,0,0,44,0,0,20,0,31,42,0,0,0,0,0,539,0,456,0,0,0,71,0,87,0,0,0,0,0,0,0,155,0,0,0,0,0,0,43,0,0,0,10,59,0,0,0,0,0,0,428,0,0,0,0,0,0,0,0,0,0,0,0,0,0,0,0,0,0,0,0,0,0,0,0,0,0,0,0,0,0,0,0,0,0,0,0,0,0,0,0,0,0,0,0,0,0,0,0,0,0,0,0,0,0,0,0,0,0,0,0,0,0,0,0,0,0,0,64,0,0,0,0,0,0,0,5,0,0,0,0,0,0,0,0,0,0,33,0,0,0,0,0,0,0,0,0,0,0,0,0,0,0,0,0,0,0,0,0,0,0,0,0,0,0,0,0,0,0,0,0,0,0,0,0,0,0,0,0,0,0,0,0,0,0,0,0,0,0,0,0,0,0,0,0,0,0,0,0,0,0,0,0,0,0,0,0,0,0,0,0,0,0,0,0,0,0,0,0,0,0,0,0,0,0,0,0,0,0,0,0,0,0,0,0,0,0,0,0,0,0,0,0,0,0,0,0,0,0,0,0,0,0,0,0,0,0,0,0,0,0,0,0,0,0,0,0,0,0,0,0,0,0,0,0,0,0,0,0,0,0,0,0,0,0,0,0,0,0,0,0,0,0,0,0,0,0,0,0,0,0,0,0,0,0,0,0,0,0,0,0,0,0,0,0,0,0,0,0,0,0,0,0,0,0,0,0,0,0,0,0,0,0,0,0,0,0,0,0,0,0,0,0,0,0
"ERR3416796",137,0,0,0,4,0,19,0,0,0,0,0,23,0,0,0,0,0,0,0,22926,0,0,0,0,0,0,0,0,74,0,0,0,0,0,0,0,0,0,3,0,0,0,0,0,0,0,0,0,0,0,0,0,0,0,0,0,0,0,0,0,0,0,0,0,0,0,0,0,0,0,0,0,0,0,0,0,0,0,0,0,0,0,0,0,0,0,0,0,0,0,0,0,0,0,0,0,0,0,0,0,0,0,12,0,0,0,0,0,0,0,0,0,0,0,0,0,0,0,0,0,0,0,91,0,0,0,0,0,0,0,0,0,0,0,0,0,0,0,0,0,0,0,0,0,0,0,0,0,0,0,0,0,0,0,0,0,0,0,0,5,0,0,0,0,0,0,0,0,0,0,0,0,0,0,0,0,0,0,0,0,0,0,0,0,0,0,0,0,0,0,0,0,0,0,0,0,0,0,0,0,0,0,0,0,0,0,0,0,0,0,0,0,0,0,0,0,0,0,0,0,0,0,0,0,0,0,0,0,0,0,0,0,0,0,0,0,0,0,0,0,0,0,0,0,0,0,0,0,0,0,0,0,0,0,0,0,0,0,0,0,0,0,0,0,0,0,0,0,0,0,0,0,0,0,0,0,0,0,0,0,0,0,0,0,0,0,0,0,0,0,0,0,0,0,0,0,0,0,0,0,0,0,0,0,0,0,0,0,0,0,0,0,0,0,0,0,0,0,0,0,0,0,0,0,0,0,0,0,0,0,0,0,0,0,0,0,0,0,0,0,0,0,0,0,0,0,0,0,0,0,0,0,0,0,0,0,0,0,0,0,0,0,0,0,0,0,0,0,0,0,0,0,0,0,0,0,0,0,0,0,0,0,0,0,0,0,0,0,0,0,0,0,0,0,0,0,0,0,0,0,0,0,0,0,0,0,0,0,0,0,0,0,0,0,0,0,0,0,0,0,0,0,0,0,0,0,0,0,0,0,0,0,0,0,0,0,0,0,0,0,0
"ERR3416797",24374,67,0,0,978,0,4761,0,0,0,0,0,0,73,0,0,0,0,0,0,0,0,0,1118,0,737,242,0,0,0,0,0,0,32,228,0,0,0,0,0,0,0,0,0,59,0,0,0,0,0,757,0,0,0,0,0,0,4,0,0,0,46,0,0,0,0,0,0,0,0,0,0,0,372,13,155,8,0,0,0,0,0,0,0,0,0,0,0,0,0,0,0,0,0,0,0,0,0,0,0,0,0,0,0,0,265,0,0,64,0,0,0,245,0,0,0,0,304,0,0,0,0,0,0,0,0,0,0,0,0,0,0,0,0,0,0,0,0,0,0,0,0,0,0,0,0,0,0,0,0,0,348,0,0,0,0,0,0,0,0,0,0,0,0,0,0,0,0,0,0,0,0,0,0,0,0,0,0,0,0,0,0,0,0,0,0,5,0,0,0,0,0,4,0,0,0,0,0,0,33,0,0,0,0,0,0,0,0,0,0,0,0,0,0,0,0,0,0,0,0,0,0,0,0,0,0,0,0,0,0,0,0,0,0,0,0,0,0,0,0,0,0,0,0,0,0,0,0,0,0,0,0,0,0,0,0,0,0,0,0,0,0,0,0,0,21,0,0,0,0,0,0,0,0,0,0,0,0,0,0,0,0,0,0,0,0,0,0,0,0,0,0,0,0,0,0,0,0,0,0,0,0,0,0,0,0,0,0,0,0,0,0,0,0,0,0,0,0,0,0,0,0,0,0,0,0,0,0,0,0,0,0,0,0,0,0,0,0,0,0,0,0,0,0,0,0,0,0,0,0,0,0,0,0,0,0,0,0,0,0,0,0,0,0,0,0,0,0,0,0,0,0,0,0,0,0,0,0,0,0,0,0,0,0,0,0,0,0,0,0,0,0,0,0,0,0,0,0,0,0,0,0,0,0,0,0,0,0,0,0,0,0,0,0,0,0,0,0,0,0,0,0,0,0,0,0,0,0,0,0,0,0,0,0,0,0,0,0,0,0,0,0
"ERR3416798",620,304,0,0,1083,40,23834,0,0,0,0,0,0,17,0,6,0,0,0,0,0,0,0,1383,0,75,139,0,0,0,0,0,0,1554,1852,0,0,16,0,0,0,0,0,0,717,0,0,0,0,0,210,0,0,0,0,0,0,19,0,0,0,0,0,0,0,0,0,0,0,0,0,0,13,0,0,321,76,0,9,0,0,0,0,0,0,0,0,0,0,0,0,0,0,0,0,0,0,0,0,0,0,0,0,0,0,398,0,0,0,46,0,0,0,0,0,0,0,8,0,0,0,0,0,0,0,0,0,0,0,0,0,0,0,0,0,0,0,0,0,0,0,0,0,0,0,0,0,0,0,0,0,149,0,28,0,0,0,0,0,0,0,0,0,0,0,0,0,0,0,0,0,0,0,0,0,0,0,0,0,0,0,0,0,0,0,0,690,0,68,0,0,0,397,0,0,0,0,0,0,247,0,0,0,0,0,0,0,0,0,0,0,0,0,0,0,0,0,0,0,0,0,0,0,0,0,0,0,0,0,0,0,0,0,0,0,0,0,0,0,0,0,0,0,0,0,0,0,0,0,0,0,0,0,0,0,0,0,0,0,0,0,0,0,0,0,0,0,0,0,0,0,0,0,0,0,0,0,0,0,0,0,0,0,0,0,0,0,0,0,0,0,0,0,0,0,0,0,0,0,0,0,0,0,0,0,0,0,0,0,0,0,0,0,0,0,0,0,0,0,0,0,0,0,0,0,0,0,0,0,0,0,0,0,0,0,0,0,0,0,0,0,0,0,0,0,0,0,0,0,0,0,0,0,0,0,0,0,0,0,0,0,0,0,0,0,0,0,0,0,0,0,0,0,0,0,0,0,0,0,0,0,0,0,0,0,0,0,0,0,0,0,0,0,0,0,0,0,0,0,0,0,0,0,0,0,0,0,0,0,0,0,0,0,0,0,0,0,0,0,0,0,0,0,0,0,0,0,0,0,0,0,0,0,0,0,0,0,0,0,0,0,0
"ERR3416799",1122,0,0,4,435,0,7763,75,0,534,19,0,0,17,0,51,180,121,115,0,0,0,15,945,25,2553,95,0,42,75,0,105,188,27,1005,0,1718,0,0,0,786,0,97,95,0,192,0,0,106,0,0,548,0,62,88,629,52,0,0,0,0,505,64,488,0,0,152,0,0,0,0,63,10,0,184,0,68,0,646,0,0,255,0,0,0,0,0,0,5,0,0,0,0,0,0,0,0,0,0,177,0,84,0,71,139,0,3,0,0,0,134,0,0,0,0,0,0,0,0,0,409,0,172,0,0,0,9,0,0,105,0,0,0,0,0,0,0,0,0,167,0,0,0,0,39,0,17,0,0,0,0,0,0,0,0,0,0,104,0,171,0,0,0,0,0,0,0,0,25,0,0,0,0,0,0,0,0,0,0,0,0,0,0,0,0,0,230,0,0,0,0,0,0,0,0,0,0,0,0,31,0,0,0,0,0,0,0,0,0,0,0,0,6,0,0,0,0,0,0,0,0,0,0,0,0,0,0,0,0,37,0,0,0,0,50,0,0,0,0,0,0,0,0,0,0,0,0,0,0,0,0,0,0,0,0,0,0,0,0,0,0,0,0,0,0,0,0,0,0,0,0,0,0,0,0,63,0,0,0,0,0,0,0,0,0,0,0,0,0,0,0,0,0,0,0,0,0,0,0,0,0,0,0,0,0,0,0,0,0,0,0,0,0,0,0,0,0,0,0,0,0,0,0,0,0,0,0,0,0,0,0,0,0,0,0,0,0,0,0,0,0,0,0,0,0,0,0,0,0,0,0,0,0,0,0,0,0,0,0,0,0,0,0,0,0,0,0,0,0,0,0,0,0,0,0,0,0,0,0,0,0,0,0,0,0,0,0,0,0,0,0,0,0,0,0,0,0,0,0,0,0,0,0,0,0,0,0,0,0,0,0,0,0,0,0,0,0,0,0,0,0,0,0,0,0,0,0,0,0,0,0,0,0,0,0,0,0,0,0,0,0,0
"ERR3416800",65,0,0,0,13,0,6,12712,0,10,0,0,0,0,0,0,0,0,11,0,2694,0,0,12,0,0,0,0,0,0,0,13,435,0,0,4,0,0,0,0,0,0,0,0,0,0,0,2016,0,0,0,0,0,0,0,0,0,0,0,0,0,0,0,0,0,0,0,0,0,0,0,0,0,0,3,0,0,0,0,0,0,0,0,0,0,0,0,0,0,0,0,0,0,0,0,0,0,0,0,0,0,0,0,0,0,0,0,0,0,0,0,0,0,0,0,0,0,0,0,0,0,0,0,6,0,0,0,0,0,0,0,0,0,0,0,0,0,0,0,0,0,0,0,0,0,0,0,0,0,0,0,0,0,0,0,0,0,0,0,0,0,0,0,0,0,0,0,0,0,0,0,0,0,0,0,0,0,0,0,0,0,0,0,0,0,0,0,0,0,0,0,0,0,0,0,0,0,0,0,0,0,0,0,0,0,0,0,0,0,0,0,0,0,0,0,0,0,0,0,0,0,0,0,0,0,0,0,0,0,0,0,0,0,0,0,0,0,0,0,0,0,0,0,0,0,0,0,0,0,0,0,0,0,0,0,0,0,0,0,0,0,0,0,0,0,0,0,0,0,0,0,0,0,0,0,0,0,0,0,0,0,0,0,0,0,0,0,0,0,0,0,0,0,0,0,0,0,0,0,0,0,0,0,0,0,0,0,0,0,0,0,0,0,0,0,0,0,0,0,0,0,0,0,0,0,0,0,0,0,0,0,0,0,0,0,0,0,0,0,0,0,0,0,0,0,0,0,0,0,0,0,0,0,0,0,0,0,0,0,0,0,0,0,0,0,0,0,0,0,0,0,0,0,0,0,0,0,0,0,0,0,0,0,0,0,0,0,0,0,0,0,0,0,0,0,0,0,0,0,0,0,0,0,0,0,0,0,0,0,0,0,0,0,0,0,0,0,0,0,0,0,0,0,0,0,0,0,0,0,0,0,0,0,0,0,0,0,0,0,0,0,0
"ERR3416801",6679,0,0,568,125,0,3154,0,0,0,65,0,0,175,0,1408,414,0,330,0,0,323,421,1541,0,21,29,0,0,0,0,8,152,0,215,289,713,559,0,0,0,54,125,0,55,0,0,0,299,0,461,0,0,82,205,0,228,23,0,46,0,0,18,133,0,0,159,0,0,0,0,0,0,746,39,271,153,14,0,0,91,0,291,0,0,108,0,0,0,318,0,0,0,0,180,0,0,32,0,0,0,0,0,0,10,0,52,0,0,0,0,0,325,0,117,0,0,0,10,0,339,0,159,0,0,0,0,0,136,0,0,0,0,0,0,0,0,0,0,0,0,0,0,0,0,0,0,0,0,0,0,0,0,0,0,0,0,0,0,0,0,0,0,0,0,0,0,0,0,0,0,5,0,0,0,0,0,0,0,0,0,0,0,0,0,0,11,0,5,0,0,0,0,0,0,0,0,0,0,130,0,0,0,0,0,0,0,0,0,0,0,0,0,0,0,49,0,0,0,0,0,0,0,0,0,0,0,0,0,0,0,0,0,0,28,0,0,0,0,0,0,0,0,0,0,0,0,0,0,0,0,0,0,0,0,0,0,0,44,0,0,0,0,0,0,0,0,0,0,0,0,0,0,0,0,0,0,0,0,0,0,0,0,0,0,0,0,0,0,0,0,0,0,0,0,0,0,0,0,0,0,0,0,0,0,0,0,0,0,0,0,0,0,0,0,0,0,0,0,0,0,0,0,0,0,0,0,0,0,0,0,0,0,0,0,0,0,0,0,0,0,0,0,0,0,0,0,0,0,0,0,0,0,0,0,0,0,0,0,0,0,0,0,0,0,0,0,0,0,0,0,0,2,0,0,0,0,0,0,0,0,0,0,0,0,0,0,0,0,0,0,0,0,0,0,0,0,0,0,0,0,0,0,0,0,0,0,0,0,0,0,0,0,0,0,0,0,0,0,0,0,0,0,0,0,0,0,0,0,0,0,0,0,0,0,0,0,0,0,0,0,0
"ERR3416802",127,17,0,1315,5,0,1813,0,0,0,34,0,0,0,0,0,0,164,0,0,0,6,7,452,0,10,0,247,0,0,4,0,456,46,385,0,397,1248,0,35,59,0,0,0,140,0,0,0,307,0,7600,0,0,0,220,0,0,41,0,0,0,0,129,0,0,0,923,0,0,0,0,0,0,392,236,481,137,0,0,0,0,0,32,0,0,4,0,0,0,0,0,0,0,0,820,0,0,0,0,208,0,89,0,290,76,0,0,0,12,681,59,0,0,0,0,0,0,0,0,0,223,0,72,0,0,0,63,0,0,156,0,0,0,0,0,0,0,0,0,0,0,0,0,0,0,0,85,0,0,0,0,0,0,0,0,0,0,0,0,0,0,0,109,0,0,0,0,0,0,0,0,0,5,0,7,0,0,0,0,0,0,0,0,0,0,0,172,0,0,0,0,0,0,0,28,0,0,0,0,193,0,0,0,0,0,0,0,170,0,0,0,0,0,0,0,0,0,0,0,0,127,0,0,0,0,0,0,0,0,0,132,0,0,0,0,0,0,0,0,0,0,0,0,0,0,0,0,0,0,0,0,0,0,0,0,0,0,0,0,0,0,15,0,0,0,0,0,0,0,0,38,0,0,0,0,0,0,0,0,0,0,0,0,0,0,0,0,0,0,0,0,0,0,0,0,0,0,0,0,0,0,0,0,0,0,0,0,0,0,0,0,0,0,0,0,0,0,0,0,0,0,0,0,0,0,0,0,0,0,0,0,0,0,0,0,0,0,0,0,0,0,0,0,0,0,0,0,0,0,0,0,0,0,0,0,0,0,0,0,0,0,0,0,3,0,0,0,0,0,0,0,0,0,0,0,0,0,0,0,0,0,0,0,0,0,0,0,0,0,0,0,0,0,0,0,0,0,0,0,0,0,0,0,0,0,0,0,0,0,0,0,0,0,0,0,0,0,0,0,0,0,0,0,0,0,0,0,0,0,0,0,0,0,0,0,0,0,0,0,0,0,0
"ERR3416803",0,0,0,0,56,9,9,0,0,0,75,0,0,91,718,13,82,0,4713,0,0,0,6120,0,0,0,0,0,0,0,0,0,0,0,0,0,0,0,0,0,0,0,4931,6,0,0,997,0,0,0,0,0,0,3513,0,0,46,0,7,0,0,0,0,0,843,0,0,720,0,0,0,0,0,0,0,0,0,0,0,0,807,0,0,0,0,0,0,0,0,0,0,0,0,0,0,0,0,103,0,0,0,0,0,0,0,0,0,0,0,0,0,0,0,0,177,0,26,0,5,0,0,0,0,0,0,0,0,0,3,0,0,0,0,0,0,0,0,0,0,0,0,0,0,0,0,0,0,0,0,0,0,0,0,0,0,0,0,0,0,0,0,0,0,0,0,0,0,73,0,0,0,0,3,0,0,0,0,0,0,0,0,430,0,0,0,0,0,0,0,0,0,0,0,0,0,0,0,0,0,0,0,0,0,0,0,0,0,0,0,0,0,0,0,0,0,0,0,0,0,0,0,0,0,0,0,0,0,251,0,0,0,0,0,0,0,0,0,0,0,0,0,0,0,0,0,0,0,0,0,46,0,0,0,0,0,0,0,0,0,0,0,0,0,0,0,0,0,0,0,0,0,0,0,0,0,0,0,0,0,0,0,0,0,0,0,0,0,0,0,0,0,0,0,0,0,0,0,0,0,0,0,0,0,0,0,0,0,0,0,0,0,0,0,0,0,0,0,0,0,0,0,0,0,36,18,0,0,0,0,0,0,0,0,0,0,0,0,0,0,15,0,0,0,0,0,0,0,0,0,0,0,0,0,0,0,0,0,0,0,0,0,0,0,0,0,0,0,0,0,0,0,0,0,0,0,0,0,0,0,0,0,0,0,14,0,0,0,0,0,0,0,0,0,0,0,0,0,0,0,0,0,0,0,0,0,0,0,0,0,0,0,0,0,0,0,0,0,0,0,0,0,0,0,0,0,0,0,0,0,0,0,0,0,0,0,0,0,0,0,0,0,0
"ERR3416804",32,0,0,342,862,0,44,0,0,0,0,0,0,986,13,1107,809,26,928,0,0,94,199,601,0,308,0,0,0,291,53,1728,17,0,0,108,1878,0,0,323,467,100,253,0,0,0,7,0,829,0,0,0,9,108,701,180,66,0,1074,6,0,0,506,43,0,0,18,0,0,0,5,0,0,0,2,0,0,0,27,0,37,74,0,0,0,0,0,1459,0,637,0,0,0,0,0,0,0,97,56,0,5,0,0,55,8,0,0,0,0,0,0,0,0,32,202,0,0,5,0,0,95,0,0,0,0,0,0,28,19,0,0,0,40,0,0,229,0,0,437,0,0,0,0,0,162,74,0,167,0,0,0,0,0,0,0,0,0,0,0,0,0,55,0,0,0,0,0,0,0,0,0,0,0,0,0,0,0,0,0,0,34,0,0,0,0,0,0,0,0,0,0,0,0,0,0,105,0,0,0,8,15,0,0,0,0,157,0,0,0,0,0,0,0,0,0,0,0,0,0,0,0,0,0,0,0,0,119,0,0,0,0,0,0,0,3,0,0,0,0,0,0,0,0,0,0,0,0,0,0,0,0,0,0,0,0,0,0,0,0,0,0,0,0,0,0,0,0,0,0,0,0,0,0,0,0,0,0,0,0,0,0,0,0,0,0,0,0,0,0,0,0,0,0,0,0,0,0,0,0,0,0,0,0,8,0,0,0,0,0,0,0,0,0,0,0,0,0,0,0,0,0,0,0,0,0,0,0,0,0,0,0,0,0,0,0,0,0,0,0,0,0,0,0,0,0,0,0,0,0,0,0,0,0,0,0,0,0,0,0,0,0,0,0,0,0,0,3,0,0,0,0,0,0,0,0,0,0,0,0,0,0,0,0,0,0,0,0,0,0,0,0,0,0,0,2,0,0,0,0,0,0,0,0,0,0,0,0,0,0,0,0,0,0,0,0,0,0,0,0,0,0,0,0,0,0,0,0,0,0,0,0,0,0,0,0,0,0,0,0,0,0,0
"ERR3416805",4563,12,0,14,30,103,1321,0,0,867,349,0,0,307,0,670,315,0,0,0,478,0,883,202,0,333,0,0,0,2276,0,138,0,141,110,131,500,0,0,236,0,0,0,0,0,0,0,0,172,0,0,0,7,0,0,0,14,0,61,0,0,0,16,0,0,157,92,0,3,0,0,0,22,0,0,0,0,0,0,0,0,0,0,0,0,0,0,75,0,788,0,0,0,0,0,0,0,0,0,0,0,0,0,0,0,0,0,0,0,0,0,0,0,0,101,9,0,0,0,0,0,0,0,3,0,0,0,0,0,0,0,0,0,0,0,115,0,0,90,0,0,0,0,0,0,0,0,196,268,0,0,0,0,0,0,0,0,0,0,0,0,0,0,0,0,0,0,5,0,0,0,0,0,0,0,0,0,0,0,0,0,0,0,0,0,0,0,0,0,0,0,0,0,0,0,0,0,0,0,42,0,0,0,0,0,0,0,0,0,0,0,0,0,0,0,5,0,0,0,0,0,79,0,0,0,0,3,0,0,0,0,0,0,0,0,0,0,0,0,0,0,0,0,0,0,0,0,0,0,0,0,0,0,0,0,0,0,0,0,0,0,0,0,0,0,0,0,0,0,0,0,0,0,0,0,0,0,0,0,0,0,0,0,0,0,0,0,0,0,0,0,0,0,0,0,0,0,0,0,0,0,0,0,12,0,0,0,0,0,0,0,0,0,0,0,0,0,0,0,0,0,0,0,0,0,0,0,0,0,0,0,0,0,0,0,0,0,0,0,0,0,0,0,0,0,0,0,0,0,0,0,0,0,0,0,0,0,0,0,0,0,0,0,0,0,0,0,0,0,0,0,0,0,0,0,0,0,0,0,0,0,0,0,0,0,0,0,0,0,0,0,0,0,0,0,0,0,0,0,0,0,0,0,0,0,0,0,0,0,0,0,0,0,0,0,0,0,0,0,0,0,0,0,0,0,0,0,0,0,0,0,0,0,0,0,0,0,0,0,0,0,0
"ERR3416806",4468,353,0,501,683,0,1639,0,34,0,1155,0,0,629,0,2334,5715,25,72,0,99,0,10,241,0,5,0,0,0,0,0,0,115,0,519,0,15,624,0,0,22,0,192,0,25,52,95,0,0,0,52,5,0,0,13,0,358,14,3,0,0,23,0,22,0,0,0,0,0,0,0,0,1687,52,13,292,0,0,0,0,114,0,0,0,0,0,0,27,0,0,14,0,0,0,0,0,0,338,0,13,0,31,243,0,0,0,0,0,0,0,35,0,437,0,0,0,0,3035,0,0,25,0,16,0,0,0,0,0,0,0,4,0,0,0,0,0,0,0,0,103,0,0,0,0,4,0,0,0,0,0,0,0,0,0,0,0,0,239,0,0,51,0,0,0,0,0,0,0,0,0,0,54,0,0,0,0,0,0,0,0,0,21,0,0,0,0,11,0,0,0,0,0,0,0,0,0,0,0,0,42,0,0,0,0,0,0,0,0,0,0,0,0,0,0,0,0,0,0,0,0,0,0,0,0,0,0,0,0,0,0,0,0,0,0,0,0,0,0,0,0,0,0,0,0,0,0,0,0,0,0,0,0,0,0,0,0,0,7,0,0,0,0,0,0,0,0,0,0,0,0,0,0,0,0,0,0,0,0,0,0,0,0,0,0,0,0,0,0,0,0,0,0,0,0,0,0,0,0,0,0,0,0,0,0,0,0,0,0,0,0,0,0,0,0,0,0,0,0,0,0,0,0,0,0,0,0,0,0,0,0,0,0,0,0,0,0,0,0,0,0,0,0,0,0,0,0,0,0,0,0,0,0,0,0,0,0,0,0,0,0,0,0,0,0,0,0,0,0,0,0,0,0,0,0,0,0,0,0,0,0,0,0,0,0,0,0,0,0,0,0,0,0,0,0,0,0,0,0,0,0,0,0,0,0,0,0,0,0,0,0,0,0,0,0,0,0,0,0,0,0,0,0,0,0,0,0,0,0,0,0,0,0,0,0,0,0,0,0,0,0,0,0
"ERR3416807",1410,4,0,80,4980,0,1664,0,0,0,19,0,0,650,0,1044,344,0,2995,0,0,226,1215,693,21,168,0,0,523,0,0,193,182,0,61,60,721,523,0,0,62,20,621,0,0,108,0,0,106,0,0,116,0,79,143,0,0,64,124,8,0,23,48,0,0,0,68,0,0,0,0,0,444,772,254,0,0,295,17,0,6,0,25,0,0,0,0,0,0,42,0,0,109,0,0,0,0,65,0,0,0,0,0,52,0,6,0,0,0,0,0,0,98,0,22,0,0,0,0,0,13,0,32,0,0,0,0,0,95,0,0,0,0,0,0,0,0,0,0,0,0,0,0,0,120,0,0,0,0,0,0,9,21,0,0,0,0,0,96,0,0,0,0,0,0,0,0,0,0,0,0,0,0,3,0,0,0,300,0,0,0,0,0,0,0,0,0,0,0,0,0,0,0,0,0,0,0,0,0,14,0,0,0,0,0,0,0,0,0,0,0,0,0,0,0,0,0,0,0,0,0,0,0,7,0,0,0,0,0,0,0,0,0,0,0,0,0,0,0,0,0,0,0,0,0,0,0,0,0,0,0,0,0,0,0,0,0,0,0,0,0,0,0,0,0,0,0,0,0,0,0,0,0,0,0,0,0,0,0,0,0,0,0,0,0,0,0,0,0,0,0,0,0,0,0,0,0,0,0,0,0,0,0,0,0,0,0,0,0,0,0,0,0,0,0,0,0,0,0,0,0,0,0,0,0,0,0,0,0,0,0,0,0,0,0,0,0,0,0,0,0,0,0,0,0,0,0,0,0,0,0,0,0,0,0,0,0,0,0,0,0,0,0,0,0,0,0,0,0,0,0,0,0,0,0,0,0,0,0,0,0,0,0,0,0,0,0,0,0,0,0,0,0,0,0,0,0,0,0,0,6,0,0,0,0,0,0,0,0,0,0,0,0,0,0,0,0,0,0,0,0,0,0,0,0,0,0,0,0,0,0,0,0,0,0,0,0,0,0,0,0,0
"ERR3416809",1054,0,0,199,59,0,2510,0,0,0,0,0,0,363,0,74,0,53,1467,9,0,0,4281,925,0,0,0,0,33,0,0,0,0,141,718,204,1021,0,0,0,105,1076,558,0,103,11,241,0,435,0,203,0,0,702,25,0,0,0,0,41,0,0,87,20,0,0,330,0,0,10,0,0,137,151,252,185,0,0,106,0,612,0,227,0,0,0,0,0,0,0,0,0,0,0,0,0,0,83,0,0,0,0,0,311,0,0,0,0,12,0,0,0,34,0,0,0,0,4,167,0,0,0,13,0,98,0,0,0,0,0,0,0,0,0,0,0,0,0,0,0,0,0,0,0,0,0,0,0,0,0,0,0,0,0,0,0,0,9,0,0,0,0,0,0,0,0,0,119,0,0,0,0,0,0,0,0,0,0,0,0,0,0,0,0,0,0,0,0,0,0,0,0,0,0,0,0,0,0,0,63,0,0,0,0,0,0,0,5,0,0,0,0,0,0,0,0,0,0,0,0,0,0,0,0,0,0,0,0,0,0,0,0,0,0,0,0,0,0,0,0,0,0,0,0,0,0,0,0,0,0,0,0,0,0,0,0,0,0,0,27,0,0,0,0,0,0,0,0,0,0,0,0,0,0,0,0,0,0,0,0,0,0,0,0,0,0,0,0,0,0,0,0,0,0,0,0,0,0,0,0,0,0,0,0,0,0,0,0,0,0,0,0,0,0,0,0,0,0,0,0,0,0,0,0,0,0,0,0,0,0,0,0,0,0,0,0,0,0,0,0,0,0,0,0,0,0,0,0,0,0,0,0,0,0,0,0,0,0,0,0,0,0,0,0,0,0,0,0,0,10,0,0,0,0,0,0,0,0,0,0,0,0,0,0,0,0,0,0,0,0,0,0,0,0,0,0,0,0,0,0,0,0,0,0,0,0,0,0,0,0,0,0,0,0,0,0,0,0,0,0,0,0,0,0,0,0,0,0,0,0,0,0,0,0,0,0,0,0,0,0,0,0
"ERR3416810",1012,0,0,0,1031,0,1314,0,64,0,0,0,0,1823,0,16,1132,29,43,0,294,0,1437,49,136,92,329,0,43,0,693,124,19,4,275,0,387,24,0,0,32,0,228,0,0,78,153,0,0,0,103,0,198,0,36,0,158,0,0,0,0,0,51,0,0,0,27,0,11,0,0,0,342,0,64,0,0,66,0,0,0,0,0,0,0,45,0,0,0,0,0,7,0,0,0,0,0,0,0,0,0,0,0,0,0,0,0,0,0,0,0,0,0,0,0,0,0,571,0,0,100,0,0,0,0,0,0,0,0,0,0,0,0,0,0,0,0,0,0,13,0,0,0,48,157,0,0,33,0,0,0,0,7,0,0,0,0,0,0,0,0,0,0,0,0,0,0,0,0,0,0,0,0,0,9,0,33,0,0,0,0,0,0,0,0,0,0,0,0,0,0,0,0,0,0,0,0,0,0,14,0,0,0,0,0,0,0,0,0,0,0,0,0,0,0,0,0,0,0,0,0,0,0,0,0,0,0,0,0,0,0,0,0,0,0,0,0,0,0,0,0,0,0,0,0,0,0,0,0,0,0,0,0,0,0,0,0,0,0,0,0,0,0,0,0,0,0,0,0,0,0,0,0,0,0,0,0,0,0,0,0,0,0,0,0,0,0,0,0,0,0,0,0,0,0,0,0,0,0,0,0,0,0,0,0,0,0,0,0,0,0,0,0,0,0,0,0,0,0,0,0,0,0,0,0,0,0,0,0,0,0,0,0,0,0,0,0,0,0,0,0,0,0,0,0,0,0,0,0,0,0,0,0,0,0,0,0,0,0,0,0,0,0,0,0,0,0,0,0,0,0,0,0,0,0,0,0,0,0,0,0,0,0,0,0,0,0,0,0,0,0,0,0,0,0,0,0,0,0,0,0,0,0,0,0,3,0,0,0,0,0,0,0,0,0,0,0,0,0,0,0,0,0,0,0,0,0,0,0,0,0,0,0,0,0,0,0,0,0,0,0,0
"ERR3416811",2996,0,7,0,11,0,6908,0,9,0,0,0,0,26,0,0,2,63,15,0,0,0,0,105,0,92,0,0,0,1358,164,0,0,0,296,0,1757,38,0,0,74,0,0,0,0,0,0,0,755,0,286,0,71,0,847,22,0,0,0,0,0,0,1458,0,0,0,9,0,7,0,11,0,0,0,0,0,0,0,0,0,0,0,0,0,0,0,0,0,1188,0,0,0,0,0,0,0,53,0,0,0,0,25,0,72,11,0,0,0,0,0,11,0,66,0,0,0,0,0,0,0,0,0,50,0,0,0,0,153,0,12,0,11,0,0,201,0,0,0,0,12,0,0,0,0,0,0,29,0,0,0,0,0,0,0,0,0,0,0,0,0,0,0,0,0,0,0,17,0,0,0,0,0,0,0,15,238,0,0,0,0,0,0,0,0,0,0,0,0,0,0,0,0,0,0,0,0,0,13,0,84,0,0,0,0,0,0,0,0,0,0,0,0,0,0,0,77,0,0,0,0,0,0,0,0,0,0,0,0,0,0,129,0,0,0,0,0,0,0,0,0,0,5,0,0,0,0,0,0,0,0,0,0,0,0,0,0,0,0,0,0,0,0,0,0,0,0,0,0,0,0,0,0,0,0,0,0,0,0,0,0,0,0,0,0,0,0,0,16,0,0,0,0,0,0,0,0,0,0,0,0,0,0,0,22,0,0,0,0,0,0,0,0,0,0,0,0,0,0,0,0,0,0,0,0,0,0,0,0,0,0,0,0,0,0,0,0,0,0,0,0,0,0,0,0,0,0,0,0,0,0,0,0,0,0,0,0,0,0,0,0,0,0,0,0,0,0,0,0,0,0,0,0,0,0,0,0,0,0,0,0,0,0,0,0,0,0,0,0,0,0,0,0,0,0,0,0,0,0,0,0,0,0,0,0,0,0,0,0,0,0,0,0,0,0,0,0,0,0,0,0,0,0,0,0,0,0,0,0,0,0,0,0,0,0,0,0,0,0,0,0,0,0
"ERR3416812",24,0,0,0,8691,0,140,0,0,0,0,0,0,842,0,18,1201,0,102,0,0,0,551,0,0,39,180,0,0,0,0,0,0,0,0,0,0,0,0,0,0,0,445,732,0,0,0,11,0,0,0,0,0,6,0,0,11,0,0,0,331,0,0,0,0,0,0,0,0,1871,0,0,59,0,68,0,0,392,0,3659,0,0,0,0,0,0,0,0,0,0,0,211,385,0,0,0,0,0,0,0,0,0,0,0,0,0,9,0,0,0,0,0,0,0,308,0,0,0,0,779,0,0,0,0,0,0,0,0,0,0,0,0,0,0,0,0,0,0,0,0,691,0,0,0,0,0,0,0,0,0,0,0,0,0,0,0,0,0,0,0,0,0,0,0,0,0,0,0,0,0,0,0,0,0,0,0,0,2,0,0,0,0,0,0,0,0,0,0,0,0,0,0,0,0,0,0,0,0,0,0,0,0,0,0,0,0,125,0,0,0,0,0,0,0,0,0,0,0,0,0,0,0,0,0,0,0,0,0,0,0,0,0,0,0,0,0,0,0,0,0,0,0,0,0,0,0,0,93,0,0,0,0,0,0,0,0,0,0,0,0,0,0,0,0,0,0,0,0,0,0,0,0,0,0,0,0,0,44,0,0,0,0,0,0,0,0,0,0,0,0,0,0,0,0,0,0,0,0,0,0,0,0,0,0,0,0,0,0,0,0,0,0,0,0,0,0,0,0,0,0,0,0,0,0,0,0,0,0,0,0,0,0,0,0,0,0,0,0,0,0,0,0,0,0,0,0,0,0,0,0,0,0,0,0,0,0,0,0,0,0,0,0,0,0,0,0,0,0,0,0,0,0,0,0,0,0,0,0,0,0,0,0,0,0,0,0,0,0,0,0,0,0,0,0,0,0,0,0,0,0,0,0,0,0,0,0,0,0,0,0,0,0,0,0,0,0,0,0,0,0,0,0,0,0,0,0,0,0,0,0,0,0,0,0,0,0,0,0,0,0,0,0
"ERR3416813",150,0,0,15,104,0,61,0,0,0,0,0,0,1493,4,29,37,160,148,38,0,47,0,5,319,27,10,0,8,0,0,1367,568,0,161,0,1279,0,0,0,403,25,0,0,0,0,0,47,9,0,0,0,0,0,155,0,0,0,0,0,3,479,250,155,0,0,0,0,0,0,0,9,1755,0,83,0,0,0,0,0,0,864,0,0,0,0,0,0,20,0,0,0,0,0,744,0,129,0,0,0,0,75,0,588,163,0,0,0,0,0,89,0,0,347,0,20,0,27,0,0,129,0,173,0,0,0,0,0,0,0,0,0,0,0,0,0,0,0,0,184,0,0,0,0,0,0,0,0,0,0,0,0,53,0,0,0,9,4,0,0,0,0,0,0,0,0,23,0,0,0,0,23,0,0,93,0,0,0,0,0,0,0,0,0,0,0,0,0,0,0,0,0,0,0,0,0,0,0,0,68,0,0,0,0,21,0,0,0,0,0,0,0,0,0,0,0,0,0,0,0,0,0,0,0,0,0,0,0,0,0,0,0,0,0,0,0,0,17,0,0,0,0,0,0,0,0,0,0,0,0,0,0,0,0,0,0,0,0,0,0,0,0,0,0,0,0,79,0,0,0,0,0,0,0,0,0,0,0,0,0,0,0,0,0,0,0,0,0,0,0,0,0,0,0,0,0,0,0,0,0,0,0,0,0,0,0,0,0,0,0,0,0,0,0,0,0,0,40,0,0,0,0,0,0,0,0,0,0,0,0,0,0,0,0,0,0,0,0,0,0,0,0,0,0,0,0,0,0,0,0,0,0,0,0,0,0,0,0,0,0,0,0,0,0,0,0,0,0,0,0,0,0,0,0,0,0,0,0,0,0,0,0,0,0,0,0,0,0,0,0,0,0,0,0,0,0,0,0,0,0,0,0,0,0,0,0,0,0,0,0,0,0,0,0,0,0,0,0,0,0,0,0,0,0,0,0,0,0,0,0,0,0,0,0,0,0,0,0,0,0,0,0
"ERR3416814",1238,0,0,0,3072,0,34,0,0,0,258,0,0,419,0,369,1876,0,3968,0,0,549,481,85,0,14,0,0,0,0,11,311,3,0,0,11,2152,0,0,649,52,25,160,0,0,0,29,0,365,0,46,0,0,413,210,0,12,0,422,0,0,0,0,0,0,0,0,0,0,0,0,0,221,0,0,0,0,0,0,0,106,0,0,0,0,0,0,288,0,99,0,0,0,0,0,0,0,18,0,0,0,0,0,0,0,0,0,0,0,0,23,0,121,0,76,0,0,0,0,0,87,0,62,0,0,0,0,7,214,0,0,0,0,0,0,167,0,0,7,0,0,0,0,0,37,0,0,0,0,0,0,0,23,0,0,0,0,0,89,0,0,0,0,68,0,0,0,8,0,0,0,0,0,0,0,0,0,0,0,0,0,0,0,0,0,0,0,0,0,0,0,0,0,6,0,0,0,0,0,0,0,0,0,0,0,0,0,0,0,0,0,0,0,0,0,7,0,0,0,0,0,0,0,0,0,0,4,0,0,0,0,0,0,0,0,0,0,0,0,0,0,0,0,0,0,0,0,0,0,0,0,0,0,0,0,0,0,0,0,0,0,0,0,3,0,0,0,0,0,0,0,0,0,0,0,0,0,0,0,0,0,0,0,0,0,0,0,0,0,0,0,0,0,0,0,0,0,0,0,10,0,0,0,0,0,0,0,0,20,0,0,0,0,0,0,0,0,0,0,0,0,0,0,0,0,0,0,0,0,0,0,0,0,0,0,0,0,0,0,0,0,0,0,0,0,0,0,0,0,0,0,0,0,0,12,0,0,0,0,0,0,0,0,0,0,0,0,0,0,0,0,0,0,0,0,0,0,0,0,0,0,0,0,0,0,0,0,0,0,0,0,0,0,0,0,0,0,0,0,0,0,0,0,0,0,0,0,0,0,0,0,0,0,0,0,0,0,0,0,0,0,0,0,0,0,0,0,0,0,0,0,0,0,0,0,0,0,0,0,0,0,0
"ERR3416815",112,0,6,0,321,0,1080,0,0,0,0,0,0,1050,17,41,81,50,278,0,0,22,225,155,0,165,0,0,0,0,74,1931,444,0,271,0,2662,0,0,637,246,0,18,0,0,22,0,0,1744,0,0,0,45,0,814,71,63,0,1825,0,0,0,390,8,0,0,39,0,93,0,0,0,1388,0,5,0,0,0,0,0,0,187,0,0,0,0,0,0,486,104,0,0,0,61,0,0,20,0,538,8,0,0,0,0,185,2,0,0,0,0,141,0,0,98,0,0,0,0,0,0,119,0,54,0,8,0,0,149,0,70,0,82,377,0,0,0,0,0,0,0,0,0,0,0,57,31,0,0,0,0,0,0,99,2,0,0,0,0,0,0,0,60,93,0,0,0,0,0,0,0,0,35,0,0,0,0,0,0,0,0,268,0,0,0,0,0,0,0,0,0,0,0,0,0,0,0,0,0,0,82,0,23,0,0,0,96,0,0,0,0,0,0,0,0,0,0,0,0,0,0,0,0,0,0,0,0,0,0,0,0,0,0,0,0,0,0,0,0,0,0,0,0,0,0,0,0,0,0,0,0,0,0,0,0,0,0,0,0,0,0,0,0,0,0,0,0,8,0,0,0,0,0,0,0,0,10,0,0,0,0,0,0,0,0,0,0,0,0,0,0,0,0,0,0,0,0,0,0,0,0,0,0,0,7,0,0,0,0,29,0,0,0,0,0,0,0,0,0,0,0,0,0,0,0,0,0,0,0,0,0,0,0,0,0,0,0,0,0,0,0,0,0,0,0,0,0,0,0,0,0,0,0,0,0,0,0,0,0,0,0,0,0,0,0,0,0,0,0,0,0,0,0,0,0,0,0,0,0,0,0,0,0,0,0,0,0,0,0,0,0,0,0,0,0,0,0,0,0,0,0,0,0,0,0,0,0,0,0,0,0,0,0,0,0,0,0,0,0,0,0,0,0,0,0,0,0,0,0,0,0,0,0,0,0,0,0,0,0,0,0,0,0
"ERR3416816",2586,13,0,0,463,0,2488,0,0,0,33,0,0,1007,14,154,6156,175,3639,0,0,0,2126,419,0,242,0,0,0,0,0,168,196,0,458,0,360,0,0,0,481,233,190,0,0,0,34,0,90,0,0,0,0,648,44,0,0,0,0,0,0,0,0,0,0,0,127,0,0,0,0,44,385,0,0,0,0,0,0,0,11,246,0,0,0,0,0,0,65,0,0,0,0,0,0,0,0,196,0,21,0,0,0,368,0,4,0,0,0,0,42,0,86,0,0,0,0,20,0,0,0,0,0,0,47,0,0,0,0,0,0,0,0,0,0,0,0,0,0,0,0,0,0,0,0,246,0,0,0,0,0,0,17,0,0,0,0,22,0,0,0,0,0,0,0,0,130,0,0,0,0,9,0,0,0,0,0,0,0,0,0,0,0,0,0,0,0,0,0,0,0,0,0,8,0,0,0,0,0,0,0,0,0,0,0,0,0,0,0,0,0,0,0,0,0,0,0,0,0,0,0,0,0,0,0,0,0,0,0,0,0,0,0,0,0,0,0,0,0,0,0,0,0,0,0,0,0,0,0,0,0,0,0,47,0,0,0,0,0,0,0,0,0,0,0,0,4,0,0,0,0,0,0,0,0,0,0,0,0,0,0,0,0,0,0,0,0,0,0,0,0,0,0,0,0,0,0,0,0,0,0,0,0,0,0,0,0,0,0,0,0,0,0,0,0,0,0,0,0,0,0,0,0,0,0,0,0,0,0,0,0,0,0,0,0,0,0,0,0,0,0,0,0,0,0,0,0,0,0,0,0,0,0,0,0,0,0,0,0,0,0,0,0,0,0,0,0,0,0,0,0,0,0,0,0,0,0,0,0,0,0,0,0,0,0,0,0,0,0,0,0,0,0,0,0,0,0,0,0,0,0,0,0,0,0,0,0,0,0,0,0,0,0,0,0,0,0,0,0,0,0,0,0,0,0,0,0,0,0,0,0,0,0,0,0,0,0,0,0,0,0,0
"ERR3416817",10147,17,0,0,58,2450,74,11,0,0,0,0,0,30,14929,76,83,0,162,0,211,0,56,13,0,0,0,0,0,0,4,13,0,0,12,0,0,0,0,0,0,17,83,0,0,0,72,0,0,0,0,0,0,0,0,0,514,0,0,0,0,0,0,0,0,0,0,0,0,0,0,0,0,0,0,0,0,0,3,0,857,0,0,0,0,0,0,0,0,0,0,0,0,0,0,0,0,0,0,0,0,0,0,7,0,0,0,0,0,0,0,0,313,0,0,0,0,5,0,0,0,0,0,0,0,0,0,0,0,0,0,0,0,0,0,0,0,0,0,0,0,0,0,0,0,0,0,0,0,0,0,0,0,0,0,0,0,0,0,0,0,0,0,0,0,0,0,0,0,0,0,56,0,0,0,0,0,0,0,0,0,8,0,0,0,0,0,235,0,0,0,0,0,0,0,0,0,0,0,0,0,0,0,121,0,0,0,0,0,0,0,0,0,0,0,0,163,0,0,0,0,0,0,0,0,0,0,0,0,0,0,0,119,0,0,0,0,0,9,0,0,0,0,0,0,0,0,0,0,0,0,0,0,0,0,0,0,0,0,0,0,0,0,0,0,0,0,0,0,0,0,0,0,0,0,0,0,0,0,0,0,0,0,0,0,0,0,0,0,0,0,0,0,0,0,0,0,0,0,0,0,0,0,0,0,0,0,0,0,0,0,0,0,0,0,0,0,0,0,0,0,0,0,0,0,0,0,0,0,0,0,0,0,0,0,0,0,0,0,0,0,0,0,0,0,0,0,0,0,0,0,0,0,0,0,0,0,0,0,0,0,0,0,0,0,0,0,0,0,0,0,0,0,0,0,0,0,0,0,0,0,0,0,0,0,0,0,0,0,0,0,0,0,0,0,0,0,0,0,0,0,0,0,0,0,0,0,0,0,0,0,0,0,0,0,0,0,0,0,0,0,0,0,0,0,0,0,0,0,0,0,0,0,0,0,0,0,0,0,0,0,0
"ERR3416818",148,25,0,26,7691,0,2893,2,0,0,61,0,0,129,9,4101,336,25,999,0,0,28,1418,997,123,12,15,0,0,0,0,1264,378,0,1046,7,583,24,0,8,182,209,113,0,0,273,15,0,56,0,73,0,0,24,3,0,90,0,10,0,0,0,18,80,0,0,145,0,2,0,0,64,14,0,35,44,0,0,0,0,22,88,0,0,0,0,0,0,0,0,0,0,0,0,0,0,0,0,0,76,0,71,0,4,0,0,0,0,0,0,35,0,0,98,0,0,0,19,17,0,22,0,0,0,16,0,0,0,37,16,0,0,0,0,0,0,0,0,0,273,0,0,0,0,0,0,0,0,0,0,0,0,150,0,0,0,0,272,0,0,0,0,43,0,0,0,0,0,0,0,0,40,0,0,0,0,0,0,0,0,0,0,0,0,0,0,0,0,0,0,0,0,0,0,0,0,0,0,0,0,0,0,0,0,0,0,0,9,0,0,0,0,8,0,0,0,0,0,0,0,0,0,0,0,0,0,0,0,0,0,0,0,0,0,0,0,0,0,0,0,0,0,0,0,0,0,0,0,0,0,0,0,0,0,0,0,0,0,0,0,0,0,0,0,0,0,0,0,0,0,0,0,0,0,0,0,0,0,0,0,0,0,0,0,0,0,0,0,0,0,0,0,0,0,0,0,0,0,0,0,0,0,0,0,0,0,0,0,0,0,0,0,0,0,0,0,0,0,0,0,0,0,0,0,0,0,0,0,0,0,0,0,0,0,0,0,0,0,0,0,0,0,0,0,0,0,0,0,0,0,0,0,0,0,0,0,0,0,0,0,0,0,0,0,0,0,0,0,0,0,0,0,0,0,0,0,0,0,0,0,0,0,0,0,0,0,0,0,0,0,0,0,0,0,0,0,0,0,0,0,0,0,0,0,0,0,0,0,0,0,0,0,0,0,0,0,0,0,0,0,0,0,0,0,0,0,0,0,0,0,0,0,0,0,0,0,0,0,0,0,0,0
"ERR3416819",300,68,106,1536,859,0,400,4749,0,0,16,0,0,458,11,1114,7219,32,0,0,0,14,2197,362,0,175,0,0,0,0,46,85,38,280,9,11,1794,0,0,1209,112,0,156,0,0,0,11,0,490,0,0,0,17,6,87,62,191,0,335,0,0,0,176,0,0,0,0,0,0,0,0,0,80,0,0,0,0,0,0,0,40,0,0,0,0,0,0,0,0,70,0,0,0,0,0,0,0,0,0,0,7,0,0,76,4,0,6,0,0,0,0,0,0,45,0,0,0,0,0,0,3,23,15,0,0,0,0,41,25,9,0,0,6,0,0,282,0,0,0,0,0,0,0,0,0,0,0,0,0,0,0,0,0,0,0,0,5,47,0,0,0,0,0,0,0,0,0,0,0,0,0,0,0,0,8,0,0,0,0,0,0,67,0,0,0,0,0,0,0,0,0,0,0,0,0,0,0,0,0,7,0,0,0,0,0,0,0,0,0,0,0,0,0,0,0,0,0,0,0,0,0,0,0,0,0,0,27,0,0,0,0,0,0,0,0,0,0,0,0,0,0,0,0,0,0,0,0,0,0,0,0,0,0,0,0,0,0,0,0,0,0,0,0,0,0,0,0,0,0,0,0,0,0,0,0,0,0,0,0,0,0,0,0,0,0,0,0,0,0,0,0,0,0,0,0,0,0,0,0,0,0,0,0,0,0,0,0,0,0,0,0,0,0,0,0,0,0,0,0,0,0,0,0,0,0,0,0,0,0,0,0,0,0,0,0,0,0,0,0,0,0,0,0,0,0,0,0,0,0,0,0,0,0,0,0,0,0,0,0,0,0,0,0,0,0,0,0,0,0,0,0,0,0,0,0,0,0,0,0,0,0,0,0,0,0,0,0,0,0,0,0,0,0,0,0,0,0,0,0,0,0,0,0,0,0,0,0,0,0,0,0,0,0,0,0,0,0,0,0,0,0,0,0,0,0,0,0,0,0,0,0,0,0,0,0,0,0,0,0,0,0,0
"ERR3416820",569,0,0,0,552,0,303,20,0,0,227,0,0,189,0,808,645,0,4760,0,0,412,814,32,5,31,10,0,0,0,4,23,16,0,0,88,51,0,0,0,0,91,1010,0,15,0,0,0,4,0,7,0,0,11,0,0,30,0,264,5,0,0,0,0,0,0,29,0,0,0,0,0,0,0,174,0,0,0,0,0,101,0,0,0,0,0,0,0,0,0,0,0,0,0,0,0,0,61,0,0,36,0,0,0,0,0,79,0,0,0,0,0,68,0,0,0,0,16,0,0,29,0,0,0,0,0,0,0,4,0,0,0,0,0,0,4,0,0,0,0,0,0,0,0,0,0,0,0,0,0,0,0,0,0,0,0,0,0,0,0,0,0,0,0,0,0,0,10,0,0,0,10,0,0,0,0,0,0,0,0,0,0,9,0,0,0,0,0,0,0,0,0,0,0,0,0,0,0,0,0,0,0,0,0,0,0,0,0,0,0,0,0,0,0,0,0,0,0,0,0,0,0,0,63,0,0,0,0,0,0,0,0,0,0,7,0,0,0,0,0,0,0,0,0,0,0,0,0,0,0,0,0,0,0,0,0,0,0,0,0,0,0,0,0,0,0,0,0,0,0,0,0,0,0,0,0,0,0,0,0,0,0,0,0,0,0,0,0,0,0,0,0,0,0,0,0,0,0,0,0,0,0,0,0,0,0,0,0,0,0,0,0,0,0,0,0,0,19,0,0,0,0,0,0,0,0,0,0,0,0,0,0,0,0,0,0,0,0,0,0,0,0,0,0,0,0,0,0,0,0,0,0,0,0,0,0,0,0,0,0,0,0,0,0,0,0,0,0,0,0,0,0,0,0,0,0,0,0,0,0,0,0,0,0,0,0,0,0,0,0,0,0,0,0,0,0,0,0,0,0,0,0,0,0,0,0,0,0,0,0,0,0,0,0,0,0,0,0,0,0,0,0,0,0,0,0,0,0,0,0,0,0,0,0,0,0,0,0,0,0,0,0
"ERR3416821",297,9,0,0,928,0,230,12,228,0,0,0,0,282,90,456,54,0,7042,0,0,0,3970,16,0,118,0,0,0,0,7,0,0,0,0,0,336,0,0,71,0,552,909,29,0,0,9,0,0,0,0,0,8,1143,0,0,47,0,109,38,0,0,6,0,0,0,152,173,10,0,0,0,87,6,257,0,0,40,0,0,109,25,0,0,0,0,0,0,0,0,0,0,0,0,0,0,0,618,0,19,0,0,0,33,0,0,0,0,0,0,0,0,0,0,464,0,0,0,0,0,7,0,0,0,132,0,0,0,0,0,0,0,0,0,0,0,0,0,0,0,40,0,0,0,0,0,0,0,0,0,0,0,0,0,0,0,0,0,0,0,0,0,0,0,0,0,0,85,0,0,0,0,0,0,0,0,0,0,0,0,0,0,0,0,0,0,0,0,0,0,0,0,0,0,0,0,0,0,0,0,0,0,0,0,0,0,0,0,0,0,0,0,0,0,0,0,0,0,0,0,0,0,0,0,0,0,0,0,0,0,0,0,0,0,0,0,0,0,15,0,0,0,0,0,0,0,0,0,0,0,0,0,0,0,0,0,0,0,0,0,0,0,0,0,0,0,0,0,0,0,0,0,0,0,0,0,0,0,0,0,0,0,0,0,0,0,0,0,0,0,0,0,0,0,0,0,0,0,0,0,0,0,0,0,0,0,0,0,0,0,0,0,0,0,0,0,0,0,0,0,0,0,0,0,0,0,0,0,0,0,0,0,0,0,0,0,0,0,0,0,0,0,0,0,0,0,0,0,0,0,0,0,0,0,0,0,0,0,0,0,0,0,0,0,0,0,0,0,0,0,0,0,0,0,0,0,0,0,0,0,0,0,0,0,0,0,0,0,0,0,0,0,0,0,0,0,0,0,0,0,0,0,0,0,0,0,0,0,0,0,0,0,0,0,0,0,0,0,0,0,0,0,0,0,0,0,0,0,0,0,0,0,0,0,0,0,0,0,0,0,0,0
"ERR3416822",127,5,0,0,8551,0,121,3,0,0,0,0,0,546,623,73,485,0,1269,0,0,0,127,54,397,147,43,0,5,0,0,0,8,0,0,0,55,0,0,0,0,149,782,0,0,0,114,0,0,0,0,0,0,10,0,0,451,0,0,7,0,0,0,0,0,0,6,0,0,0,0,0,121,0,32,0,0,0,0,0,300,0,0,0,0,0,0,0,0,0,0,0,0,0,0,0,0,201,0,0,0,0,0,13,0,0,0,0,0,0,0,0,0,0,0,0,0,0,56,0,0,0,0,0,0,0,0,0,0,0,0,0,0,0,0,0,0,0,0,0,0,0,0,0,0,0,0,0,0,0,0,0,0,0,0,0,0,0,0,0,0,0,0,0,0,0,0,0,0,0,0,21,0,0,0,0,0,0,0,0,0,0,0,0,0,0,0,0,2,0,0,0,0,0,0,0,0,0,0,0,0,0,0,0,0,0,0,0,0,0,0,0,0,0,0,0,0,0,0,0,0,0,0,0,0,0,0,0,0,0,0,0,0,0,0,0,0,0,0,0,0,0,0,0,0,0,0,0,0,0,0,0,0,0,0,0,0,0,0,0,0,0,0,0,0,0,0,0,0,0,0,0,0,0,0,0,0,0,0,0,0,0,0,0,0,0,0,0,0,0,0,0,0,0,0,0,0,0,0,0,0,0,0,0,0,0,0,0,0,0,0,0,0,0,0,0,0,0,0,0,0,0,0,0,0,0,0,0,0,0,0,0,0,0,0,0,0,0,0,0,0,0,0,0,0,0,0,0,0,0,0,0,0,0,0,0,0,0,0,0,0,0,0,0,0,0,0,0,0,0,0,0,0,0,0,0,0,0,0,0,0,0,0,0,0,0,0,0,0,0,0,0,0,0,0,0,0,0,0,0,0,0,0,0,0,0,0,0,0,0,0,0,0,0,0,0,0,0,0,0,0,0,0,0,0,0,0,0,0,0,0,0,0,0,0,0,0,0,0,0,0,0
"ERR3416823",753,0,0,2178,252,0,23354,0,0,0,0,0,0,486,3,186,0,61,35,0,0,41,52,554,0,399,0,0,0,0,104,2168,0,0,0,0,667,0,0,1049,136,0,4,0,0,8,0,0,57,0,56,787,45,0,69,970,0,302,0,0,0,52,22,74,0,0,183,0,0,0,0,414,269,0,0,0,142,0,0,0,0,132,0,0,0,3,0,0,0,626,0,0,0,0,0,0,0,21,0,75,0,0,0,27,190,8,0,0,0,0,27,0,0,54,0,0,0,0,0,0,28,0,0,0,0,0,0,0,0,0,0,0,0,0,0,0,0,16,0,0,0,0,0,0,240,0,0,0,0,0,0,0,20,0,0,0,0,0,0,0,0,0,0,0,0,0,0,0,0,0,0,51,0,0,8,0,0,0,0,0,0,0,0,144,0,0,0,0,0,0,0,0,0,0,0,0,0,0,0,5,0,0,0,0,0,0,0,23,0,0,0,0,0,0,0,0,0,0,0,0,0,0,0,0,0,51,0,0,0,0,0,0,0,0,0,0,0,0,0,0,0,0,0,9,0,0,0,0,0,0,0,0,0,0,0,0,0,0,0,0,0,0,0,0,0,0,0,0,0,0,0,0,0,0,0,0,0,0,0,0,0,0,0,0,0,0,0,0,0,0,0,0,0,0,0,0,0,0,0,0,0,0,0,0,0,0,0,0,0,0,0,0,0,0,0,0,0,0,0,0,0,0,0,0,0,0,0,0,0,0,0,0,0,0,0,0,0,0,0,0,0,0,0,0,0,0,0,0,0,0,0,0,0,0,0,0,0,0,0,0,0,0,0,0,0,0,0,0,0,0,0,0,0,0,0,0,0,0,0,0,0,0,0,0,0,0,0,0,0,0,0,0,0,0,0,0,0,0,0,0,0,0,0,0,0,0,0,0,0,0,0,0,0,0,0,0,0,0,0,0,0,0,0,0,0,0,0,0,0,0,0,0,0,0,0,0,0,0,0,0,0,0
"ERR3416824",4112,951,0,12,526,0,20088,49,0,0,1732,2,0,13,0,39,51,0,0,0,0,0,18,24,0,654,245,42,130,0,6,118,0,0,0,0,0,0,0,0,231,0,0,0,8,0,0,0,0,0,46,0,110,0,0,0,674,0,0,0,0,0,0,0,0,0,78,0,0,0,0,77,4,0,9,26,0,331,0,0,0,0,0,0,0,0,0,0,0,0,0,0,0,0,131,0,0,0,0,0,0,12,0,655,0,175,0,0,0,0,22,0,0,0,0,0,0,602,14,0,0,0,0,7,0,0,0,0,0,0,0,0,0,0,0,0,0,0,0,0,0,0,0,337,0,0,0,0,0,0,0,81,0,0,0,0,0,139,0,0,0,0,0,0,0,0,0,0,0,0,0,0,0,0,0,0,0,0,0,0,0,0,0,0,0,0,0,0,0,0,0,0,0,0,0,0,0,0,0,0,0,0,0,0,0,0,0,0,0,0,0,0,0,0,0,0,0,0,0,0,0,0,0,0,0,0,0,0,0,0,0,0,0,0,0,0,0,0,0,0,0,0,0,0,0,0,0,0,0,0,0,0,0,0,0,0,0,0,0,0,0,0,0,0,0,0,0,0,0,0,0,0,0,0,0,0,0,0,0,0,0,0,0,0,0,0,0,0,0,0,0,0,0,0,0,0,0,0,0,0,0,0,0,0,0,0,0,0,0,40,0,0,0,0,0,0,0,0,0,0,0,0,0,0,0,0,0,0,31,34,0,0,0,0,0,0,0,0,0,0,23,0,0,0,0,0,0,0,0,0,0,0,0,0,0,21,24,0,0,0,0,0,0,0,0,0,0,0,0,0,0,0,0,0,0,0,0,0,0,0,3,0,0,0,0,0,0,0,0,0,0,0,0,0,0,0,0,0,0,0,0,0,0,0,0,0,0,0,0,0,4,0,0,0,0,0,0,0,0,4,7,0,0,0,0,0,0,0,0,0,0,0,0,0,0,0,0,0,0,0,0,0
"ERR3416825",270,1689,0,24,1350,0,670,52,0,0,1535,0,0,411,0,2491,109,0,44,0,0,0,208,306,0,8189,115,127,3,0,0,39,4,0,0,9,17,0,0,0,156,0,12,92,11,0,0,0,0,0,0,0,234,1122,0,0,1833,0,0,0,183,7,0,0,10,0,7,0,84,0,0,123,89,0,9,0,0,494,0,0,0,0,0,0,0,0,0,0,0,0,0,0,0,0,0,0,0,0,0,0,82,0,0,1341,0,2,0,0,0,0,11,0,0,0,0,0,0,389,109,0,0,0,0,3,0,0,0,0,0,0,0,0,0,0,0,6,0,0,0,0,0,0,0,82,0,0,11,0,0,14,0,0,0,0,0,0,0,0,0,0,0,0,0,0,0,0,0,0,0,0,0,0,0,0,0,0,0,0,0,0,0,0,26,0,0,0,0,0,32,0,0,0,1009,0,0,0,0,0,0,0,0,0,0,0,0,0,0,0,328,0,0,0,0,0,0,0,0,0,0,0,0,0,0,0,0,0,0,0,0,0,0,0,0,0,0,0,0,0,0,0,0,0,0,0,0,0,0,0,0,0,0,0,0,0,0,0,0,0,0,0,0,0,0,0,0,0,0,0,0,0,0,0,0,0,0,0,0,0,0,0,0,0,0,0,0,0,0,0,0,0,0,0,0,0,0,0,0,0,0,0,0,0,0,0,0,0,0,0,0,0,0,0,0,0,0,0,0,0,0,0,0,0,0,0,0,0,0,0,0,16,28,0,0,0,0,0,0,0,0,0,0,29,0,0,0,0,0,0,0,0,0,0,0,0,0,0,0,0,0,0,0,0,0,0,0,0,0,0,0,0,10,0,0,0,0,0,0,0,0,0,0,0,0,0,0,0,0,0,0,0,5,0,0,0,0,0,0,0,0,0,0,6,0,0,0,0,0,0,0,0,0,0,0,0,0,0,0,0,0,0,0,0,0,0,0,0,0,0,0,0,3,3,0,0,0,0,0,0,0,0,0,0
"ERR3416826",76,1170,0,0,147,0,19,20,0,0,29684,0,0,219,0,1540,0,0,53,0,0,2,115,0,0,144,90,0,0,4,0,0,0,0,0,5,5,0,0,0,22,0,4,0,0,2,0,0,0,0,0,0,0,137,0,0,851,0,0,0,11,0,0,0,0,0,0,0,0,0,0,0,124,0,0,0,0,103,0,0,0,0,0,0,0,0,0,0,0,0,0,0,0,0,0,0,0,0,0,0,162,0,0,272,0,0,0,0,0,0,0,0,0,0,0,0,0,0,127,0,3,0,0,0,0,0,0,0,0,0,0,0,0,0,0,0,0,0,0,0,0,0,0,0,0,0,0,0,0,0,0,0,0,0,0,0,0,0,0,0,6,0,0,0,0,0,0,0,0,0,0,0,0,0,0,0,0,0,0,0,0,0,12,0,0,0,0,0,40,0,0,0,178,0,0,0,0,0,0,0,0,0,0,0,0,0,0,0,167,0,0,0,0,0,0,0,0,0,0,0,0,0,0,0,0,0,0,0,0,0,0,0,0,0,0,0,0,0,0,0,0,0,0,0,0,0,0,0,0,0,0,0,0,0,0,0,0,0,0,0,0,0,0,0,0,0,0,0,0,0,0,0,0,0,0,0,0,0,0,0,0,0,0,0,0,0,0,0,0,0,0,0,0,0,0,0,0,0,0,0,0,0,0,0,0,0,0,0,0,0,0,0,0,0,0,0,0,0,0,0,0,0,0,0,0,0,0,0,0,0,0,0,0,4,0,0,0,0,0,0,0,0,0,0,0,0,0,0,0,0,0,0,0,0,0,0,0,0,0,0,0,0,0,0,0,0,0,0,0,0,0,18,0,0,0,0,0,0,0,0,0,0,0,0,0,0,0,0,0,0,0,0,0,0,0,0,0,0,0,0,0,0,0,0,0,0,0,0,0,0,0,0,0,0,0,0,0,0,0,0,0,0,0,0,0,0,0,0,0,0,0,0,3,0,0,0,0,0,0,0,0,0
"ERR3416827",280,11,0,11,5231,0,5564,15,59,0,94,0,0,82,0,0,1441,0,4883,0,325,0,1250,196,0,219,0,0,0,0,0,0,0,0,129,683,981,0,46,0,0,147,2121,517,8,0,16,0,0,0,126,0,0,0,85,0,0,27,2,135,0,0,34,40,0,0,352,39,0,0,0,0,0,1451,29,110,0,78,0,0,176,0,0,0,0,591,0,0,0,0,0,0,0,0,0,0,0,0,0,25,0,0,0,0,0,0,0,0,0,0,0,0,8,0,0,0,0,0,0,0,0,0,0,0,0,0,0,0,0,7,5,0,0,0,0,0,0,0,0,0,0,0,0,0,0,0,0,0,0,0,0,0,44,0,0,0,0,0,0,0,0,0,0,0,0,0,0,0,0,0,2,0,0,0,0,0,0,0,0,0,0,0,0,0,0,0,0,0,122,0,0,0,0,0,0,0,0,0,0,104,0,0,0,0,0,0,0,0,0,0,0,0,0,0,0,0,0,0,0,0,0,0,0,0,0,0,0,22,0,0,0,0,0,0,6,0,116,0,0,0,0,0,0,0,0,0,0,0,0,6,0,0,0,0,0,0,0,0,0,0,0,0,0,0,0,0,0,0,0,0,0,0,0,0,0,0,0,0,0,0,0,0,0,0,0,0,0,0,0,0,0,0,0,0,0,0,0,0,0,0,0,0,0,0,0,0,0,0,0,0,0,0,0,0,0,0,0,0,0,0,0,0,0,0,0,0,0,0,0,0,0,0,0,0,0,0,0,0,0,0,0,0,0,0,0,0,0,0,0,0,0,0,0,0,0,0,0,0,0,0,0,0,0,0,0,0,0,0,0,0,0,0,0,0,0,0,0,0,0,0,0,0,0,0,0,0,0,0,0,0,0,0,0,0,0,0,0,0,0,0,0,0,0,0,0,0,0,0,0,0,0,0,0,0,0,0,0,0,0,0,0,0,0,0,0,0,0,0,0,0,0,0,0,0,0,0,0,0,0,0,0,0
"ERR3416828",57,0,0,0,1360,0,9601,0,0,0,0,0,0,341,116,631,241,0,2209,0,0,94,1315,23,0,94,0,0,0,0,24,132,39,0,7,10,1806,0,0,496,0,22,288,0,0,0,29,0,111,0,0,0,3,362,188,0,128,0,212,0,0,0,34,0,0,0,0,0,0,0,0,21,0,0,0,0,0,0,0,0,106,0,0,0,0,0,0,0,17,75,0,0,18,0,0,0,0,78,0,0,0,0,0,4,0,0,0,0,0,0,0,112,0,0,7,0,0,0,0,0,6,0,0,0,57,0,0,60,28,0,0,0,0,0,0,4,0,0,62,0,0,0,0,0,13,0,0,0,0,0,0,0,0,0,0,0,0,0,0,0,0,0,0,0,0,0,0,0,0,0,0,0,0,2,0,0,0,0,0,0,113,0,0,0,0,0,0,0,0,0,0,0,0,0,0,0,0,0,0,0,0,0,0,0,0,0,0,0,0,0,0,0,0,0,0,0,0,0,0,0,0,0,0,0,0,0,0,0,0,0,0,0,0,0,0,0,0,0,0,0,0,0,0,0,0,0,0,0,0,0,0,0,0,0,0,0,0,0,0,0,0,0,0,0,0,0,0,0,0,0,0,0,0,0,0,0,0,0,0,0,0,0,0,0,0,0,0,0,0,0,0,0,0,0,0,0,0,0,0,0,0,0,0,3,0,0,0,0,0,0,0,0,0,0,0,0,0,0,0,0,0,0,0,0,0,0,0,0,0,0,0,0,0,0,0,0,0,0,0,0,0,0,0,0,0,0,0,0,0,0,0,0,0,0,0,0,0,0,0,0,0,0,0,0,0,0,0,0,0,0,0,0,0,0,0,0,0,0,0,0,0,0,0,0,0,0,0,0,0,0,0,0,0,0,0,0,0,0,0,0,0,0,0,0,0,0,0,0,0,0,0,0,0,0,0,0,0,0,0,0,0,0,0,0,0,0,0,0,0,0,0,0,0,0,0,0,0,0,0,0,0,0
"ERR3416829",903,0,0,0,14082,0,273,6,4083,3,0,0,0,278,0,19,239,0,3761,0,0,0,953,12,822,97,0,0,0,0,0,111,12,0,0,0,90,0,0,0,0,0,427,0,0,0,60,0,0,0,0,0,0,0,4,0,182,0,0,0,0,0,0,0,0,0,57,0,0,0,0,43,45,0,878,0,0,180,0,0,41,0,0,0,0,0,0,0,0,152,0,0,0,0,0,0,0,591,0,0,0,0,0,32,0,0,0,0,0,0,0,0,0,0,0,0,0,752,0,0,0,0,0,0,0,0,0,0,0,0,0,0,0,0,0,0,0,0,0,0,0,0,0,4,0,0,0,0,0,0,0,0,0,0,0,0,0,0,0,0,0,0,0,0,0,0,0,0,0,0,442,0,0,0,18,0,0,0,0,0,0,0,0,0,0,0,0,0,0,0,0,0,0,0,0,0,0,0,0,0,0,0,0,0,0,0,0,0,0,0,0,0,0,0,0,0,0,0,0,0,0,0,0,0,0,0,0,0,0,0,0,0,0,0,0,0,0,0,0,0,0,0,0,0,0,0,0,0,0,0,0,0,0,0,0,0,0,0,0,0,0,0,0,0,0,0,0,0,0,0,0,0,0,0,0,0,0,0,0,0,0,0,0,0,0,0,0,0,0,0,0,0,0,0,0,0,0,0,0,0,0,0,0,0,0,0,0,0,0,0,0,0,0,0,0,0,0,0,0,0,0,0,0,0,0,0,0,0,0,0,0,0,0,0,0,0,0,0,0,0,0,0,0,0,0,0,0,0,0,0,0,0,0,0,0,0,0,0,0,0,0,0,0,0,0,0,0,0,0,0,0,0,0,0,0,0,0,0,0,0,0,0,0,0,0,0,0,0,0,0,0,0,0,0,0,0,0,0,0,0,0,0,0,0,0,0,0,0,0,0,0,0,0,0,0,0,0,0,0,0,0,0,0,0,0,0,0,0,0,0,0,0,0,0,0,0,0,0,0,0,0,2
"ERR3416831",76,0,638,0,160,0,483,0,0,3,0,0,0,862,0,0,65,98,240,0,0,0,276,398,0,65,0,0,0,257,409,342,9,0,11,3,2242,0,0,1192,1339,72,179,0,0,206,0,0,3124,0,54,866,89,75,1191,296,206,47,255,0,0,107,424,31,0,0,0,9,15,0,18,59,708,0,0,0,0,0,0,0,112,0,0,0,0,0,0,0,120,50,0,0,0,0,0,0,20,0,55,0,0,25,0,69,477,0,0,0,0,0,106,0,0,0,0,0,0,9,0,0,241,0,92,0,0,0,0,58,0,101,0,0,147,0,0,30,0,3,0,192,0,0,0,0,396,0,0,0,0,0,0,0,0,0,0,0,4,0,0,0,0,18,0,0,0,0,0,0,0,0,0,0,0,0,36,0,0,0,0,0,0,0,0,0,0,0,0,0,0,0,0,0,0,0,0,0,0,0,0,40,0,0,0,0,0,6,0,0,0,0,0,0,0,0,0,0,0,0,0,0,0,0,0,0,0,0,0,0,0,0,0,0,0,0,68,0,0,0,0,76,0,0,0,0,0,0,0,0,0,0,0,0,0,0,0,0,0,0,0,0,0,0,0,23,0,0,0,0,0,0,0,0,0,0,0,0,0,0,0,0,8,0,0,0,0,0,0,0,0,0,0,0,0,0,0,21,0,0,0,0,0,0,0,0,0,0,0,0,0,0,0,0,0,0,0,0,0,0,0,0,0,0,0,0,0,0,0,0,0,0,0,0,0,0,0,0,0,0,0,0,0,0,0,0,0,0,0,0,0,0,0,0,0,0,0,0,0,12,0,0,0,0,0,0,0,0,0,0,0,0,0,0,0,0,0,0,0,0,0,0,0,0,0,0,0,0,0,0,0,0,0,0,0,0,0,0,0,0,0,0,0,0,0,0,0,0,0,0,0,0,0,0,0,0,0,0,0,0,0,0,0,0,0,0,0,0,0,0,0,0,0,0,0,0,0,0,0,0,0,0,0,0
"ERR3416832",0,19,135,0,12,0,10422,0,0,120,0,0,0,0,0,0,0,59,0,0,0,10,0,530,0,161,102,0,0,0,0,0,0,67,34,0,0,0,0,0,0,0,0,0,0,0,0,0,0,0,0,0,0,0,0,0,0,0,0,0,0,0,0,0,0,0,24,0,0,0,0,0,174,0,0,0,26,0,0,0,0,0,0,0,0,0,0,0,0,0,0,0,0,0,10,0,0,0,0,0,0,0,0,0,0,0,0,0,0,0,0,0,0,0,0,6,0,0,0,0,0,0,0,0,0,0,0,0,0,0,0,0,0,0,0,0,0,0,0,0,0,0,0,0,0,0,0,0,0,0,0,0,0,0,0,0,10,48,0,0,0,0,0,0,0,0,0,0,0,0,0,0,0,0,0,0,0,0,0,0,0,0,0,0,0,0,22,0,0,0,0,0,0,0,0,0,0,0,0,0,0,0,0,0,0,0,0,0,0,0,0,0,0,0,0,0,0,0,0,0,2,0,0,0,0,0,0,0,0,0,0,0,0,0,0,0,0,0,0,0,0,0,0,0,0,0,0,0,0,0,0,0,0,0,0,0,0,0,0,6,0,0,0,0,0,0,0,0,0,0,0,0,0,0,0,0,0,0,0,0,0,0,0,0,0,0,0,0,0,0,0,0,0,0,0,0,0,0,0,0,0,0,0,0,0,0,0,0,0,0,0,0,0,0,0,0,0,0,0,0,0,0,0,0,0,0,0,0,0,0,0,0,0,0,0,0,0,0,0,0,0,0,0,0,0,0,0,0,0,0,0,0,0,0,0,0,0,0,0,0,0,0,0,0,0,0,0,0,0,0,0,0,0,0,0,0,0,0,0,0,0,0,0,0,0,0,0,0,0,0,0,0,0,0,0,0,0,0,0,0,0,0,0,0,0,0,0,0,0,0,0,0,0,0,0,0,0,0,0,0,0,0,0,0,0,0,0,0,0,0,0,0,0,0,0,0,0,0,0,0,0,0
"ERR3416833",56,68,66,1831,195,35,16675,5,0,82,0,0,0,4,0,0,0,465,0,0,0,0,0,477,0,146,78,0,0,0,0,0,32,262,185,0,123,61,0,0,101,0,0,0,0,0,0,0,0,0,0,0,42,0,0,0,61,0,0,0,0,135,0,59,0,0,108,0,0,0,0,0,962,0,0,0,49,0,0,0,0,0,0,0,0,0,0,0,0,0,0,0,0,0,154,0,0,0,0,0,0,0,0,0,0,0,0,0,0,0,0,0,0,0,0,75,0,0,0,0,10,0,0,0,0,0,0,0,0,0,0,0,0,0,0,0,0,0,0,0,0,0,0,0,0,0,0,0,0,0,0,0,0,0,0,0,70,45,0,0,0,0,0,0,0,9,0,0,0,0,0,0,29,0,0,0,0,0,0,0,0,0,0,0,0,0,98,0,0,0,0,0,0,47,0,0,0,0,0,22,0,0,0,0,0,0,0,0,0,0,0,0,0,0,0,0,0,0,0,0,0,0,0,0,0,0,0,0,0,0,0,0,0,0,0,0,0,0,0,0,0,0,0,0,0,0,0,0,0,0,0,0,0,0,0,0,0,0,0,0,0,0,0,0,0,0,0,0,0,0,0,0,0,0,0,0,0,0,0,0,0,0,0,0,0,0,0,0,0,0,0,0,0,0,0,0,0,0,0,0,0,0,0,0,0,0,0,0,0,0,0,0,0,0,0,0,0,0,0,0,0,0,0,0,0,0,0,0,0,0,0,0,0,0,0,0,0,0,0,0,0,0,0,0,0,0,0,0,0,0,0,0,0,0,0,0,0,0,0,0,0,0,0,0,0,0,0,0,0,0,0,0,0,0,0,0,0,0,0,0,0,0,0,0,0,0,0,0,0,0,0,0,0,0,0,0,0,0,0,0,0,0,0,0,0,0,0,0,0,0,0,0,0,0,0,0,0,0,0,0,0,0,0,0,0,0,0,0,0,0,0,0,0,0,0,0,0,0,0,0,0,0
"ERR3416834",68,0,149,533,404,0,7204,0,0,50,26,0,0,0,0,49,0,82,0,0,0,9,0,135,0,140,68,0,0,0,0,0,37,0,107,9,588,39,0,0,19,0,0,0,0,39,0,0,0,0,0,0,14,0,0,0,58,0,0,0,0,0,0,88,0,0,105,0,0,0,0,0,85,0,0,0,38,0,0,0,6,0,0,0,0,0,0,0,0,0,0,0,0,0,0,0,0,0,0,0,0,0,0,0,0,0,0,0,0,0,0,0,0,0,0,0,0,0,0,0,44,0,0,0,0,0,0,0,0,0,0,0,0,0,0,0,0,0,0,3,0,0,0,0,0,0,0,0,0,0,0,0,0,0,0,0,0,0,0,0,0,0,0,0,0,0,0,0,0,0,0,0,719,0,0,0,0,0,0,0,0,0,0,0,0,0,123,0,0,0,0,0,0,0,0,0,0,0,0,31,0,0,0,0,0,0,0,0,0,0,0,0,0,0,0,0,0,0,0,0,0,0,0,0,0,0,0,0,0,0,0,0,0,0,0,0,0,0,0,0,0,0,0,0,0,0,0,0,0,0,0,0,0,0,0,0,0,0,0,0,0,0,0,0,0,0,0,0,0,0,0,0,0,0,0,0,0,0,0,0,0,0,0,0,0,0,0,0,0,0,0,0,0,0,0,0,0,0,0,0,0,0,0,0,0,0,0,0,0,0,0,0,0,0,0,0,0,0,0,0,0,0,0,0,0,0,0,0,0,0,0,0,0,0,0,0,0,0,0,0,0,0,0,0,0,0,0,0,0,0,0,0,0,0,0,0,0,0,0,0,0,0,0,0,0,0,0,0,0,0,0,0,0,0,0,0,0,0,0,0,0,0,0,0,0,0,0,0,0,0,0,0,0,0,0,0,0,0,0,0,0,0,0,0,0,0,0,0,0,0,0,0,0,0,0,0,0,0,0,0,0,0,0,0,0,0,0,0,0,0,0,0,0,0,0,0,0,0,0,0,0,0
"ERR3416835",73,0,0,0,0,0,27,0,0,0,29539,0,0,0,0,0,0,0,0,0,0,0,7,0,0,0,0,0,0,0,0,0,0,0,0,6,0,0,0,0,0,0,0,0,0,0,0,0,0,0,0,0,0,0,0,0,0,0,0,0,0,0,0,0,0,0,0,0,0,0,0,0,0,0,0,0,0,0,0,0,0,0,0,0,0,0,0,0,0,0,0,0,0,0,0,0,0,0,0,0,0,0,0,0,0,0,0,0,0,0,0,0,0,0,0,0,0,0,0,0,0,0,0,0,0,0,0,0,0,0,0,0,0,0,0,0,0,0,0,0,0,0,0,0,0,0,0,0,0,0,0,0,0,0,0,0,0,0,0,0,0,0,0,0,0,0,0,0,0,0,0,0,0,0,0,0,0,0,0,0,0,0,0,0,0,0,0,0,0,0,0,0,0,0,0,0,0,0,0,0,0,0,0,0,0,0,0,0,0,0,0,0,0,0,0,0,0,0,0,0,0,0,0,0,0,0,0,0,0,0,0,0,0,0,0,0,0,0,0,0,0,0,0,0,0,0,0,0,0,0,0,0,0,0,0,0,0,0,0,0,0,0,0,0,0,0,0,0,0,0,0,0,0,0,0,0,0,0,0,0,0,0,0,0,0,0,0,0,0,0,0,0,0,0,0,0,0,0,0,0,0,0,0,0,0,0,0,0,0,0,0,0,0,0,0,0,0,0,0,0,0,0,0,0,0,0,0,0,0,0,0,0,0,0,0,0,0,0,0,0,0,0,0,0,0,0,0,0,0,0,0,0,0,0,0,0,0,0,0,0,0,0,0,0,0,0,0,0,0,0,0,0,0,0,0,0,0,0,0,0,0,0,0,0,0,0,0,0,0,0,0,0,0,0,0,0,0,0,0,0,0,0,0,0,0,0,0,0,0,0,0,0,0,0,0,0,0,0,0,0,0,0,0,0,0,0,0,0,0,0,0,0,0,0,0,0,0,0,0,0,0,0
"ERR3416836",17,0,0,0,6926,0,662,0,0,0,0,0,0,453,52,16,461,0,3346,0,0,0,1438,55,0,0,0,0,0,0,0,0,25,2,52,27,135,0,0,0,89,189,450,0,0,0,216,0,0,0,0,0,0,1155,0,0,0,0,0,0,0,31,0,0,0,0,0,250,0,0,0,0,4,0,2,0,0,0,0,0,100,0,0,0,0,0,0,0,0,0,0,0,0,0,0,0,0,0,0,11,0,0,0,0,0,0,0,0,0,0,0,0,0,0,13,0,0,0,18,0,20,0,0,0,13,0,0,0,0,0,0,0,0,0,0,0,0,0,0,0,0,0,0,0,0,0,0,0,0,0,0,0,0,0,0,0,0,28,0,0,0,0,0,0,0,0,0,0,0,0,0,0,0,0,0,0,0,0,0,0,0,0,0,0,0,0,0,0,0,0,0,0,0,0,0,0,0,0,0,0,0,0,0,0,0,0,0,0,0,0,0,0,0,0,0,0,0,0,0,0,0,0,0,0,0,0,0,0,0,0,0,0,0,0,0,0,0,0,0,0,0,0,0,0,0,0,0,0,0,0,0,0,0,0,0,0,0,0,0,0,0,0,0,0,0,0,0,0,0,0,0,0,0,0,0,0,0,0,0,0,0,0,0,0,0,0,0,0,0,0,0,0,0,0,0,0,0,0,0,0,0,0,0,0,0,0,0,0,0,0,0,0,0,0,0,0,0,0,0,0,0,0,0,0,0,0,0,0,0,0,0,0,0,0,0,0,0,0,0,0,0,0,0,0,0,0,0,0,0,0,0,0,0,0,0,0,0,0,0,0,0,0,0,0,0,0,0,0,0,0,0,0,0,0,0,0,0,0,0,0,0,0,0,0,0,0,0,0,0,0,0,0,0,0,0,0,0,0,0,0,0,0,0,0,0,0,0,0,0,0,0,0,0,0,0,0,0,0,0,0,0,0,0,0,0,0,0,0,0,0,0,0,0,0,0,0,0,0,0,0,0,0
"ERR3416837",2977,0,0,0,7759,0,2092,3,0,0,0,0,0,2915,0,493,270,70,2519,0,0,10,439,81,0,380,0,0,0,0,0,3595,105,0,149,2,736,0,0,29,732,128,510,0,0,34,26,0,21,0,146,84,316,37,0,0,186,39,21,0,0,75,45,0,0,0,0,0,5,0,0,135,0,0,321,85,0,0,982,0,61,0,0,0,0,0,0,0,85,0,0,0,0,0,0,0,0,39,0,169,0,84,0,31,170,0,0,0,0,0,124,0,192,0,0,0,0,43,0,0,7,0,0,0,0,0,0,13,11,0,0,0,0,0,0,0,0,0,0,0,0,0,0,0,0,0,0,0,0,0,0,0,123,0,0,0,0,0,0,0,0,0,0,0,0,0,0,0,0,0,0,89,0,0,7,0,0,0,0,0,0,0,0,0,0,0,27,0,0,0,0,0,0,0,0,0,0,0,0,0,0,197,0,0,0,0,0,0,0,0,0,0,53,0,0,39,0,0,0,0,0,0,0,0,0,0,0,0,0,0,0,0,0,0,0,0,0,0,0,0,0,0,0,0,0,0,0,0,0,0,0,0,0,0,0,0,0,0,0,0,0,0,0,0,0,0,0,0,0,0,0,0,0,0,0,27,0,0,0,0,0,0,0,0,0,0,0,0,0,0,0,0,0,0,0,0,0,0,0,0,0,0,0,0,0,0,0,0,0,0,0,0,0,0,0,0,0,0,0,0,0,0,0,0,0,0,0,0,0,0,0,0,0,0,0,0,0,0,0,0,0,0,0,0,0,0,0,0,0,0,0,0,0,0,0,0,0,0,0,0,0,0,0,0,0,0,0,0,0,0,0,0,0,0,0,0,0,0,0,0,0,0,0,0,0,0,0,0,0,0,0,0,0,0,0,0,0,0,0,0,0,0,0,0,0,0,0,0,0,0,0,0,0,0,0,0,0,0,0,0,0,0,0,0,0,0,0,0,0,0,0,0,0,0,0,0,0,0,0,0,0,0
"ERR3416838",487,0,0,0,815,0,107,0,0,0,0,0,0,1532,51,31,6041,0,1764,0,0,57,1707,15,0,87,1646,0,0,0,0,0,15,0,3,142,0,0,0,0,0,0,2385,1271,0,0,57,0,354,0,0,0,0,916,0,0,0,0,141,24,0,0,0,0,0,0,0,250,690,0,0,0,0,0,36,0,0,16,0,283,454,0,0,0,0,0,0,0,0,0,0,0,225,0,0,0,0,336,0,0,0,0,0,0,0,0,0,0,0,0,0,0,0,0,151,0,0,0,12,39,39,0,0,0,11,0,0,0,64,0,0,0,0,0,0,41,0,0,0,0,218,0,0,0,0,0,0,0,0,0,0,0,0,0,0,0,0,0,30,0,0,0,0,0,0,0,0,0,0,0,0,0,0,0,0,0,0,0,0,0,0,0,0,0,0,0,0,0,0,0,0,0,0,0,0,0,370,0,0,0,0,0,0,0,0,0,0,0,0,0,0,0,0,0,0,21,0,0,0,0,0,0,0,47,0,0,0,0,0,0,0,0,0,0,127,0,0,0,0,0,0,0,0,0,0,0,0,0,0,0,0,0,0,0,0,0,0,0,0,0,0,0,0,0,0,0,0,0,0,0,0,0,0,0,0,0,0,0,0,0,0,0,0,0,0,0,0,0,0,0,0,0,0,0,0,0,0,0,0,0,0,0,0,0,0,0,0,0,0,0,0,0,0,0,0,0,0,0,32,0,0,0,0,0,0,0,0,0,0,0,0,0,0,0,0,0,0,0,0,0,0,0,0,0,0,0,0,0,0,0,0,0,0,0,0,0,0,0,0,0,0,0,0,0,0,0,0,0,0,0,0,0,0,0,0,0,0,0,0,0,0,0,0,0,0,0,0,0,0,0,0,0,0,0,0,0,0,0,0,0,0,0,6,0,0,0,0,0,0,0,0,0,0,0,0,0,0,0,0,0,0,0,0,0,0,0,0,0,0,0,0,0,0,0,0,0,0,0,0,0,0,0
"ERR3416839",8137,0,0,0,373,0,18724,5,156,4,331,0,0,0,0,174,0,0,0,0,0,7,34,590,81,657,66,0,0,0,0,1118,276,24,9,0,0,0,310,110,0,0,61,0,48,36,14,0,0,0,537,535,0,0,0,0,14,0,2,9,0,0,0,51,0,0,78,0,0,0,0,0,219,0,19,45,301,0,0,0,52,0,0,206,0,0,830,0,0,626,0,0,0,0,0,0,0,0,0,0,0,0,0,0,0,0,0,0,0,0,19,0,179,0,0,127,0,0,0,0,0,27,0,0,0,0,0,0,0,0,0,0,0,0,0,0,0,0,0,0,0,0,0,0,0,0,0,0,0,0,0,0,0,0,0,0,0,0,0,0,0,0,0,0,0,0,0,0,0,0,0,13,0,0,0,0,0,0,0,0,0,0,0,0,0,0,0,0,0,0,0,0,0,0,0,0,0,0,0,67,0,0,0,0,0,0,0,0,0,0,0,0,0,0,0,0,0,0,0,0,0,0,0,0,0,0,0,0,0,0,0,0,0,0,0,0,0,0,0,0,0,0,0,0,0,0,0,0,0,0,0,0,0,0,0,0,0,0,0,0,0,0,0,0,0,0,0,0,0,0,0,0,0,0,0,0,0,0,0,0,0,0,0,0,0,0,0,0,0,0,0,28,0,0,0,0,0,0,0,0,0,0,0,0,0,0,0,0,0,0,0,0,0,0,0,0,0,35,0,0,0,0,0,0,0,0,0,0,0,0,0,0,0,0,0,0,0,0,0,0,0,0,0,0,0,0,0,0,0,0,0,0,0,0,0,0,0,0,0,0,0,0,0,0,0,0,0,0,0,0,0,0,0,0,0,0,0,0,0,0,0,0,0,0,0,0,0,0,0,0,0,0,0,0,0,0,0,0,0,0,0,0,0,0,0,0,0,0,9,0,0,0,0,0,0,0,0,0,0,0,0,0,0,0,0,0,0,0,0,0,0,0,0,0,0,0,0,0,0,0,0,0
"ERR3416840",181,3,0,0,3503,0,1187,0,0,0,198,0,0,1716,0,158,901,0,0,4204,0,0,11,293,0,0,440,0,18,0,90,0,160,0,16,0,0,86,67,0,0,0,0,0,7,0,0,116,0,0,0,0,18,0,0,91,136,0,0,0,0,0,0,0,0,0,217,0,0,0,0,0,249,0,76,0,63,187,0,0,9,0,0,0,0,0,0,0,0,0,0,0,0,0,0,0,0,0,0,16,0,0,0,15,0,18,0,0,0,0,0,0,0,0,0,0,0,0,8,0,0,0,0,0,0,0,0,0,0,0,0,0,0,0,0,0,0,0,0,0,0,0,0,0,0,0,0,0,0,0,0,5,0,0,0,0,6,74,0,0,0,0,0,0,0,0,0,0,0,0,0,0,0,0,0,0,0,0,0,0,0,0,0,0,0,0,0,0,0,0,0,0,0,0,0,0,0,0,0,0,0,0,0,0,0,0,0,0,0,0,0,0,0,0,0,0,0,0,0,0,0,0,0,0,0,0,0,0,0,0,0,0,0,0,0,0,0,0,0,0,0,0,0,0,0,0,0,0,0,0,0,0,0,0,0,0,0,0,0,0,0,0,0,0,0,0,0,0,0,0,0,0,0,0,0,0,0,0,0,0,0,0,0,0,0,0,0,0,0,0,0,0,0,0,0,0,0,0,0,0,0,0,0,0,0,0,0,0,0,0,0,0,0,0,0,0,0,0,0,0,0,0,0,0,0,0,0,0,0,0,0,0,0,0,0,0,0,0,0,0,0,0,0,0,0,0,0,0,0,0,0,0,0,0,0,0,0,0,0,0,0,0,0,0,0,0,0,0,0,0,0,0,0,0,0,0,0,0,0,0,0,0,0,0,0,0,0,0,0,0,0,0,0,0,0,0,0,0,0,0,0,0,0,0,0,0,0,0,0,0,0,0,0,0,0,0,0,0,0,0,0,0,0,0,0,0,0,0,0,0,0,0,0,0,0,0,0,0,0,0,0,0
"ERR3416841",135,0,0,0,1062,0,3672,0,0,0,312,0,0,55,0,0,47,1086,552,0,1385,0,23,23,0,30,0,0,0,44,66,1359,459,0,141,28,2090,0,0,0,205,0,0,0,25,0,0,0,528,0,712,278,68,26,779,246,6,0,0,0,0,0,250,448,0,0,0,0,0,0,0,1130,206,0,37,0,0,0,0,0,0,124,0,0,0,0,2834,0,735,0,0,0,0,0,0,0,486,0,0,0,0,29,0,0,429,90,0,0,0,0,836,0,0,0,0,46,0,0,0,0,0,0,0,0,0,0,6,0,0,92,0,0,4,0,0,0,0,0,0,0,0,0,0,0,0,0,0,0,0,23,0,0,0,0,0,0,0,0,0,0,0,0,0,0,0,0,1354,0,0,0,0,0,0,0,0,0,0,0,0,0,0,0,0,0,0,0,0,0,0,0,0,0,0,0,0,0,0,0,0,44,0,0,0,0,0,0,0,0,0,0,0,0,0,0,0,0,0,0,0,0,0,38,0,0,0,133,0,0,0,0,0,0,0,0,48,0,0,0,0,0,0,115,0,0,0,0,0,0,0,0,0,0,0,0,0,0,0,0,0,0,0,0,0,5,0,0,0,0,0,0,0,0,0,0,0,0,0,0,0,0,0,0,0,0,0,0,0,0,0,0,0,0,0,0,0,0,0,0,0,0,0,0,0,0,0,0,0,0,0,0,0,0,0,0,0,0,0,0,0,0,0,0,0,0,0,0,0,0,0,0,0,0,0,0,0,0,0,0,0,0,0,0,0,0,14,0,0,0,0,0,0,0,0,0,0,0,0,0,0,0,0,0,0,0,0,0,0,0,0,0,0,0,0,0,0,5,0,0,0,0,0,0,0,0,0,0,0,0,0,0,0,0,0,0,0,0,0,0,0,0,0,0,0,0,0,0,0,0,0,0,0,0,0,0,0,0,0,0,0,0,0,0,0,0,0,0,0,0,0,0,0,0,0,0,0,0,0,0,0,0,0,0
"ERR3416842",218,0,0,75,12684,0,2543,0,571,0,0,0,0,1808,0,367,2034,21,0,0,0,0,252,289,0,557,311,0,0,0,0,0,395,0,404,0,22,0,0,0,112,0,813,0,0,91,0,17,9,0,0,41,0,0,0,18,0,79,0,0,0,0,3,0,0,0,121,0,0,0,37,67,149,0,36,25,0,0,0,0,12,0,0,0,0,7,0,0,22,177,0,0,0,0,0,0,0,253,0,249,0,20,0,0,0,0,85,0,0,0,20,0,0,0,0,0,0,0,6,0,38,0,0,0,0,0,0,14,0,0,0,0,0,0,0,0,0,0,0,0,339,0,0,0,0,10,0,0,0,0,0,0,21,0,0,0,0,0,0,0,0,0,0,0,0,0,0,0,0,0,0,0,0,0,0,0,0,0,0,0,0,0,0,0,0,0,0,0,0,0,0,0,0,0,0,0,0,0,0,72,0,0,0,0,0,0,0,0,0,0,0,0,0,0,0,0,0,0,0,0,0,0,0,0,0,0,0,0,0,0,0,0,0,0,0,0,0,0,0,0,0,0,0,0,0,0,0,0,0,0,0,0,0,0,0,0,0,0,0,0,0,0,0,0,0,0,0,0,0,0,0,0,0,0,0,8,0,0,0,0,0,0,0,0,0,0,0,0,0,0,0,0,0,0,0,0,0,0,0,0,0,0,0,0,0,0,0,0,5,0,0,0,0,0,0,0,0,0,0,0,0,0,0,0,0,0,0,0,0,0,0,0,0,0,0,0,0,0,0,0,0,0,0,0,0,0,0,0,0,0,0,0,0,0,0,0,0,0,0,0,0,0,0,0,0,0,0,0,0,0,0,0,0,0,0,0,0,0,0,0,0,0,0,0,8,0,0,0,0,0,0,0,0,0,0,0,0,0,0,0,0,0,0,0,0,0,0,0,0,0,0,0,0,0,0,0,0,0,0,0,0,0,0,0,0,0,0,0,0,0,0,0,0,0,0,0,0,0,0,0,0,0
"ERR3416843",149,0,0,10,4524,0,238,0,18,0,19,0,0,584,405,658,423,0,1670,0,0,494,727,132,0,103,0,0,0,0,0,244,31,0,37,112,746,0,0,0,141,294,362,0,0,11,35,0,105,0,0,0,0,570,59,69,148,0,0,0,0,67,0,0,0,0,50,0,0,0,0,0,0,0,154,0,0,0,0,0,75,0,0,0,0,0,0,0,11,0,0,0,0,0,0,0,0,46,0,43,0,0,0,0,0,0,0,0,0,0,0,0,0,0,120,3,0,0,0,0,65,0,0,0,0,0,0,0,0,11,0,0,0,0,0,66,0,0,0,0,0,0,0,0,0,30,0,0,0,0,0,0,34,0,0,0,0,0,0,0,0,0,0,0,0,0,0,0,0,0,0,0,0,0,0,0,0,0,0,0,0,0,0,0,0,0,0,0,0,0,0,0,0,0,0,0,0,0,0,0,0,0,0,0,0,11,0,0,0,0,0,0,0,0,0,0,0,0,0,0,0,0,0,0,0,0,0,0,0,0,0,0,0,0,0,0,0,0,6,0,0,0,0,0,0,0,0,0,0,0,0,0,0,0,0,0,0,0,0,0,0,0,0,0,0,0,0,0,0,0,0,0,0,0,0,0,0,0,0,0,0,0,0,0,0,0,0,0,0,0,0,0,0,0,0,0,0,0,0,0,0,0,0,0,0,0,0,0,0,0,0,0,0,0,0,0,0,0,0,0,0,0,0,0,0,0,0,0,0,0,0,0,0,0,0,0,0,0,0,0,0,0,0,0,0,0,0,0,0,0,0,0,0,0,0,0,0,0,0,0,0,0,0,0,0,0,0,0,0,0,0,0,0,0,0,0,0,0,0,0,0,0,0,0,0,0,0,0,0,0,0,0,0,0,0,0,0,0,0,0,0,0,0,0,0,0,0,0,0,0,0,0,0,0,0,0,0,0,0,0,0,0,0,0,0,0,0,0,0,0,0,0,0,0,0,0,0,0,0,0,0,0
"ERR3416844",74,0,0,0,6716,0,8,0,0,0,0,0,0,1299,68,555,767,0,2036,0,0,0,735,0,0,34,0,0,0,0,0,0,0,0,0,241,10,0,0,0,0,14,701,204,0,0,0,0,0,0,0,0,0,171,0,0,19,0,0,0,0,0,0,0,0,0,0,0,0,592,0,0,0,0,0,0,0,183,0,0,110,0,0,0,0,0,0,0,0,0,0,202,18,0,0,0,0,248,0,0,0,0,0,0,0,0,56,0,0,0,0,0,0,0,0,0,0,0,0,0,0,0,0,0,0,0,0,0,0,0,0,0,0,0,0,0,0,0,0,0,0,0,0,0,0,0,0,0,0,0,0,0,0,0,0,0,0,0,0,0,0,0,0,0,0,0,0,0,0,0,0,0,0,0,0,0,0,0,0,0,0,0,56,0,0,0,0,0,0,0,0,0,0,0,0,0,0,0,0,0,0,0,0,0,0,0,0,0,0,0,0,0,0,0,0,0,0,0,0,0,0,0,0,0,0,0,0,0,0,0,0,0,0,0,0,0,0,0,0,0,0,0,0,0,0,0,0,0,0,0,0,0,0,0,0,0,0,0,0,0,0,0,0,0,0,0,0,0,0,0,0,0,0,0,0,0,0,0,0,0,0,0,0,0,0,0,0,0,0,0,0,0,0,0,0,0,0,0,0,0,0,0,0,0,0,0,0,0,0,0,0,0,0,0,0,0,0,0,0,0,0,0,0,0,0,0,0,0,0,0,0,0,0,0,0,0,0,0,0,0,0,0,0,0,0,0,0,0,0,0,0,0,0,0,0,0,0,0,0,0,0,0,0,0,0,0,0,0,0,0,0,0,0,0,0,0,0,0,0,0,0,0,0,0,0,0,0,0,0,0,0,0,0,0,0,0,0,0,0,0,0,0,0,0,0,0,0,0,0,0,0,0,0,0,0,0,0,0,0,0,0,0,0,0,0,0,0,0,0,0,0,0,0,0,0,0,0,0,0,0,0,0
"ERR3416845",25718,147,5,0,0,2230,0,0,0,0,144,0,0,0,1545,108,0,0,0,0,0,0,0,0,0,0,0,0,0,0,0,8,3,0,0,0,0,0,0,0,0,0,0,0,0,0,6,0,0,0,0,0,0,0,0,0,54,0,0,0,0,0,0,0,0,0,0,0,0,0,0,0,0,0,0,0,0,0,0,0,0,0,0,0,0,0,0,0,0,0,0,0,0,0,0,0,0,0,0,0,0,0,0,0,0,0,0,0,0,0,0,0,0,0,0,0,0,0,0,0,0,0,0,0,0,0,0,0,0,0,0,0,0,0,0,0,0,0,0,0,0,0,0,0,0,0,0,0,0,0,0,0,0,0,0,0,0,0,0,0,0,0,0,0,0,0,0,0,0,0,0,31,0,0,0,0,0,0,0,0,0,0,0,0,0,0,0,18,0,0,0,0,0,0,0,0,0,0,0,0,0,0,0,0,0,0,0,0,0,0,0,0,0,0,0,0,0,0,0,0,0,0,0,0,0,0,0,0,0,0,0,0,0,0,0,0,0,0,0,0,0,0,0,0,0,0,0,0,0,0,0,0,0,0,0,0,0,0,0,0,0,0,0,0,0,0,0,0,0,0,0,0,0,0,0,0,0,0,0,0,0,0,0,0,0,0,0,0,0,0,0,0,0,0,0,0,0,0,0,0,0,0,0,0,0,0,0,0,0,0,0,0,0,0,0,0,0,0,0,0,0,0,0,0,0,0,0,0,0,0,0,0,0,0,0,0,0,0,0,0,0,0,0,0,0,0,0,0,0,0,0,0,0,0,0,0,0,0,0,0,0,0,0,0,0,0,0,0,0,0,0,0,0,0,0,0,0,0,0,0,0,0,0,0,0,0,0,0,0,0,0,0,0,0,0,0,0,0,0,0,0,0,0,0,0,0,0,0,0,0,0,0,0,0,0,0,0,0,0,0,0,0,0,0,0,0,0,0,0,0,0,0,0,0,0,0,0,0,0,0,0,0
"ERR3416846",533,0,0,0,200,0,405,0,0,0,9,0,0,1586,26,649,5384,0,1500,0,0,0,3084,0,0,87,0,2,0,0,0,0,0,0,0,231,0,0,253,0,68,46,1493,54,0,0,218,0,34,0,0,0,10,782,3,0,107,0,7,202,0,0,0,0,0,0,17,0,25,0,0,0,10,0,87,0,0,154,0,0,263,0,0,0,0,0,0,0,0,31,0,0,0,0,0,0,0,358,0,0,0,0,0,149,0,0,145,0,0,0,0,0,0,0,291,0,0,0,47,0,67,0,0,0,0,0,0,0,0,0,0,0,0,0,0,5,0,0,0,0,60,0,0,0,0,0,0,0,0,0,0,0,0,0,0,0,0,0,18,0,0,0,0,0,0,0,0,0,0,0,0,28,0,0,0,0,0,0,0,0,0,0,0,0,0,0,0,0,0,0,0,0,0,0,0,0,34,0,0,0,0,0,0,0,0,0,0,0,0,0,0,10,0,0,0,0,0,0,0,0,0,0,0,0,0,0,0,0,0,0,0,0,0,0,36,0,0,0,0,0,0,0,0,0,0,0,0,0,0,0,0,0,0,0,0,0,0,0,0,0,0,0,0,0,0,0,0,0,0,0,0,0,0,0,0,0,0,0,0,0,0,0,0,0,0,0,0,0,0,0,0,0,0,0,0,0,0,0,0,0,0,0,0,0,0,0,0,0,0,0,0,0,0,0,0,0,0,0,0,0,0,0,0,0,0,0,0,0,0,0,0,0,0,0,0,0,0,0,0,0,0,0,0,0,0,0,0,0,0,0,0,0,0,0,0,0,0,0,0,0,0,0,0,0,0,0,0,0,0,0,0,0,0,0,0,0,0,0,0,0,0,0,0,0,0,0,0,0,0,0,0,0,0,0,0,0,0,0,0,0,0,0,0,0,0,0,0,0,0,0,0,0,0,0,0,0,0,0,0,0,0,0,0,0,0,0,0,0,0,0,0,0,0,0,0,0,0,0,0,0,0,0
"ERR3416847",237,31,0,0,1778,0,415,0,0,0,127,0,0,3377,0,507,5364,381,883,0,0,0,1791,860,0,597,72,0,0,21,16,279,18,28,45,360,2209,0,0,41,835,550,1217,511,0,31,5,0,225,0,0,0,39,66,209,107,69,25,139,84,0,0,147,0,0,0,110,0,18,0,0,122,27,0,267,0,0,321,0,0,417,0,0,0,0,0,0,2,5,1220,0,0,0,0,0,0,0,266,0,81,0,0,0,8,0,0,177,0,0,0,118,0,0,0,355,0,0,0,187,0,175,225,200,0,9,0,0,0,0,32,0,0,0,0,0,11,0,0,7,0,137,0,0,0,0,0,24,0,0,0,0,0,185,0,0,0,0,0,0,0,0,0,0,0,0,0,0,0,0,0,0,14,0,0,0,0,0,0,0,0,0,0,0,0,0,0,0,0,0,0,0,0,0,189,0,0,12,0,0,109,0,0,0,0,0,0,0,0,0,0,0,177,50,0,0,0,0,0,0,0,0,194,0,0,0,0,0,0,0,0,0,0,0,0,40,0,0,0,0,0,0,0,0,0,0,0,0,0,0,0,0,0,0,0,0,0,0,0,0,0,0,0,0,0,0,0,0,0,0,0,0,0,0,0,0,0,0,0,0,0,0,0,0,0,0,0,0,0,0,0,0,0,0,0,0,0,0,0,0,0,0,0,0,0,0,0,0,0,0,0,0,0,0,0,0,0,0,0,0,0,0,0,0,0,0,0,0,0,0,0,0,0,0,0,0,0,0,0,0,0,0,0,0,0,0,0,0,0,0,0,0,0,0,0,0,0,0,0,0,0,0,0,0,0,0,0,0,0,0,0,0,0,0,0,0,0,0,0,0,0,0,0,0,0,0,0,0,0,0,0,0,0,0,0,0,0,0,0,0,0,0,0,0,0,0,0,0,0,0,0,0,0,0,0,0,0,0,0,0,0,0,0,0,0,0,0,0,0,0,0,0,0,0,0,0,0,0,0,0,0,0,0
"ERR3416848",212,0,0,0,3173,0,263,0,0,0,0,0,0,1284,6,473,628,0,994,0,0,0,593,252,0,219,767,0,0,0,59,2536,420,0,103,0,2544,0,0,751,584,0,32,12,0,0,0,0,2,0,86,0,27,43,635,0,33,0,93,0,0,74,168,32,0,0,86,0,0,0,0,70,8,0,0,0,29,0,0,0,0,32,0,0,0,0,0,0,101,5585,0,0,0,0,22,0,0,63,0,0,0,0,0,22,0,0,0,0,0,0,0,0,0,45,0,0,0,0,0,0,278,0,7,0,0,0,0,6,0,0,0,0,0,0,0,0,0,0,93,14,0,0,0,0,259,0,4,0,9,15,0,0,191,0,0,0,0,0,0,0,0,71,0,0,0,0,0,0,0,0,0,65,0,0,0,0,0,0,0,0,0,0,0,0,0,0,0,0,0,0,0,0,0,0,0,0,0,20,0,41,0,0,0,0,0,0,0,0,0,0,0,0,0,0,0,0,0,0,0,0,0,0,0,0,0,0,0,0,0,0,0,0,0,0,25,0,0,0,0,0,0,0,0,0,0,0,0,0,0,0,0,0,0,0,0,0,0,0,0,0,0,0,0,0,0,0,0,0,0,0,0,0,0,0,0,0,0,0,0,0,0,0,0,0,0,0,0,0,0,0,0,0,0,0,0,0,0,0,0,0,0,0,0,0,0,0,0,0,0,0,0,0,0,0,0,0,0,0,0,0,0,0,0,0,0,0,0,0,0,0,0,0,0,0,0,0,0,0,0,0,0,0,0,0,0,0,0,0,0,0,0,0,0,0,0,0,0,0,0,0,0,0,0,0,0,0,0,0,0,0,0,0,0,0,0,0,0,0,0,0,0,0,0,0,0,0,0,0,0,0,0,0,0,0,0,0,0,0,0,0,0,0,0,0,0,0,0,0,0,0,0,0,0,0,0,0,0,0,0,0,0,0,0,0,0,0,0,0,0,0,0,0,0,0,0,0,0,0,0,0,0,0
"ERR3416849",46,0,0,0,6316,4,0,0,41,0,0,0,0,1531,1249,2875,3224,0,243,0,0,167,2189,151,362,306,189,0,0,0,36,596,14,0,0,88,208,0,0,16,0,305,1289,0,0,0,676,0,15,0,0,0,9,339,21,0,520,0,27,0,0,0,8,0,0,0,0,0,3,0,0,0,435,0,48,0,0,171,0,0,606,0,0,0,0,0,0,0,0,269,0,0,15,0,0,0,0,82,0,0,0,0,0,15,12,0,0,0,0,0,0,0,0,0,0,0,0,7,30,0,64,0,0,0,0,0,0,0,0,6,0,0,0,0,0,0,0,0,0,0,0,0,0,0,145,0,0,0,0,8,0,0,12,0,0,0,0,0,0,0,0,0,0,0,0,0,0,0,0,0,0,52,0,0,0,0,0,0,0,0,0,0,0,0,0,0,0,0,0,0,0,0,0,0,0,0,42,0,0,2,0,0,0,0,0,0,0,0,0,0,0,0,0,0,0,0,23,0,0,0,0,35,0,0,0,0,4,0,0,0,0,0,0,0,0,0,0,0,7,0,0,0,0,0,0,0,0,0,0,0,0,0,0,0,0,0,0,0,0,0,0,0,0,0,0,0,0,0,0,0,0,0,0,0,0,0,0,0,0,0,0,0,0,0,0,0,0,0,0,0,0,0,0,0,0,0,0,0,0,0,0,0,0,0,0,0,0,0,0,0,0,0,0,0,0,0,0,0,0,0,0,0,0,0,0,0,0,0,0,0,0,0,0,0,0,0,0,0,0,0,0,0,0,0,0,22,0,0,0,0,0,0,0,0,0,0,0,0,0,0,0,0,0,0,0,0,0,0,0,0,0,0,0,0,0,0,0,0,0,0,0,0,0,0,0,0,0,0,0,0,0,0,0,0,0,0,0,0,0,0,0,0,0,0,0,0,0,0,0,0,0,0,0,0,0,0,0,0,0,0,0,0,0,0,0,0,0,0,0,0,0,0,0,0,0,0,0,0,0,0,0,0
"ERR3416850",136,0,0,122,0,0,229,0,0,0,0,0,0,24,179,266,414,16,993,0,0,236,456,138,0,7,0,0,0,0,0,16,0,0,13,71,450,0,0,0,0,0,611,0,0,0,5,0,105,0,0,0,0,585,16,0,0,0,30,0,0,0,29,0,0,0,0,732,0,0,0,0,0,0,0,0,0,0,0,0,0,0,0,0,0,0,0,0,0,0,0,0,0,0,0,0,102,16,0,0,0,0,0,39,0,0,0,0,0,0,0,0,0,0,142,0,0,0,0,0,66,0,0,0,0,0,0,0,49,0,0,0,0,0,0,0,0,0,0,6,0,0,0,0,0,0,0,0,0,0,0,0,0,0,0,0,0,0,0,0,0,0,0,0,0,0,0,18,0,0,0,0,0,0,0,0,0,0,0,0,0,0,0,0,0,0,0,0,0,0,0,0,0,0,0,0,0,0,0,27,0,0,0,0,0,0,0,0,0,0,0,0,0,0,0,0,0,0,0,0,0,0,0,0,0,0,0,0,0,0,0,0,0,0,0,0,0,0,0,0,0,0,0,0,0,0,0,0,0,0,0,0,0,0,0,0,0,0,0,0,0,0,0,0,0,0,0,0,0,0,0,0,0,0,0,0,0,0,0,0,0,0,0,0,0,0,0,0,0,0,0,0,0,0,0,0,0,0,0,0,0,0,0,0,0,0,0,0,0,0,0,0,0,0,0,0,0,0,0,0,0,0,0,0,0,0,0,0,0,0,0,0,0,0,0,0,0,0,0,0,0,0,0,0,0,0,0,0,0,0,0,0,0,0,0,0,0,0,0,0,0,0,0,0,0,0,0,0,0,0,0,0,0,0,0,0,0,0,0,0,0,0,0,0,0,0,0,0,0,0,0,0,0,0,0,0,0,0,0,0,0,0,0,0,0,0,0,0,0,0,0,0,0,0,0,0,0,0,0,0,0,0,0,0,0,0,0,0,0,0,0,0,0,0,0,0,0,0,0,0,0,0
"ERR3416851",32,0,0,243,33,0,462,0,0,0,0,0,0,271,25,1706,3907,0,279,0,0,1138,1175,265,0,0,0,0,0,0,0,11,23,0,65,138,280,42,0,0,0,9,176,0,0,5,0,0,175,0,0,0,0,139,0,0,0,0,51,0,0,0,49,0,0,0,15,0,0,0,0,0,0,0,0,38,0,0,0,0,0,0,0,0,0,0,0,0,0,0,0,0,0,0,0,0,0,20,0,0,214,0,0,0,0,0,0,0,0,0,0,0,0,8,175,0,0,105,0,0,31,0,0,0,0,0,0,0,64,0,0,0,0,0,0,0,0,0,0,8,0,0,0,0,0,0,0,0,0,0,0,0,0,0,0,0,0,5,0,0,0,0,0,0,0,0,0,0,0,0,0,0,0,0,0,0,0,0,0,0,0,0,43,0,0,0,0,0,0,0,0,0,0,0,0,0,0,0,0,53,0,0,0,0,0,0,0,0,0,0,0,0,0,0,0,0,0,0,0,0,0,0,0,0,0,0,0,0,0,0,0,0,0,0,0,0,0,0,0,0,0,0,0,0,0,0,0,0,0,0,0,0,0,0,0,0,0,0,0,0,0,0,0,0,0,0,0,0,0,0,0,0,0,0,0,0,0,0,0,0,0,0,0,0,0,0,0,0,0,0,0,0,0,0,0,0,0,0,0,0,0,0,0,0,0,0,0,0,0,0,0,0,0,0,0,0,0,0,0,0,0,0,0,0,0,0,0,0,0,0,0,0,0,0,0,0,0,0,0,0,0,0,0,0,0,0,0,0,0,0,0,0,0,0,0,0,0,0,0,0,0,0,0,0,0,0,0,0,0,0,0,0,0,0,0,0,0,0,0,0,0,0,0,0,0,0,0,0,0,0,0,0,0,0,0,0,0,0,0,0,0,0,0,0,0,0,0,0,0,0,0,0,0,0,0,0,0,0,0,0,0,0,0,0,0,0,0,0,0,0,0,0,0,0,0,0,0,0,0,0,0,0
"ERR3416852",2302,0,0,27,8,0,1459,8,6,0,0,0,0,1030,73,937,747,593,559,0,0,237,836,191,0,642,0,0,0,0,0,8694,0,67,167,93,1880,0,0,0,1859,14,177,0,0,75,0,0,395,0,107,841,103,196,749,597,25,107,363,0,0,400,109,37,0,0,0,0,0,0,0,402,278,0,32,134,0,0,0,0,5,421,0,0,0,0,0,0,178,0,0,0,0,0,12,0,50,60,0,24,0,28,0,114,654,0,0,0,0,0,188,0,0,0,127,33,0,17,0,0,131,0,0,0,0,0,0,0,0,18,0,0,0,0,0,0,0,0,0,152,0,0,0,0,0,0,0,0,0,0,0,0,155,92,0,0,197,8,0,0,0,0,0,0,0,11,0,0,175,0,0,12,0,0,0,0,0,0,0,0,0,0,0,0,0,0,32,0,0,0,0,0,0,0,0,0,0,0,0,121,0,0,0,0,0,0,0,5,0,0,0,0,44,0,0,0,0,0,0,0,0,0,0,55,0,45,0,0,0,67,0,0,0,0,4,0,0,0,0,0,0,0,0,0,0,0,0,0,0,0,0,0,0,0,0,0,0,0,0,0,0,0,0,0,0,0,13,0,0,0,0,0,0,0,0,0,0,0,0,0,0,0,0,0,0,0,0,0,0,0,0,0,0,0,0,0,0,0,0,0,0,0,0,19,0,0,0,0,0,0,0,0,0,0,0,0,0,0,0,0,0,0,0,0,0,0,0,0,0,0,0,0,0,0,0,0,0,0,0,0,0,0,0,0,0,0,0,0,0,0,0,0,0,0,0,0,0,0,0,0,0,0,0,0,0,0,0,0,0,0,0,0,0,0,0,0,0,0,0,0,0,0,0,0,0,0,0,0,0,0,0,0,0,0,0,0,0,0,0,0,0,0,0,0,0,0,0,0,0,0,0,0,0,0,0,0,0,0,0,0,0,0,0,0,0,0,0,0,0,0,0,0,0,0,0,0,0,0,0,0,0,0
"ERR3416853",283,7,0,0,319,0,2188,0,0,0,0,0,0,776,0,94,8038,224,2913,0,0,0,2554,256,0,367,0,0,0,0,2,0,530,0,83,246,1321,0,0,0,906,255,857,0,0,34,47,0,157,0,176,0,12,2059,168,240,132,37,345,27,0,0,44,58,0,0,129,0,0,0,153,130,0,0,143,0,0,0,425,0,241,360,0,0,0,0,0,0,159,1148,0,0,0,0,0,0,0,409,0,42,0,0,0,74,100,0,21,0,0,0,74,0,0,122,66,21,0,0,0,0,101,0,8,0,16,0,0,0,0,0,0,0,0,0,0,0,0,0,0,42,0,0,0,0,0,15,0,0,0,0,0,0,0,0,0,0,80,0,32,0,0,0,102,0,0,0,0,0,47,0,0,0,0,0,0,0,0,0,0,0,0,0,0,0,0,0,0,0,0,0,0,0,0,0,0,0,0,0,0,55,0,28,0,0,0,0,0,0,0,0,0,0,0,0,0,0,0,42,0,0,0,0,0,0,0,0,0,0,0,0,0,0,0,0,35,0,0,0,0,0,0,0,0,0,0,0,0,0,0,0,0,0,0,0,0,0,0,0,0,0,0,0,0,0,15,0,0,0,0,0,0,0,0,0,0,0,0,0,0,0,0,0,0,0,0,0,0,0,0,0,0,0,0,0,0,0,0,0,0,0,0,0,0,0,0,0,0,0,0,0,0,0,0,0,0,0,0,0,0,0,0,0,0,0,0,0,0,0,0,0,0,0,0,0,0,0,0,0,0,0,0,0,0,0,0,0,0,0,0,0,0,0,0,0,0,0,0,0,0,0,0,0,0,0,0,0,0,0,0,0,0,0,0,0,0,0,0,0,0,0,0,0,0,0,0,0,0,0,0,0,0,0,0,0,0,0,0,0,0,0,0,0,0,0,0,0,0,0,0,0,0,0,0,0,0,0,0,0,0,0,0,0,0,0,0,0,0,0,0,0,0,0,0,0,0,0,0,0,0,0,0,0
"ERR3416854",118,29,0,0,3886,7,66,35,0,11,13,0,0,6956,790,0,2719,0,73,0,0,0,978,152,0,200,20,0,0,0,0,0,80,0,21,0,62,23,0,0,0,0,1483,170,0,23,821,0,26,0,0,9,3,0,0,0,1598,0,0,34,0,0,0,0,0,0,189,0,0,0,0,0,0,0,154,0,5,217,0,0,1536,0,0,0,0,0,0,0,22,0,0,0,0,0,0,0,0,519,0,0,0,0,0,0,0,0,11,0,0,0,0,0,0,0,0,0,0,6,190,0,0,0,0,0,0,0,0,0,0,0,0,0,0,0,0,0,0,0,0,0,0,0,0,0,0,0,0,0,0,0,0,0,0,0,0,0,0,0,0,0,0,0,0,0,0,0,0,0,0,0,0,0,0,0,0,0,0,0,0,0,0,0,0,0,0,0,0,0,0,0,0,0,0,0,0,0,0,0,0,3,0,0,0,0,0,0,0,0,0,0,0,0,0,0,0,0,22,0,0,0,0,0,0,0,0,0,0,0,0,0,0,0,0,43,0,0,0,0,0,0,0,0,0,0,0,0,0,0,0,0,0,0,0,0,0,0,0,0,0,0,0,0,0,0,0,0,0,0,0,0,0,0,0,0,0,0,0,0,0,0,0,0,0,0,0,0,0,0,0,0,0,0,0,0,0,0,0,0,0,0,0,0,0,0,0,0,0,0,0,0,0,0,0,0,0,0,0,0,0,0,0,0,0,0,0,0,0,0,0,0,0,0,0,0,0,0,0,0,0,0,0,0,0,0,0,0,0,0,0,0,0,0,0,0,0,0,0,0,0,0,0,0,0,0,0,0,0,0,0,0,0,0,0,0,0,0,0,0,0,0,0,0,0,0,0,0,0,0,0,0,0,0,0,0,0,0,0,0,0,0,0,0,0,0,0,0,0,0,0,0,0,0,0,0,0,0,0,0,0,0,0,0,0,0,0,0,0,0,0,0,0,0,0,0,0,0,0,0,0,0,0,0
"ERR3416855",238,36,0,34,4737,0,173,4,0,0,0,0,0,713,0,0,9014,0,0,0,0,0,88,133,0,163,0,0,0,0,0,0,61,0,0,0,1036,20,0,0,0,0,204,133,0,6,20,0,188,0,0,0,0,0,7,0,213,0,0,45,0,0,0,2,0,0,139,0,0,0,0,0,0,0,185,0,0,491,0,0,19,0,0,0,0,0,3,0,19,0,0,0,0,0,0,0,0,328,0,0,0,0,0,0,0,0,0,0,0,0,0,0,0,0,0,0,0,0,20,0,0,0,68,0,0,0,0,0,0,8,0,0,0,0,0,0,0,0,0,0,0,0,0,0,0,0,0,0,19,0,0,0,8,0,0,0,0,0,0,0,0,0,0,0,0,0,0,0,0,0,0,0,0,0,0,0,0,0,0,0,0,0,0,0,0,0,0,0,0,0,0,0,0,0,0,0,0,0,0,0,0,0,0,0,0,0,0,0,0,0,0,0,0,0,0,0,0,0,0,0,0,0,0,0,0,0,0,0,0,0,0,0,0,15,0,0,0,0,0,0,0,0,0,0,0,0,0,0,0,0,0,0,0,0,0,0,0,0,0,0,0,0,0,0,0,0,0,0,0,0,0,0,0,0,0,0,0,0,0,0,0,0,0,0,0,0,0,0,0,0,0,0,0,0,0,0,0,0,0,0,0,0,0,0,0,0,0,0,0,0,0,0,0,0,0,0,0,0,0,0,0,0,0,0,0,0,0,0,0,0,0,0,0,0,0,0,0,0,0,0,0,0,0,0,0,0,0,0,0,0,0,0,0,0,0,0,0,0,0,0,0,0,0,0,0,0,0,0,0,0,0,0,0,0,0,0,0,0,0,0,0,0,0,0,0,0,0,0,0,0,0,0,0,0,0,0,0,0,0,0,0,0,0,0,0,0,0,0,0,0,0,0,0,0,0,0,0,0,0,0,0,0,0,0,0,0,0,0,0,0,0,0,0,0,0,0,0,0,0,0,0,0
"ERR3416856",2045,15,0,21,815,0,6955,0,0,0,0,0,0,159,0,0,795,0,0,0,0,0,0,3602,0,57,0,0,0,0,0,0,0,0,0,0,0,0,0,0,0,0,64,0,0,0,0,0,18,0,90,0,0,0,0,0,146,38,0,6,0,0,0,0,0,0,156,0,0,0,0,0,0,1977,24,107,0,124,0,0,0,0,550,0,0,0,0,0,0,0,0,0,0,0,0,0,0,101,0,0,0,0,0,0,0,95,0,0,0,0,0,0,4,0,0,0,0,0,7,0,0,0,0,0,0,0,0,0,0,0,0,0,0,0,0,0,0,0,0,0,0,0,0,0,0,0,0,0,0,0,0,0,0,0,0,0,0,0,0,0,0,0,0,0,0,0,0,0,0,0,0,0,0,0,0,0,0,0,0,0,0,0,0,0,0,0,0,0,0,0,0,0,0,0,0,0,0,0,0,0,0,0,0,0,0,0,0,0,0,0,0,0,0,0,0,0,0,0,0,0,0,0,0,0,0,0,0,0,0,0,0,0,0,0,0,0,0,0,0,0,0,0,0,0,0,0,0,0,0,0,0,0,0,0,0,0,0,0,0,0,0,0,0,0,0,0,0,0,0,0,0,0,0,0,0,0,0,0,0,0,0,0,0,0,0,0,0,0,0,0,0,0,0,0,0,0,0,0,0,0,0,0,0,0,0,0,0,0,0,0,0,0,0,0,0,0,0,0,0,0,0,0,0,0,0,0,0,0,0,0,0,0,0,0,0,0,0,0,0,0,0,0,0,0,0,0,0,0,0,0,0,0,0,0,0,0,0,0,0,0,0,0,0,0,0,0,0,0,0,0,0,0,0,0,0,0,0,0,0,0,0,0,0,0,0,0,0,0,0,0,0,0,0,0,0,0,0,0,0,0,0,0,0,0,0,0,0,0,0,0,0,0,0,0,0,0,0,0,0,0,0,0,0,0,0,0,0,0,0,0,0,0,0,0,0,0,0,0,0,0,0,0
"ERR3416857",10310,492,0,605,3042,0,873,0,0,0,0,0,0,127,0,10,1524,0,0,0,0,0,46,1264,0,126,0,70,0,0,3,0,67,0,0,0,890,0,0,0,0,0,461,106,0,13,0,0,104,0,174,0,0,0,32,0,1201,0,0,136,0,0,0,36,0,0,165,0,0,0,0,0,0,634,302,49,40,995,0,0,209,0,223,0,19,0,0,0,0,0,0,0,0,0,0,0,0,359,0,0,0,0,0,0,40,124,0,0,0,0,0,0,0,0,0,0,0,0,99,0,0,0,64,0,0,0,0,0,0,17,0,0,0,0,0,0,0,0,0,0,0,0,0,0,0,0,0,0,28,0,0,0,0,0,0,0,0,0,0,0,0,0,0,0,0,0,0,0,0,0,0,0,0,0,0,0,0,0,0,0,0,0,0,0,0,0,0,0,0,0,0,0,0,0,0,0,0,0,0,0,0,0,0,0,0,0,0,0,0,0,0,0,0,0,0,0,0,0,0,0,105,0,0,0,0,0,0,0,0,0,0,0,0,17,0,0,0,0,0,0,0,0,0,0,0,0,0,0,0,0,0,0,0,0,0,0,0,0,0,0,0,0,0,0,0,0,0,0,0,0,0,0,0,0,0,0,0,0,0,0,0,0,0,0,0,0,0,0,0,0,0,0,0,0,0,0,0,0,0,0,0,0,0,0,0,0,0,0,0,0,0,0,0,0,0,0,0,0,0,0,0,0,0,0,0,0,0,0,0,0,0,0,0,0,0,0,0,0,0,0,0,0,0,0,0,0,0,0,0,0,0,0,0,0,0,0,0,0,0,0,0,0,0,0,0,0,0,0,0,0,0,0,0,0,0,0,0,0,0,0,0,0,0,0,0,0,0,0,0,0,0,0,0,0,0,0,0,0,0,0,0,0,0,0,0,0,0,0,0,0,0,0,0,0,0,0,0,0,0,0,0,0,0,0,0,0,0,0,0,0,0,0,0,0,0,0,0,0,0,0,0,0
"ERR3416858",103,0,0,0,51,32,58,7,0,0,127,0,0,75,1428,781,532,0,5838,0,0,0,578,0,0,5,0,0,0,0,0,0,0,0,0,8,135,0,0,0,0,119,1098,0,0,0,96,0,13,0,0,0,0,1638,0,0,478,0,5,0,0,0,0,0,0,0,0,0,0,0,0,0,0,0,0,0,0,0,0,0,384,0,0,0,0,0,0,0,0,0,0,0,0,0,0,0,0,242,0,0,0,0,0,0,0,0,0,0,0,0,0,0,0,0,0,0,0,0,7,0,10,0,0,0,56,0,0,0,0,0,0,0,2,0,0,0,0,0,0,0,0,0,0,0,0,0,0,0,0,0,0,0,0,0,0,0,0,0,0,0,0,0,0,0,0,0,0,0,0,0,0,0,0,0,0,0,0,0,0,0,0,0,0,0,0,0,0,0,0,0,0,0,0,0,0,0,0,0,0,0,0,0,0,0,0,0,0,0,0,0,0,0,0,0,0,0,0,0,0,0,0,0,0,0,0,0,0,0,0,0,0,0,0,0,0,0,0,0,91,0,0,0,0,0,0,0,0,0,0,0,0,0,0,0,0,0,0,0,0,0,0,0,0,0,0,0,0,0,0,0,0,0,0,0,0,0,0,0,0,0,0,0,0,0,0,0,0,0,0,0,0,0,0,0,0,0,0,0,0,0,0,0,0,0,0,0,0,0,0,0,0,0,0,0,0,0,0,0,0,0,0,0,0,0,0,0,0,0,0,0,0,0,0,0,0,0,0,0,0,0,0,0,0,0,0,0,0,0,0,0,0,0,0,0,0,0,0,0,0,0,0,0,0,0,0,0,0,0,0,0,0,0,0,0,0,0,0,0,0,0,0,0,0,0,0,0,0,0,0,0,0,0,0,0,0,0,0,0,0,0,0,0,0,0,0,0,0,0,0,0,0,0,0,0,0,0,0,0,0,0,0,0,0,0,0,0,0,0,0,0,0,0,0,0,0,0,0,0,0,0,0,0
"ERR3416859",9946,13,19,30,183,0,4163,8,177,0,0,0,0,448,0,40,44,282,151,0,0,0,94,624,71,852,0,0,0,0,57,3001,11,0,145,0,930,0,0,0,3560,0,25,0,0,35,0,0,21,0,39,621,51,13,484,343,7,33,56,0,48,711,21,28,0,0,59,0,0,0,0,237,58,0,11,0,222,0,0,0,0,0,0,0,0,0,0,16,0,1157,0,0,0,0,0,0,0,0,0,335,0,86,0,0,0,0,0,0,0,0,41,0,217,109,0,0,0,300,0,0,802,0,0,0,0,0,0,7,0,10,0,0,0,0,0,0,0,0,0,0,0,0,0,42,17,0,17,0,0,70,0,0,117,0,0,0,0,0,0,23,0,0,0,0,0,0,0,0,0,0,21,60,0,0,9,37,0,0,0,0,0,0,0,0,0,0,0,0,0,0,0,0,0,0,5,0,0,0,0,56,0,0,0,0,0,0,0,0,0,0,0,0,0,0,0,40,0,0,0,3,0,0,0,0,0,0,0,0,0,0,0,0,0,56,0,0,0,0,0,0,0,0,0,0,0,0,0,0,0,0,0,0,0,0,0,0,0,0,0,0,0,0,0,0,0,0,0,0,0,0,0,0,0,0,0,0,0,0,0,0,0,0,0,0,0,0,0,0,0,0,0,0,0,0,0,0,0,0,0,0,0,0,0,0,0,0,0,0,0,0,0,0,0,0,0,0,0,0,0,0,0,0,0,0,0,0,0,0,0,0,0,0,0,0,0,0,0,0,0,0,0,0,0,0,0,0,0,0,0,0,0,0,0,0,0,0,0,0,0,0,0,0,0,0,0,0,0,0,0,0,0,0,0,0,0,0,0,0,0,0,0,0,0,0,0,0,0,0,0,0,0,0,0,0,0,0,0,0,0,0,0,0,0,0,0,0,0,0,0,0,0,0,0,0,0,0,0,0,0,0,0,0,0,0,0,0,0,0,0,0,0,0,0,0,0,0,0,0,0,0,0,0
"ERR3416860",302,6,0,638,4226,0,1790,0,0,0,0,0,0,437,107,362,681,0,2122,0,0,0,1419,337,0,328,72,0,0,0,30,231,77,0,64,33,3208,0,0,74,285,69,336,0,0,122,30,0,183,0,0,55,34,1011,294,140,61,6,313,0,0,52,255,60,0,0,263,0,0,0,242,0,0,0,0,0,0,0,0,0,0,0,0,0,0,0,0,290,172,174,0,0,0,0,31,0,6,29,0,156,0,0,0,0,10,0,20,0,0,0,116,0,0,0,0,0,32,39,0,0,82,0,15,0,0,0,0,228,0,9,0,0,0,0,0,0,0,3,0,0,0,0,0,0,0,0,0,115,0,0,0,0,266,0,0,0,0,0,13,0,0,0,0,0,0,0,0,0,0,0,0,0,0,34,0,0,0,0,0,0,0,0,0,0,0,0,0,0,0,0,0,0,0,0,0,0,0,0,0,50,0,40,0,0,0,0,0,0,0,0,0,0,0,0,0,0,0,0,0,0,0,0,0,0,0,18,0,0,0,0,0,0,0,0,9,0,0,0,0,30,0,0,0,0,0,0,0,0,0,0,0,0,0,0,0,0,0,0,0,0,0,0,0,0,0,0,0,0,0,0,0,0,0,0,0,52,0,0,0,0,0,0,0,7,0,0,0,0,0,0,0,0,0,0,0,0,0,0,0,0,0,0,0,0,0,0,0,0,0,0,0,0,0,0,0,0,0,0,0,0,0,0,0,0,0,0,0,0,0,0,0,0,0,0,0,0,0,0,0,0,0,0,0,0,0,0,0,0,0,0,0,0,0,0,0,0,0,0,0,0,0,0,0,0,0,0,0,0,0,0,0,0,0,0,0,0,0,0,0,0,0,0,0,0,0,0,0,0,0,0,0,0,0,0,0,0,0,0,0,0,0,0,0,0,0,0,0,0,0,0,0,0,0,0,0,0,0,0,0,0,0,0,0,0,0,0,0,0,0,0,0,0,0,0,0,0,0,0,0,0,0,0
"ERR3416861",1582,0,0,85,242,0,15413,11,0,0,0,0,168,494,0,217,595,96,40,0,0,784,1407,40,0,453,613,0,0,0,83,64,433,221,11,11,1076,961,0,0,121,157,704,201,0,3,35,0,1914,0,205,871,90,585,592,548,0,0,533,39,15,184,924,50,0,0,874,238,11,7,19,0,3,59,51,0,445,15,0,190,100,0,0,0,0,0,0,0,0,91,0,0,0,0,0,0,0,275,0,0,0,0,0,0,68,0,63,0,0,0,31,0,0,23,213,435,0,0,15,8,398,0,184,0,0,0,0,0,29,88,0,0,0,0,0,111,0,0,0,0,15,0,0,0,0,0,8,0,0,77,0,0,0,0,0,0,13,0,19,0,0,0,0,0,0,18,0,55,0,0,0,0,0,15,0,0,0,0,0,0,0,0,0,0,0,0,0,0,0,0,0,0,0,0,0,0,89,0,0,9,0,0,0,0,0,0,0,0,0,0,0,0,0,0,0,6,0,5,0,0,0,0,0,0,0,0,140,0,0,0,0,0,0,0,0,0,0,0,0,0,0,0,0,0,0,0,0,0,0,0,0,0,0,0,0,0,0,0,0,0,0,0,0,11,0,0,0,0,0,0,0,0,0,0,0,0,0,0,0,0,0,0,0,0,0,0,0,0,0,0,0,0,0,0,0,0,0,0,0,0,0,0,0,8,0,0,0,0,0,0,0,0,0,0,0,0,0,0,0,0,0,0,0,0,0,0,0,0,0,0,0,0,0,0,0,0,0,0,0,0,0,0,0,0,0,0,0,0,0,0,0,0,0,0,0,0,0,0,0,0,0,0,0,0,0,0,0,0,0,0,0,0,0,0,0,0,0,0,0,0,0,0,0,0,0,0,0,0,0,0,0,0,0,0,0,0,0,0,0,0,0,0,0,0,0,0,0,0,0,0,0,0,0,0,0,0,0,0,0,0,0,0,0,0,0,0,0,0,0,0,0,0,0,0,0,0,0,0,0,0,0,0
"ERR3416862",5250,13,0,0,545,0,1124,3871,0,0,289,0,0,120,0,0,129,0,59,0,55,0,28,905,0,0,591,0,0,0,0,0,0,0,0,0,40,21,0,0,0,2,0,0,0,0,0,0,0,0,0,0,0,14,0,0,0,0,0,0,0,0,12,0,0,0,167,0,0,0,0,0,72,0,0,0,9,0,0,0,0,0,0,0,0,0,0,0,0,0,0,0,0,0,0,0,0,11,0,0,0,0,0,0,0,0,0,0,0,0,0,0,4,0,0,0,0,0,0,0,5,0,0,0,0,0,0,0,0,0,0,0,0,0,0,0,0,0,0,0,0,0,0,0,0,0,0,0,0,0,0,0,0,0,0,0,0,0,0,0,0,0,0,0,0,0,0,0,0,0,0,0,0,6,0,0,0,0,0,0,0,0,0,0,0,0,0,0,214,0,0,0,0,0,0,0,0,0,0,20,0,0,0,0,0,0,0,0,0,0,0,0,0,0,0,0,0,0,0,4,0,0,0,0,0,0,0,0,0,0,0,0,0,0,0,0,0,0,0,0,0,0,0,0,0,0,0,0,0,0,0,0,0,0,0,0,0,0,0,0,0,0,0,0,0,0,0,0,0,0,0,0,0,0,0,0,0,0,0,0,0,0,0,0,0,0,0,0,0,0,0,0,0,0,0,0,0,0,0,0,0,0,0,0,0,0,0,0,0,0,0,0,0,0,0,0,0,0,0,0,0,0,0,0,0,0,0,0,0,0,0,0,0,0,0,0,0,0,0,0,0,0,0,0,0,0,0,0,0,0,0,0,0,0,0,0,0,0,0,0,0,0,0,0,0,0,0,0,0,0,0,0,0,0,0,0,0,0,0,0,0,0,0,0,0,0,0,0,0,0,0,0,0,0,0,0,0,0,0,0,0,0,0,0,0,0,0,0,0,0,0,0,0,0,0,0,0,0,0,0,0,0,0,0,0,0,0,0,0,0,0,0,0,0,0,0,0,0,0,0,0,0
"ERR3416863",57,8,0,0,540,0,321,0,0,0,0,0,0,953,0,0,426,0,681,0,0,116,93,132,109,26,0,0,0,0,177,5461,0,0,169,0,1431,9,0,0,439,93,0,0,0,0,0,0,101,0,233,114,35,25,79,90,5,0,52,0,0,39,58,0,0,0,14,0,0,0,0,96,344,0,0,0,0,0,0,0,0,433,0,0,0,0,0,0,13,453,0,0,0,0,0,0,0,167,0,0,0,0,0,0,0,0,0,0,0,0,0,0,0,279,0,0,0,0,0,0,0,0,0,0,0,0,0,0,0,0,0,0,0,0,0,0,0,0,0,0,0,0,0,0,724,0,0,0,0,0,0,0,27,0,0,0,110,23,0,0,0,0,0,0,0,0,0,0,0,0,0,0,0,0,0,0,0,0,0,0,0,0,0,0,0,0,0,0,0,0,0,0,0,0,0,0,0,0,0,0,0,0,0,0,0,0,0,0,0,0,0,0,0,0,0,0,0,0,0,0,0,108,0,0,0,0,0,0,0,0,0,0,0,0,0,0,0,0,0,0,0,0,0,0,0,0,0,0,0,0,0,0,0,0,0,0,0,0,0,0,0,0,0,0,0,0,0,0,0,0,0,0,0,0,0,0,0,0,0,0,0,0,0,0,0,0,0,0,0,0,0,0,0,0,0,0,0,0,0,0,0,0,0,0,0,0,0,0,0,0,0,0,0,0,0,0,0,0,0,0,0,0,0,0,0,0,0,0,0,0,0,0,0,0,0,0,0,0,0,0,0,0,0,0,0,0,0,0,0,0,0,0,0,0,0,0,0,0,0,0,0,0,0,0,0,0,0,0,0,0,0,0,0,0,0,0,0,0,0,0,0,0,0,0,0,0,0,0,0,0,0,0,0,0,0,0,0,0,0,0,0,0,0,0,0,0,0,0,0,0,0,0,0,0,0,0,0,0,0,0,0,0,0,0,0,0,0,0,0,0,0,0,0,0,0,0,0,0,0,0,0,0
"ERR3416864",25,0,0,0,783,0,144,2,0,5,0,0,349,576,0,767,1565,0,1755,0,0,3317,2922,0,24,25,178,0,61,0,0,0,14,0,0,94,60,0,0,0,0,215,2607,30,0,0,199,0,87,0,0,0,0,562,22,0,0,0,582,0,0,0,0,0,0,0,11,730,12,0,0,0,244,0,0,0,0,0,0,517,495,0,0,0,0,0,0,0,0,0,0,207,0,0,0,0,0,31,0,0,130,0,0,0,0,0,50,0,0,0,0,24,0,0,333,0,0,0,12,18,0,0,42,0,0,0,0,0,167,0,0,0,0,0,0,0,0,0,0,0,36,0,0,0,0,0,0,0,0,0,0,0,0,0,0,0,0,0,159,0,0,0,0,206,0,0,0,259,0,0,0,0,0,0,0,0,0,0,0,0,0,0,0,0,0,0,0,0,0,0,0,0,0,0,0,0,34,0,0,0,0,0,0,0,0,0,6,0,0,0,0,0,0,0,0,0,0,0,0,0,0,0,0,67,0,0,0,0,0,0,0,0,0,0,12,0,0,0,0,0,0,0,0,0,0,0,0,0,0,0,0,0,0,0,0,0,0,0,0,0,0,0,0,0,0,0,0,0,0,0,0,0,0,0,0,0,0,0,0,0,0,0,0,0,0,0,0,0,0,0,0,0,0,0,26,0,0,0,0,0,0,0,0,0,0,0,0,0,0,0,0,0,0,0,0,0,0,0,0,0,0,0,0,0,0,0,0,0,0,0,0,0,0,0,0,0,0,0,0,0,0,0,0,0,0,0,0,0,0,0,0,0,0,0,0,0,0,0,0,0,11,0,0,0,0,0,0,0,0,0,0,0,0,0,0,0,0,0,0,0,0,0,0,0,0,0,0,0,0,0,0,0,0,0,0,0,0,0,0,0,0,0,0,0,0,0,0,0,0,0,0,0,0,0,0,0,0,0,0,0,0,0,0,0,0,0,0,0,0,0,0,0,0,0,0,0,0,0,0,0,0,0
"ERR3416865",74,0,0,0,5878,0,1539,0,0,0,120,0,444,887,0,373,1364,0,111,0,0,1201,958,146,4,884,20,18,0,0,0,48,196,119,4,10,819,0,0,0,0,0,108,59,2,15,27,0,1283,0,0,0,0,0,217,0,0,0,1294,0,0,0,0,62,0,0,94,48,12,0,0,0,2442,170,0,0,94,0,0,43,6,0,0,0,0,0,0,0,0,336,0,0,0,0,0,0,0,0,0,0,546,0,0,0,0,0,18,0,0,0,0,506,0,0,71,0,0,0,0,0,0,0,9,0,0,0,0,0,161,0,0,0,0,0,0,0,0,50,0,0,8,0,0,0,0,0,0,0,0,0,0,0,0,0,0,0,0,0,0,0,0,0,0,0,0,0,0,10,0,0,0,0,0,0,0,0,0,0,0,0,0,0,0,0,0,0,0,0,0,0,0,0,0,0,0,0,0,0,0,0,0,0,0,0,0,0,0,0,0,0,0,0,0,0,0,0,0,0,0,0,0,0,0,0,0,0,0,0,0,0,0,0,0,0,0,0,0,0,0,0,0,0,0,0,0,0,0,0,0,0,0,0,0,0,0,0,0,0,0,0,0,0,0,0,0,0,0,0,0,0,0,0,0,0,0,0,0,0,0,0,0,0,0,0,0,0,0,0,0,0,0,0,0,0,0,0,0,0,0,0,0,0,0,0,0,0,0,0,0,0,0,0,0,0,0,0,0,0,0,0,0,0,0,0,0,0,0,0,0,0,0,0,0,0,0,0,0,0,0,0,0,0,0,0,0,0,0,0,0,0,0,0,0,0,0,0,0,0,0,0,0,0,0,0,0,0,0,0,0,0,0,0,0,0,0,0,0,9,0,0,0,0,0,0,0,0,0,0,0,0,0,0,0,0,0,0,0,0,0,0,0,0,0,0,0,0,0,0,0,0,0,0,0,0,0,0,0,0,0,0,0,0,0,0,0,0,0,0,0,0,0,0,0,0,0,0,0,0,0,0,0,0
"ERR3416866",986,0,0,21,2449,0,6359,0,0,0,0,0,241,441,0,192,339,0,29,0,0,375,311,972,65,818,0,81,0,0,17,0,446,747,125,0,797,0,0,0,1800,0,6,0,0,74,0,0,720,0,6,0,54,0,183,0,0,0,276,0,0,77,0,76,0,0,50,0,0,0,0,0,257,432,24,0,323,0,0,0,0,0,10,0,0,0,0,0,0,1077,0,0,0,0,0,0,0,0,0,0,161,0,0,114,0,0,0,0,0,0,0,133,0,0,0,0,0,0,0,0,0,0,0,0,0,0,0,0,76,0,7,0,0,0,0,0,0,5,0,0,0,0,0,0,0,0,0,0,0,0,0,0,0,0,0,0,4,0,0,0,0,0,0,0,0,0,0,0,0,0,0,0,0,0,0,0,0,0,0,0,0,0,0,0,0,0,0,0,0,0,0,0,0,0,0,0,0,0,0,26,0,0,0,0,0,0,0,16,0,0,0,0,0,0,0,0,0,22,0,33,0,0,0,0,0,0,0,0,5,0,0,0,0,0,0,0,0,0,0,0,0,0,0,0,0,0,0,0,0,0,0,0,0,0,0,0,0,0,0,0,0,0,0,0,0,0,0,0,0,0,0,0,0,0,0,0,0,0,0,0,0,0,0,0,0,0,0,0,0,0,0,0,0,0,0,0,0,0,0,0,0,0,0,0,0,0,0,0,0,0,0,0,0,0,0,0,0,0,0,0,0,0,0,0,0,0,0,0,0,0,0,0,0,0,0,0,0,0,0,0,0,0,0,0,0,0,0,0,0,0,0,0,0,0,0,0,0,0,0,0,0,0,0,0,0,0,0,0,0,0,0,0,0,0,0,0,0,0,0,0,0,0,0,0,0,0,0,0,0,0,0,0,0,0,0,0,0,0,0,0,0,0,0,0,0,0,0,0,0,0,0,0,0,0,0,0,0,0,0,0,0,0,0,0,0,0,0,0,0,0,0,0,0,0,0,0,0,0,0,0,0,0
"ERR3416867",52,0,0,0,8725,0,537,0,0,0,264,0,95,178,0,249,678,0,0,0,0,299,694,210,56,1017,0,0,0,0,0,822,140,67,20,0,376,0,0,0,119,0,0,0,0,3,0,0,219,0,0,0,2,0,161,0,0,0,202,0,0,0,0,0,0,0,26,0,0,0,0,0,718,0,3,15,89,0,0,0,0,0,0,0,0,0,0,0,0,480,0,0,0,0,0,0,0,0,0,0,34,0,0,0,0,0,0,0,0,0,7,82,0,0,0,0,0,0,0,0,0,0,0,0,0,0,0,0,21,0,0,0,0,0,0,0,0,0,0,0,0,0,0,0,0,0,0,0,0,0,0,0,0,0,0,0,0,0,0,0,0,0,0,0,0,0,0,0,0,0,0,0,0,0,0,0,0,0,0,0,0,0,0,0,0,0,0,0,0,0,0,0,0,0,0,0,0,0,0,3,0,0,0,0,0,0,0,0,0,0,0,0,0,0,0,0,0,0,0,0,0,0,0,0,0,0,0,0,0,0,0,0,0,0,0,0,0,0,0,0,0,0,0,0,0,0,0,0,0,0,0,0,0,0,0,0,0,0,0,0,0,0,0,0,0,0,0,0,0,0,0,0,0,0,0,0,0,0,0,0,0,0,0,0,0,0,0,0,0,0,0,0,0,0,0,0,0,0,0,0,0,0,0,0,0,0,0,0,0,0,0,0,0,0,0,0,0,0,0,0,0,0,0,0,0,0,0,0,0,0,0,0,0,0,0,0,0,0,0,0,0,0,0,0,0,0,0,0,0,0,0,0,0,0,0,0,0,0,0,0,0,0,0,0,0,0,0,0,0,0,0,0,0,0,0,0,0,0,0,0,0,0,0,0,0,0,0,0,0,0,0,0,0,0,0,0,0,0,0,0,0,0,0,0,0,0,0,0,0,0,0,0,0,0,0,0,0,0,0,0,0,0,0,0,0,0,0,0,0,0,0,0,0,0,0,0,0,0,0,0,0,0
"ERR3416868",40,0,0,0,585,0,28,3,0,0,0,0,0,657,0,22,177,0,873,0,0,3201,5637,0,0,28,0,0,0,0,0,0,0,0,11,22,36,0,0,0,0,124,1158,0,0,0,31,0,59,0,0,0,0,291,0,0,0,0,121,0,0,0,7,0,0,0,0,15,0,0,0,0,0,0,0,0,0,0,0,0,123,0,0,0,0,0,0,0,0,27,0,0,0,0,0,0,0,978,0,0,8,0,0,0,0,0,0,0,0,0,0,0,0,0,625,0,0,0,0,0,22,0,0,0,0,0,0,0,381,0,0,0,0,0,0,170,0,0,0,0,0,0,0,0,0,0,0,0,0,0,0,0,0,0,0,0,0,0,489,0,0,0,0,152,0,0,0,0,0,0,0,0,0,0,0,0,0,0,0,0,0,0,0,0,0,0,0,0,0,0,0,0,0,0,0,0,0,0,0,0,0,0,0,0,0,0,0,0,0,0,0,0,0,0,0,0,0,0,0,0,0,0,0,173,0,0,0,0,0,0,0,0,0,0,0,0,0,0,0,0,0,0,0,0,0,0,0,0,0,0,0,0,0,0,0,0,0,0,0,0,0,0,0,0,0,0,0,0,0,0,0,0,0,0,0,0,0,0,0,0,0,0,0,0,0,0,0,0,0,0,0,0,0,0,0,0,0,0,0,0,0,0,0,0,0,0,0,0,0,0,0,0,0,0,0,0,0,0,0,0,0,0,0,0,0,0,0,0,0,0,0,0,0,0,0,0,0,0,0,0,0,0,0,0,0,0,0,0,0,0,0,0,0,0,0,0,0,0,0,0,0,0,0,0,0,0,0,0,0,0,0,0,0,0,0,0,0,0,0,0,0,0,0,0,0,0,0,0,0,0,0,0,0,0,0,0,0,0,0,0,0,0,0,0,0,0,0,0,0,0,0,0,0,0,0,0,0,0,0,0,0,0,0,0,0,0,0,0,0,0,0,0,0,0,0,0,0,0,0,0,0,0
"ERR3416869",624,0,0,0,887,17,1086,0,0,0,0,0,0,78,494,52,342,0,1751,0,100,0,567,290,0,0,0,8,116,0,0,541,358,63,150,37,2361,0,0,0,916,118,514,7,0,203,55,0,223,0,231,230,188,325,642,945,216,0,202,0,0,196,202,0,0,0,74,0,0,0,337,39,4,0,18,0,0,0,76,0,98,0,0,0,0,0,0,0,79,88,0,0,0,0,0,0,0,437,0,211,0,35,0,0,0,0,0,0,0,0,138,0,0,0,0,0,0,0,0,0,0,0,0,0,11,0,0,79,0,14,6,0,0,0,0,0,0,0,0,0,0,0,0,18,0,0,0,0,0,0,0,0,184,0,0,0,0,0,29,0,0,0,0,0,0,0,0,0,0,0,0,0,0,0,0,0,0,0,0,0,0,0,0,0,0,0,0,0,0,0,0,0,0,0,0,0,0,0,0,0,0,0,0,0,0,0,0,0,0,0,0,0,0,0,0,0,0,0,0,0,0,0,0,0,118,0,0,0,0,0,0,0,0,0,19,0,0,0,13,0,0,0,0,0,0,0,0,0,0,0,0,0,0,0,0,0,0,0,0,0,0,0,0,0,0,0,0,0,0,0,0,0,0,0,0,0,0,0,0,0,0,0,0,0,0,0,0,0,0,0,0,0,0,0,0,0,0,0,0,0,0,0,0,0,0,0,0,0,0,0,0,0,0,0,0,0,0,0,0,0,0,0,0,0,0,0,0,0,0,0,0,0,0,0,0,0,0,0,0,0,0,0,0,0,0,0,14,0,0,0,0,0,0,0,0,0,0,0,0,0,0,0,0,0,0,0,0,0,0,0,0,0,0,0,0,0,0,0,0,0,0,0,0,0,0,0,0,0,0,0,0,0,0,0,0,0,0,0,0,0,0,0,0,0,0,0,0,0,0,0,0,0,0,0,0,0,0,0,0,0,0,0,0,0,0,0,0,0,0,0,0,0,0,0,0,0,0,0,0,0,0,0
"ERR3416870",1723,260,0,0,4921,141,112,226,0,0,448,0,0,49,0,207,16,0,70,0,0,13,8,20,0,4,929,0,0,0,0,7,0,0,0,0,0,0,0,0,0,0,29,15,21,0,153,0,0,379,0,0,0,0,7,0,0,0,3,0,0,0,0,0,0,0,0,0,0,0,0,0,0,0,118,0,0,0,0,0,0,0,0,0,0,0,0,0,0,0,0,0,0,0,0,0,0,0,0,0,0,0,0,6,0,0,4,0,0,0,0,0,0,0,0,0,0,0,0,0,0,0,0,0,0,0,0,0,0,0,0,0,0,0,0,0,0,0,0,0,0,0,0,0,0,0,0,0,0,0,0,81,0,0,0,0,0,0,0,0,0,0,0,0,0,0,0,0,0,0,0,0,0,0,0,0,0,0,0,0,0,0,0,0,0,0,0,0,0,0,0,0,0,0,0,0,0,0,0,0,0,0,0,0,0,0,0,0,0,0,0,0,0,0,0,15,0,0,0,0,0,0,0,0,0,0,0,0,0,0,0,0,0,0,0,0,0,0,0,0,0,0,0,0,0,0,0,0,0,0,0,0,0,0,0,0,0,0,0,0,0,0,0,0,0,0,0,0,0,0,0,0,0,0,0,0,0,0,0,0,0,0,0,0,0,0,0,0,0,0,0,0,0,0,0,0,0,0,0,0,0,0,0,0,0,0,0,0,0,0,0,0,0,0,0,0,0,0,0,0,0,0,0,0,0,0,0,0,22,0,0,0,0,0,0,0,0,0,0,0,0,4,0,0,0,0,0,0,0,0,0,0,0,0,0,0,0,0,0,0,0,20,18,0,0,0,0,0,0,0,0,0,0,0,0,0,0,0,0,0,0,0,0,0,0,0,0,0,0,0,0,0,0,0,0,0,0,0,0,0,0,0,0,0,0,0,0,0,0,0,0,0,0,0,0,0,0,0,0,0,0,0,0,0,0,0,0,0,0,0,0,0,0,0,0,0,0,0,0,0,0,0
"ERR3416871",148,0,0,110,817,163,721,0,0,0,0,0,0,403,3173,306,1186,0,1855,0,0,847,3379,54,6,108,0,0,0,0,39,85,55,17,15,53,342,0,0,83,34,1060,1902,0,0,0,31,0,493,0,38,0,0,525,126,0,933,0,146,0,0,14,78,0,0,0,127,110,79,19,0,9,3,23,270,0,0,347,0,0,886,37,0,0,0,0,0,0,55,0,0,0,301,0,0,0,0,110,0,0,16,0,0,8,14,0,106,0,0,0,44,158,0,0,154,0,0,0,146,0,17,0,0,0,68,0,0,0,0,0,0,0,0,0,0,0,0,0,0,20,89,0,0,0,0,0,0,0,0,0,0,0,14,0,0,0,0,0,0,0,0,0,0,0,0,0,0,0,0,0,0,0,0,0,0,0,0,0,0,0,17,0,31,0,0,0,0,34,0,0,0,0,0,0,0,0,0,0,0,7,0,0,0,154,0,0,0,0,0,0,0,0,0,0,0,0,0,0,0,0,0,0,0,0,0,0,0,0,0,0,0,0,0,0,69,0,0,0,65,0,0,0,0,0,54,0,0,0,0,0,0,0,0,0,0,0,0,0,0,0,0,0,0,0,0,0,0,0,0,0,0,0,0,0,0,0,0,0,0,0,0,0,0,0,0,0,0,0,0,0,0,0,0,0,0,0,0,0,0,0,0,0,0,0,0,0,0,0,0,0,0,0,0,0,0,0,0,0,0,0,0,0,0,0,0,0,0,0,0,0,0,0,0,0,0,0,0,0,0,0,0,0,0,0,0,0,0,0,0,0,0,0,0,0,0,0,0,0,0,0,0,0,0,0,0,0,0,0,0,0,0,0,0,0,0,0,0,0,0,0,0,0,0,0,0,0,0,0,0,0,0,0,0,0,0,0,0,0,0,0,0,0,0,0,0,0,0,0,0,0,0,0,0,0,0,0,0,0,0,0,0,0,0,0,0,0,0,0,0,0,0,0,0,0,0,0,0,0,0,0,0,0
"ERR3416872",59,0,0,0,4437,0,0,0,0,0,12,0,0,1514,84,1395,3476,0,1146,0,0,7,2668,0,0,78,0,0,0,0,0,0,0,0,0,73,0,0,0,0,0,0,445,4,0,0,0,0,0,0,0,0,0,676,0,0,15,0,0,0,0,0,0,0,0,0,5,69,0,490,0,0,5,0,5,0,0,139,0,0,22,0,0,0,0,0,0,0,0,0,0,34,116,0,0,0,0,329,0,0,58,0,0,0,0,0,4,0,0,0,0,0,0,0,0,0,0,0,0,0,2,0,0,0,0,0,0,0,43,0,0,0,0,0,0,0,0,0,0,0,0,0,0,0,0,0,0,0,0,0,0,0,0,0,0,0,0,0,0,0,0,0,0,0,0,0,0,0,0,0,0,0,0,0,0,0,0,0,0,0,0,0,0,0,0,0,0,0,0,0,0,0,0,0,0,0,0,0,0,0,0,0,0,0,0,0,0,0,0,0,0,0,0,0,0,0,0,0,0,0,0,0,0,0,0,0,0,0,0,0,0,0,0,0,0,0,0,0,0,0,0,0,0,0,0,0,0,0,0,0,0,0,0,0,0,0,0,0,0,0,0,0,0,0,0,0,0,0,0,0,0,0,0,0,0,0,0,0,0,0,0,0,0,0,0,0,0,0,0,0,0,0,0,0,0,0,0,0,0,0,0,0,0,0,0,0,0,0,0,0,0,0,0,0,0,0,0,0,0,0,0,0,0,0,0,0,0,0,0,0,0,0,0,0,0,0,0,0,0,0,0,0,0,0,0,0,0,0,0,0,0,0,0,0,0,0,0,0,0,0,0,0,0,0,0,0,0,0,0,0,0,0,0,0,0,0,0,0,0,0,0,0,0,0,0,0,0,0,0,0,0,0,0,0,0,0,0,0,0,0,0,0,0,0,0,0,0,0,0,0,0,0,0,0,0,0,0,0,0,0,0,0,0,0,0,0,0,0,0,0,0,0,0,0,0,0,0,0,0,0,0,0
"ERR3416873",0,0,0,0,9578,21,7,0,0,2,0,0,0,1295,851,404,3962,0,1106,0,0,0,2507,0,0,0,0,0,0,0,0,0,0,0,0,150,19,0,0,0,0,0,613,19,0,0,24,0,49,0,0,0,0,1189,0,0,110,0,0,0,0,0,0,0,0,0,20,219,0,751,0,0,5,0,0,0,0,181,0,0,344,0,0,0,0,0,0,0,0,0,0,91,231,0,0,0,0,1649,0,0,69,0,0,0,0,0,31,0,0,0,0,0,0,0,87,0,0,0,0,0,8,0,0,0,16,0,0,0,44,0,0,0,0,0,0,9,0,0,0,0,0,0,0,0,0,0,0,0,0,0,0,0,0,0,0,0,0,0,0,0,0,0,0,0,0,0,0,0,0,0,0,0,0,0,0,0,0,0,0,0,0,0,0,0,0,0,0,0,0,0,0,0,0,0,0,0,0,0,0,0,0,0,0,0,0,0,0,0,0,0,0,0,0,0,0,0,0,0,0,0,0,0,0,0,0,0,0,0,0,0,0,0,0,0,0,0,0,0,0,0,0,0,0,0,0,0,0,0,0,0,0,0,0,0,0,0,0,0,0,0,0,0,0,0,0,0,0,0,0,0,0,0,0,0,0,0,0,0,0,0,0,0,0,0,0,0,0,0,0,0,0,0,0,0,0,0,31,0,0,0,0,0,0,0,0,0,0,0,0,0,0,0,0,0,0,0,0,0,0,0,0,0,0,0,0,0,0,0,0,0,0,0,0,0,0,0,0,0,0,0,0,0,0,0,0,0,0,0,0,0,0,0,0,0,0,0,0,0,0,0,0,0,0,0,0,0,0,0,0,0,0,0,0,0,0,0,0,0,0,0,0,0,0,0,0,0,0,0,0,0,0,0,0,0,0,0,0,0,0,0,0,0,0,0,0,0,0,0,0,0,0,0,0,0,0,0,0,0,0,0,0,0,0,0,0,0,0,0,0,0,0,0,0,0,0,0,0,0,0,0,0,0
