"Source_Row","Record_Key","Project_ID","Run_ID","BioSample_ID","Patient_ID","Specimen_ID","Sample_Alias","Sample_Type","Phenotype","Control_Type","Primary_Sample_Flag","Timepoint_Raw","Timepoint_Day","Timepoint_Order","Time_Anchor","Intervention","Intervention_Arm","Organ_Dysfunction_Type","Organ_Dysfunction_Status","Analysis_Role","Dataset_Split","Include_Flag","Review_Status","Label_Source","Label_Confidence","Exclusion_Reason","QC_Status","Notes","Source_Sheet","Raw_Final_Depth","Cleaned_Target_Depth","Removed_Reads","Removed_Read_Proportion","Taxonomy_Cleaning_Version","Genus_Data_Version","Freeze_Set","Genus__Enterococcus|Family__Enterococcaceae","Genus__Escherichia-Shigella|Family__Enterobacteriaceae","Genus__Bacteroides|Family__Bacteroidaceae","Genus__Mediterraneibacter|Family__Lachnospiraceae","Genus__Haemophilus|Family__Pasteurellaceae","Genus__Akkermansia|Family__Akkermansiaceae","Genus__Enterobacter|Family__Enterobacteriaceae","Genus__Ruthenibacterium|Family__Ruminococcaceae","Genus__Veillonella|Family__Veillonellaceae","Genus__[Clostridium] innocuum group|Family__Erysipelotrichaceae","Genus__Segatella|Family__Prevotellaceae","Genus__[Ruminococcus] gnavus group|Family__Lachnospiraceae","Genus__Gemmiger|Family__Ruminococcaceae","Genus__Enterocloster|Family__Lachnospiraceae","Genus__Alistipes|Family__Rikenellaceae","Genus__Parabacteroides|Family__Tannerellaceae","Genus__Faecalibacterium|Family__Ruminococcaceae","Genus__CAG-352|Family__Ruminococcaceae","Genus__Lachnospira|Family__Lachnospiraceae","Genus__Abiotrophia|Family__Aerococcaceae","Genus__Fusobacterium|Family__Fusobacteriaceae","Genus__Lachnospiraceae NK4A136 group|Family__Lachnospiraceae","Genus__Barnesiella|Family__Barnesiellaceae","Genus__Fenollaria|Family__Family XI","Genus__Roseburia|Family__Lachnospiraceae","Genus__Phascolarctobacterium|Family__Acidaminococcaceae","Genus__Proteus|Family__Morganellaceae","Genus__UCG-002|Family__Oscillospiraceae","Genus__Parasutterella|Family__Sutterellaceae","Genus__Clostridium|Family__Clostridiaceae","Genus__Bifidobacterium|Family__Bifidobacteriaceae","Genus__Dialister|Family__Veillonellaceae","Genus__Leyella|Family__Prevotellaceae","Genus__Campylobacter|Family__Campylobacteraceae","Genus__Holdemanella|Family__Erysipelotrichaceae","Genus__[Eubacterium] siraeum group|Family__Ruminococcaceae","Genus__Hungatella|Family__Lachnospiraceae","Genus__Klebsiella|Family__Enterobacteriaceae","Genus__Lactobacillus|Family__Lactobacillaceae","Genus__Agathobacter|Family__Lachnospiraceae","Genus__Anaerostipes|Family__Lachnospiraceae","Genus__Fusicatenibacter|Family__Lachnospiraceae","Genus__Eisenbergiella|Family__Lachnospiraceae","Genus__Sellimonas|Family__Lachnospiraceae","Genus__Thomasclavelia|Family__Erysipelatoclostridiaceae","Genus__Finegoldia|Family__Family XI","Genus__Oscillospira|Family__Oscillospiraceae","Genus__Anoxybacillus|Family__Bacillaceae","Genus__Ruminococcus|Family__Ruminococcaceae","Genus__Megamonas|Family__Selenomonadaceae","Genus__Massiliomicrobiota|Family__Erysipelatoclostridiaceae","Genus__Bilophila|Family__Desulfovibrionaceae","Genus__Erysipelotrichaceae UCG-003|Family__Erysipelatoclostridiaceae","Genus__Stenotrophomonas|Family__Lysobacteraceae","Genus__Acutalibacter|Family__Ruminococcaceae","Genus__Catenibacterium|Family__Erysipelatoclostridiaceae","Genus__Dielma|Family__Erysipelotrichaceae","Genus__Blautia|Family__Lachnospiraceae","Genus__[Eubacterium] eligens group|Family__Lachnospiraceae","Genus__[Eubacterium] ruminantium group|Family__Lachnospiraceae","Genus__Collinsella|Family__Coriobacteriaceae","Genus__Christensenellaceae R-7 group|Family__Christensenellaceae","Genus__Porphyromonas|Family__Porphyromonadaceae","Genus__Anaerococcus|Family__Family XI","Genus__Paraprevotella|Family__Prevotellaceae","Genus__Coprobacter|Family__Barnesiellaceae","Genus__Ligilactobacillus|Family__Lactobacillaceae","Genus__Acinetobacter|Family__Moraxellaceae","Genus__Dorea|Family__Lachnospiraceae","Genus__Sutterella|Family__Sutterellaceae","Genus__Fournierella|Family__Ruminococcaceae","Genus__[Eubacterium] ventriosum group|Family__Lachnospiraceae","Genus__Anaerotruncus|Family__Ruminococcaceae","Genus__Coprococcus|Family__Lachnospiraceae","Genus__Anaerobutyricum|Family__Lachnospiraceae","Genus__Streptococcus|Family__Streptococcaceae","Genus__Peptoniphilus|Family__Family XI","Genus__Flavonifractor|Family__Oscillospiraceae","Genus__Eggerthella|Family__Eggerthellaceae","Genus__Tepidiphilus|Family__Hydrogenophilaceae","Genus__Prevotella|Family__Prevotellaceae","Genus__UCG-005|Family__Oscillospiraceae","Genus__Peptostreptococcus|Family__Peptostreptococcaceae","Genus__Ezakiella|Family__Family XI","Genus__Pseudocitrobacter|Family__Enterobacteriaceae","Genus__Gardnerella|Family__Bifidobacteriaceae","Genus__NK4A214 group|Family__Oscillospiraceae","Genus__Pseudomonas|Family__Pseudomonadaceae","Genus__Colidextribacter|Family__Oscillospiraceae","Genus__Holdemania|Family__Erysipelotrichaceae","Genus__Tyzzerella|Family__Lachnospiraceae","Genus__Butyricimonas|Family__Marinifilaceae","Genus__Prevotellaceae UCG-001|Family__Prevotellaceae","Genus__Comamonas|Family__Comamonadaceae","Genus__Lachnospiraceae UCG-010|Family__Lachnospiraceae","Genus__Odoribacter|Family__Marinifilaceae","Genus__Raoultella|Family__Enterobacteriaceae","Genus__Hoylesella|Family__Prevotellaceae","Genus__Schaalia|Family__Actinomycetaceae","Genus__Monoglobus|Family__Monoglobaceae","Genus__[Eubacterium] xylanophilum group|Family__Lachnospiraceae","Genus__Lachnospiraceae UCG-007|Family__Lachnospiraceae","Genus__Extibacter|Family__Lachnospiraceae","Genus__Pyramidobacter|Family__Synergistaceae","Genus__Anaeroplasma|Family__Acholeplasmataceae","Genus__UCG-003|Family__Oscillospiraceae","Genus__Agathobaculum|Family__Butyricicoccaceae","Genus__Clostridioides|Family__Peptostreptococcaceae","Genus__Corynebacterium|Family__Corynebacteriaceae","Genus__Faecalimonas|Family__Lachnospiraceae","Genus__Lachnoclostridium|Family__Lachnospiraceae","Genus__Murdochiella|Family__Family XI","Genus__Lachnospiraceae ND3007 group|Family__Lachnospiraceae","Genus__Coprobacillus|Family__Erysipelatoclostridiaceae","Genus__Aggregatibacter|Family__Pasteurellaceae","Genus__[Ruminococcus] gauvreauii group|Family__Lachnospiraceae","Genus__Weissella|Family__Lactobacillaceae","Genus__Lacticaseibacillus|Family__Lactobacillaceae","Genus__Oscillibacter|Family__Oscillospiraceae","Genus__Romboutsia|Family__Peptostreptococcaceae","Genus__Thermoanaerobacterium|Family__Family III","Genus__CAG-56|Family__Lachnospiraceae","Genus__S5-A14a|Family__Anaerovoracaceae","Genus__Faecalicatena|Family__Lachnospiraceae","Genus__Peptococcus|Family__Peptococcaceae","Genus__Megasphaera|Family__Veillonellaceae","Genus__Neobacillus|Family__Bacillaceae","Genus__Limosilactobacillus|Family__Lactobacillaceae","Genus__Desulfovibrio|Family__Desulfovibrionaceae","Genus__Salmonella|Family__Enterobacteriaceae","Genus__Ureaplasma|Family__Mycoplasmataceae","Genus__Intestinibacter|Family__Peptostreptococcaceae","Genus__Caproiciproducens|Family__Ruminococcaceae","Genus__Lancefieldella|Family__Atopobiaceae","Genus__Methanobrevibacter|Family__Methanobacteriaceae","Genus__Intestinimonas|Family__Oscillospiraceae","Genus__Robinsoniella|Family__Lachnospiraceae","Genus__Schleiferilactobacillus|Family__Lactobacillaceae","Genus__Sneathia|Family__Leptotrichiaceae","Genus__Paludicola|Family__Ruminococcaceae","Genus__Family XIII AD3011 group|Family__Anaerovoracaceae","Genus__Lactiplantibacillus|Family__Lactobacillaceae","Genus__Alloprevotella|Family__Prevotellaceae","Genus__Merdibacter|Family__Erysipelotrichaceae","Genus__Kallipyga|Family__Family XI","Genus__Citrobacter|Family__Enterobacteriaceae","Genus__Anaeroglobus|Family__Veillonellaceae","Genus__Leuconostoc|Family__Lactobacillaceae","Genus__Lachnospiraceae UCG-003|Family__Lachnospiraceae","Genus__[Eubacterium] brachy group|Family__Anaerovoracaceae","Genus__Ralstonia|Family__Burkholderiaceae","Genus__Lachnospiraceae UCG-004|Family__Lachnospiraceae","Genus__Lachnospiraceae UCG-002|Family__Lachnospiraceae","Genus__Rikenellaceae RC9 gut group|Family__Rikenellaceae","Genus__Howardella|Family__Lachnospiraceae","Genus__CAG-196|Family__Gastranaerophilaceae","Genus__Zag_111|Family__Gastranaerophilaceae","Genus__Fructilactobacillus|Family__Lactobacillaceae","Genus__Family XIII UCG-001|Family__Anaerovoracaceae","Genus__Solobacterium|Family__Erysipelotrichaceae","Genus__Staphylococcus|Family__Staphylococcaceae","Genus__Aerococcus|Family__Aerococcaceae","Genus__CHKCI001|Family__Lachnospiraceae","Genus__Mobiluncus|Family__Actinomycetaceae","Genus__Lachnospiraceae FCS020 group|Family__Lachnospiraceae","Genus__Varibaculum|Family__Actinomycetaceae","Genus__Asaccharobacter|Family__Eggerthellaceae","Genus__Turicibacter|Family__Erysipelotrichaceae","Genus__Morganella|Family__Morganellaceae","Genus__Cronobacter|Family__Enterobacteriaceae","Genus__Fastidiosipila|Family__Oscillospiraceae","Genus__Phocea|Family__Ruminococcaceae","Genus__Senegalimassilia|Family__Eggerthellaceae","Genus__Adlercreutzia|Family__Eggerthellaceae","Genus__Parvimonas|Family__Family XI","Genus__Christensenella|Family__Christensenellaceae","Genus__Thermosinus|Family__Sporomusaceae","Genus__Eikenella|Family__Neisseriaceae","Genus__Actinobacillus|Family__Pasteurellaceae","Genus__Negativibacillus|Family__Ruminococcaceae","Genus__Subdoligranulum|Family__Ruminococcaceae","Genus__GCA-900066575|Family__Lachnospiraceae","Genus__Shuttleworthia|Family__Lachnospiraceae","Genus__Marvinbryantia|Family__Lachnospiraceae","Genus__[Clostridium] methylpentosum group|Family__Ruminococcaceae","Genus__Negativicoccus|Family__Veillonellaceae","Genus__Aeromonas|Family__Aeromonadaceae","Genus__FD2005|Family__Lachnospiraceae","Genus__Kosakonia|Family__Enterobacteriaceae","Genus__Faecalitalea|Family__Erysipelotrichaceae","Genus__Massiliprevotella|Family__Prevotellaceae","Genus__W5053|Family__Family XI","Genus__[Enterobacter]|Family__Morganellaceae","Genus__Stomatobaculum|Family__Lachnospiraceae","Genus__Rothia|Family__Micrococcaceae","Genus__Neisseria|Family__Neisseriaceae","Genus__Allisonella|Family__Veillonellaceae","Genus__Eubacterium|Family__Eubacteriaceae","Genus__TM7x|Family__Saccharimonadaceae","Genus__Rarimicrobium|Family__Synergistaceae","Genus__Butyrivibrio|Family__Lachnospiraceae","Genus__Oxalobacter|Family__Oxalobacteraceae","Genus__Gordonibacter|Family__Eggerthellaceae","Genus__Gemella|Family__Gemellaceae","Genus__Allomeiothermus|Family__Thermaceae","Genus__Murimonas|Family__Lachnospiraceae","Genus__Facklamia|Family__Aerococcaceae","Genus__Acidaminococcus|Family__Acidaminococcaceae","Genus__Angelakisella|Family__Ruminococcaceae","Genus__Atopobium|Family__Atopobiaceae","Genus__Leptotrichia|Family__Leptotrichiaceae","Genus__Faecalicoccus|Family__Erysipelotrichaceae","Genus__UCG-009|Family__Butyricicoccaceae","Genus__Plesiomonas|Family__Enterobacteriaceae","Genus__Macellibacteroides|Family__Tannerellaceae","Genus__Mogibacterium|Family__Anaerovoracaceae","Genus__Criibacterium|Family__Peptostreptococcaceae","Genus__Cloacibacillus|Family__Synergistaceae","Genus__Terrisporobacter|Family__Peptostreptococcaceae","Genus__Absiella|Family__Erysipelotrichaceae","Genus__[Eubacterium] oxidoreducens group|Family__Lachnospiraceae","Genus__Thermus|Family__Thermaceae","Genus__HT002|Family__Lactobacillaceae","Genus__F0332|Family__Actinomycetaceae","Genus__Tractidigestivibacter|Family__Atopobiaceae","Genus__Eremococcus|Family__Aerococcaceae","Genus__Defluviitaleaceae UCG-011|Family__Defluviitaleaceae","Genus__Achromobacter|Family__Alcaligenaceae","Genus__Selenomonas|Family__Selenomonadaceae","Genus__Latilactobacillus|Family__Lactobacillaceae","Genus__Moryella|Family__Lachnospiraceae","Genus__DTU089|Family__Ruminococcaceae","Genus__Candidatus Soleaferrea|Family__Ruminococcaceae","Genus__Rhodococcus|Family__Nocardiaceae","Genus__Raoultibacter|Family__Coriobacteriales Incertae Sedis","Genus__Berryella|Family__Eggerthellaceae","Genus__ASF356|Family__Lachnospiraceae","Genus__Anaerotignum|Family__Lachnospiraceae","Genus__Enhydrobacter|Family__Moraxellaceae","Genus__Synergistes|Family__Synergistaceae","Genus__Pseudoramibacter|Family__Eubacteriaceae","Genus__Acetanaerobacterium|Family__Ethanoligenenaceae","Genus__Weizmannia|Family__Bacillaceae","Genus__Lactococcus|Family__Streptococcaceae","Genus__Lautropia|Family__Burkholderiaceae","Genus__[Eubacterium] sulci group|Family__Anaerovoracaceae","Genus__Faecalibaculum|Family__Erysipelotrichaceae","Genus__Ndongobacter|Family__Family XI","Genus__Gleimia|Family__Actinomycetaceae","Genus__Butyricicoccus|Family__Butyricicoccaceae","Genus__Catenisphaera|Family__Erysipelotrichaceae","Genus__Pseudoleptotrichia|Family__Leptotrichiaceae","Genus__Caulobacter|Family__Caulobacteraceae","Genus__Parasegetibacter|Family__Chitinophagaceae","Genus__Slackia|Family__Eggerthellaceae","Genus__Hydrogenoanaerobacterium|Family__Ruminococcaceae","Genus__Cutibacterium|Family__Propionibacteriaceae","Genus__Victivallis|Family__Victivallaceae","Genus__Lachnospiraceae FE2018 group|Family__Lachnospiraceae","Genus__Arcanobacterium|Family__Actinomycetaceae","Genus__Delftia|Family__Comamonadaceae","Genus__Deinococcus|Family__Deinococcaceae","Genus__Acidovorax|Family__Comamonadaceae","Genus__Branchiibius|Family__Dermacoccaceae","Genus__Lachnospiraceae XPB1014 group|Family__Lachnospiraceae","Genus__Johnsonella|Family__Lachnospiraceae","Genus__Mitsuokella|Family__Selenomonadaceae","Genus__Helcococcus|Family__Family XI","Genus__Gordonia|Family__Nocardiaceae","Genus__Fretibacterium|Family__Synergistaceae","Genus__Scardovia|Family__Bifidobacteriaceae","Genus__Companilactobacillus|Family__Lactobacillaceae","Genus__Sporolituus|Family__Sporomusaceae","Genus__Pediococcus|Family__Lactobacillaceae","Genus__Sediminibacterium|Family__Chitinophagaceae","Genus__Anaerofustis|Family__Anaerofustaceae","Genus__Muribaculum|Family__Muribaculaceae","Genus__Actinomyces|Family__Actinomycetaceae","Genus__Tepidimonas|Family__Comamonadaceae","Genus__Oligella|Family__Alcaligenaceae","Genus__Thermomonas|Family__Lysobacteraceae","Genus__Phocaeicola|Family__Incertae Sedis","Genus__Candidatus Saccharimonas|Family__Saccharimonadaceae","Genus__Endobacterium|Family__Rhizobiaceae","Genus__Tepidicella|Family__Comamonadaceae","Genus__Mailhella|Family__Desulfovibrionaceae","Genus__Chryseobacterium|Family__Weeksellaceae","Genus__Paracoccus|Family__Paracoccaceae","Genus__Geobacillus|Family__Bacillaceae"
2147,"PRJNA691455|SRR13423224","PRJNA691455","SRR13423224","SAMN17293354","PRJNA691455_S4","PRJNA691455_S4_1","NY35H13006FFO011","Stool","Sepsis",NA,"Yes","Day 1",1,1,"ICU_admission","None",NA,NA,NA,"Core_case_control","Development","Include","Confirmed","API + paper","High",NA,"PASS","SRA labels the first sepsis sample as Day 1; paper describes admission/0d. Raw label retained.","Core_Case_Control",36589,36503,86,0.0023504331903031,"uniform_target_Bacteria_Archaea_v1","rerun_v2_R1_single_end","Project_Final_Nonzero",0.839574829466071,0.0842944415527491,0.00131496041421253,0.000219160069035422,0,0.000246555077664849,0.00213681067309536,5.47900172588554e-05,0.000493110155329699,0,0,0,0.00172588554365395,0.00865682272689916,0,0.000849245267512259,8.21850258882831e-05,0,0,0.000767060241623976,0,2.73950086294277e-05,0,0,0,0,0,0.000136975043147139,0,0,0.0126564939867956,0,0,0,0,0,0,0.000520505163959127,0,8.21850258882831e-05,0.000136975043147139,0,0,8.21850258882831e-05,0.00271210585431334,0,0,0.00671177711420979,0,0,0,2.73950086294277e-05,0,0,0,0,0,0.00134235542284196,0,0,0,0,0,0,0,0,0.000438320138070844,0,0,0,0,0,0,0.000520505163959127,0.000465715146700271,0.000986220310659398,0,0,0.00219160069035422,0.00293126592334877,0,0,0.000136975043147139,0,0,0,0,0,0,0,0,0,0,0,0,0,0,0,0.00391748623400816,5.47900172588554e-05,0,0,0,0,0,0,0,0,0.000493110155329699,0.000273950086294277,0,0,0,0,0,0,0.0123825439005013,0,0,8.21850258882831e-05,0.00153412048324795,0,0,0,0,0,0.000876640276141687,0,0,0,0,0,5.47900172588554e-05,0,0,0,0,0,0,0,0.000136975043147139,0,0,0,0,0,0,0,0,0,0,0,0,0,0,0,0,0,0,0.000219160069035422,0.000109580034517711,0,0,0,0,0,0,0,0,0,0,0,0,0,0,2.73950086294277e-05,0,0,0,0,0,0,0,0,0,0,0,0,0,0,0,0,0,0,0.000821850258882832,0,0,0,0,0,0,0,0,0,5.47900172588554e-05,0,0,0,0,0,0,0,0,0,0,0,0,0,0,0,0,0.000136975043147139,0,0,0,0,0,0,0,0,0,0,0,0,0,0,0,0,0,0,0,0,0,0,0,0,0,0,0,0.000273950086294277,0,0,0,0,0,0,0,0,0,0,0,0,0,0,0,0,0,0,0,0,0,0,0,0,0,0,0,0,0,0,0,0,0,0,0,0,0,0,0
2149,"PRJNA691455|SRR13423226","PRJNA691455","SRR13423226","SAMN17293352","PRJNA691455_S3","PRJNA691455_S3_1","NY35H13004FFO011","Stool","Sepsis",NA,"Yes","Day 1",1,1,"ICU_admission","None",NA,NA,NA,"Core_case_control","Development","Include","Confirmed","API + paper","High",NA,"PASS","SRA labels the first sepsis sample as Day 1; paper describes admission/0d. Raw label retained.","Core_Case_Control",47008,47008,0,0,"uniform_target_Bacteria_Archaea_v1","rerun_v2_R1_single_end","Project_Final_Nonzero",0.16127042205582,0.00019145677331518,0.127956943498979,0.00676480599046971,0.0226131722260041,0.000574370319945541,0,0,0.0539908100748809,0.0902186861810756,0,0.0493320285908781,0.000446732471068754,0.00170183798502383,0.0127637848876787,0.0474387338325391,0.0255488427501702,0,0,0,0.0029782164737917,0,0,0.0010211027910143,0,0.0220600748808713,0,0.0864746426140231,0.000276548672566372,0,0.00255275697753574,0.0179756637168142,0,0.000382913546630361,0,0,0.0620107215793056,0,0,0,0,0.00214857045609258,4.25459496255956e-05,0,0.000850918992511913,0.0125297821647379,0,0.00444605173587474,0,0,0,0.00125510551395507,0.000787100068073519,0,0,0,0,0.00633934649421375,0,0,0.0186563989108237,0,0.00214857045609258,0.0245702859087815,0,0,0.00433968686181076,0,0.0028931245745405,0,0,0,0.00495660313138189,0.000340367597004765,0,0.00499914908100749,0.0129126957113683,0.00455241660993873,0.0116575901974132,0.00148910823689585,0.000510551395507148,0.000170183798502383,0.00110619469026549,0.00110619469026549,0,0,0,0,6.38189244383935e-05,0,0,0.00019145677331518,0,0,0.000106364874063989,0.00168056501021103,0,0.0119341388699796,0.0109768550034037,0,0,0,0.000574370319945541,0.000468005445881552,0,0.000999829816201498,0.000787100068073519,0,0.00704135466303608,0,0.00144656228727025,0.000531824370319946,0,0,0,0.00261657590197413,0,0,0,0,0.000936010891763104,8.50918992511913e-05,0.00572243022464261,0.000106364874063989,0.000999829816201498,0,0.000638189244383935,0,0,0,0,0,0,0.000510551395507148,0,0,0,0,0,0,0.00268039482641253,0,0.000148910823689585,0,0,0,0,0,0,0,0,0,0,0,0.00123383253914227,0,0,0,0,0.00253148400272294,0,0,0,0,0,0.00408441116405718,0,0,0,0,0,0,0,0.00180820285908781,0,0,0,0,0,0,0,0,0,0,0,0.00140401633764466,0,0,0,0,0,0,0,0,0,0,0,0,0.000106364874063989,0,0,0.000276548672566372,0.000595643294758339,0,0.000106364874063989,0,0,0,0,0,0,0,0,0,0,0,0,0,0,0,0.000170183798502383,0,0,0,0,0,0,0,0,0,0,0,0,0,0,0,0,0,0,0,0,0,0,0,0,0,0,0,0,0,0,0,0,0,0,0,0,0,0,0,0,0,0,0,0,0,0,0,0,0,0,0,8.50918992511913e-05,0,0,0,0,0,0,0,0,0,0,0,0,0,0,0,0
2151,"PRJNA691455|SRR13423228","PRJNA691455","SRR13423228","SAMN17293394","PRJNA691455_C10","PRJNA691455_C10","17EPI2598FFO01","Stool","Healthy_control","Healthy","Yes","Baseline/one-time sample",NA,1,"Unresolved","None",NA,NA,NA,"Core_case_control","Development","Include","Confirmed","API + paper","High",NA,"PASS","Healthy comparator.","Core_Case_Control",80294,80294,0,0,"uniform_target_Bacteria_Archaea_v1","rerun_v2_R1_single_end","Project_Final_Nonzero",0,0.00275238498517947,0.36538222034025,0.00139487383864299,0.000311355767554238,0.000386081151767255,0.0026153884474556,0.00113333499389743,0.000921613071960545,0,0.000423443843873764,8.71796149151867e-05,0.0404637955513488,0.00387326574837472,0.0512367051087254,0.0116322514758263,0.0598176700625202,0,0.0071113657309388,0,0,0.0341744090467532,0.00356190998082048,3.73626921065086e-05,0.0267267790868558,0.0306249532966349,0,0.0419333947742048,0.00605275612125439,7.47253842130172e-05,0.00123296883951478,6.22711535108476e-05,0,0,0,0.00792089072657982,2.49084614043391e-05,0.000560440381597629,0,0.0144593618452188,0.0130146710837672,0.00124542307021695,0.00053553192019329,0,0,0,0.00027399307544773,0,0.0165765810645876,0.00457070266769622,0,0.001469599222856,0.0055172242010611,0,0.000946521533364884,0,6.22711535108476e-05,0.00719854534585399,0.00311355767554238,0,0.000946521533364884,0.0371883328766782,0,0,0.0180586345181458,0.0168132114479289,0,0,0.0021670361421775,2.49084614043391e-05,0,0.0250080952499564,0.000224176152639051,0.00108351807108875,0.00271502229307296,0.00156923306847336,2.49084614043391e-05,0.00053553192019329,4.98169228086781e-05,0,0,0.00423443843873764,0,0,0.000423443843873764,0,0.00154432460706902,0,0,0.000136996537723865,0.00078461653423668,0.00122051460881261,0,0,0.00371136074924652,0.00443370612997235,0.000112088076319526,0,0,0.000996338456173562,0.00212967345007099,0.00185568037462326,0,0.000560440381597629,0,0.00265275113956211,0.000610257304406307,0,0,0.000435898074575933,0.00528059381771988,0,0.000697436919321494,4.98169228086781e-05,0,0.00079707076493885,0,0,0.000286447306149899,0,0,0,0,0,0,4.98169228086781e-05,0,0,1.24542307021695e-05,0.00396044536328991,0,0,0.000149450768426034,0,0,0.000410989613171594,0,0,0,0.000485714997384612,0.00027399307544773,0,0,0,0,0.00052307768949112,0,0,0,0,0,0,0,0,0,0,0,0,0.000448352305278103,0,0,0,0.000373626921065086,0,0.000398535382469425,0,0.000236630383341221,0,0,0,0,0,0,0,2.49084614043391e-05,0,0,0,0,0,0.000597803073704137,0,0,0,0,0,0,0,0,0,0,0,0,0,0,0,0,0,8.71796149151867e-05,0,0,0,0,0,0,0,0,0,0,0,0,0,0,0,0,0,0,0.000161904999128204,0,0,0,0,0,0,0,0,0,0,0,0,0,0,0,0,0,0,0,0,0,0,0,0,0,0,0,0,0,0,0,0,0,0,0,0,0,0,0,6.22711535108476e-05,0,0,0,0,0,0,0,0,0,0,0,0,0,0,0,4.98169228086781e-05,0,0,0,0,0,0,0,0,0,0,0,0,0,0,0
2152,"PRJNA691455|SRR13423229","PRJNA691455","SRR13423229","SAMN17293393","PRJNA691455_C9","PRJNA691455_C9","17EPI0253FFO01","Stool","Healthy_control","Healthy","Yes","Baseline/one-time sample",NA,1,"Unresolved","None",NA,NA,NA,"Core_case_control","Development","Include","Confirmed","API + paper","High",NA,"PASS","Healthy comparator.","Core_Case_Control",59475,59475,0,0,"uniform_target_Bacteria_Archaea_v1","rerun_v2_R1_single_end","Project_Final_Nonzero",0,0.00790248003362757,0.00430432955023119,0.00216897856242119,0.000840689365279529,0,0,0,0.000100882723833544,0,0.576006725514922,0,0.00899537620849096,0.0165952080706179,0.000201765447667087,0.00028583438419504,0.0229340058848256,0.000184951660361496,0.01437578814628,0,0,0.000184951660361496,1.68137873055906e-05,0,8.40689365279529e-05,0.0506935687263556,0,0.000168137873055906,0.00220260613703237,0.00292559899117276,0.0175199663724254,0,0,0,0,0,0,0,0,0.00163093736864229,0.00354770912147961,0.00109289617486339,0,0,0.000891130727196301,0,0,0,0,0.138444724674233,0,5.04413619167718e-05,0.000554854981084489,0,0.000891130727196301,0,0,0.00284153005464481,1.68137873055906e-05,0,0.0042875157629256,6.72551492223623e-05,0,0,0,0,0.00652374947456915,0,0.0019672131147541,0,0,0,0,0.000184951660361496,0.000807061790668348,0.000470786044556536,0,5.04413619167718e-05,0,0,0,0.000134510298444725,0,0,0,0,5.04413619167718e-05,0,0,0,0,0,0,0,0.000235393022278268,0,0,0,0,0,0,0.00193358554014292,0,0,0,0,0.00110970996216898,0,0,0.000151324085750315,0,0,0.000252206809583859,0,0,0.000151324085750315,0.00116015132408575,0,0,0.00420344682639765,0,0,0,0,0,8.40689365279529e-05,0,0,0,0,0,0.000302648171500631,0,0,0,0.000100882723833544,0,0,0,0,0,0,0,0,0,0,0,0,0,0,0,0,0,0,0,0,0,0.00233711643547709,0,0,0,0,0,0,0,0,0,0.000168137873055906,0,0,0,0,0.000252206809583859,0,0,0,0,0,0,0,0,0,0,0,0,0,0,0,0,0,0,0,0,0,0,0,0.000184951660361496,0,0,0,0,0,0,0,0,0,0,0,0,0,0,0,0,0,0,0,0,0,0,0,0,0,0,0,0,0,0,0,0,0,0,0,0,0.000252206809583859,0,0,0,0,0,0,0,0,0,0,0,0,0,0,0,0,0,0,0,0,0,0,0,0,0,0,0,0,0,0,0,0,0,0,0,0,0,8.40689365279529e-05,0,0,0,0,0,0,0,0,0,0,0,0,0,0,0,0,0
2153,"PRJNA691455|SRR13423230","PRJNA691455","SRR13423230","SAMN17293392","PRJNA691455_C8","PRJNA691455_C8","17EPI2121FFO01","Stool","Healthy_control","Healthy","Yes","Baseline/one-time sample",NA,1,"Unresolved","None",NA,NA,NA,"Core_case_control","Development","Include","Confirmed","API + paper","High",NA,"PASS","Healthy comparator.","Core_Case_Control",61072,60900,172,0.00281634791721247,"uniform_target_Bacteria_Archaea_v1","rerun_v2_R1_single_end","Project_Final_Nonzero",0.000804597701149425,0.132594417077176,0.013136288998358,0.0164039408866995,0.000525451559934319,6.56814449917898e-05,0.000640394088669951,0,0.0940886699507389,0.00651888341543514,0.000147783251231527,0.0457635467980296,0.000197044334975369,0.00786535303776683,9.85221674876847e-05,0.000591133004926108,0.000459770114942529,0,0.149326765188834,0,0,0,0,1.64203612479475e-05,0.000197044334975369,3.28407224958949e-05,0.000197044334975369,0,0.0720361247947455,0.00371100164203612,0.0526108374384236,0,0,0,0,0,0,0.00328407224958949,0.000525451559934319,0.000426929392446634,0.0547454844006568,0.0511165845648604,0,0,0.00451559934318555,0,0,0,0,0,0,0,0,0,0.00169129720853859,0,0,0.0378489326765189,0.00152709359605911,0,0,0,0,0,0,0,0.0113464696223317,0,0,0.00134646962233169,0.000213464696223317,1.64203612479475e-05,4.92610837438424e-05,3.28407224958949e-05,4.92610837438424e-05,0.00316912972085386,0,0.0144170771756979,0.00013136288998358,0,0,0,0,0,0,0,0,0,0,0,0.0102627257799672,0,0,0,0,0,0,0,0,0,0,0,0.00865353037766831,0,0,0,9.85221674876847e-05,0,0,0.00203612479474548,0,0,0.0064367816091954,1.64203612479475e-05,0,0,0.000476190476190476,0,0,0,0,0,0,0,0,0,0,0.00124794745484401,0,0,0,0,0,0,0,3.28407224958949e-05,0,0,0,0,0,0,0,0,0,0,0,0,0,0,0,0,0,0,0,0,0,0,0,0.000147783251231527,0,0,0,0,0,0,0,0.00164203612479475,0,0,0,0,0,0,0,0,0,0,0,0,0,0,0,0,0,0,0,0,0,0,0,0,0,0,0,0,0,0,0.000755336617405583,0,0,0,0,9.85221674876847e-05,0,0,0,0,0,0,0,0,0,0,0,0,0,0,0,0,0,0,0,0,0,0,0,0,0,3.28407224958949e-05,0,0,0,4.92610837438424e-05,0,0,0,0,0,0,0,0,0,0,0,0,0,0,0,0,0,0,0,0,0,0,0,0,0,0,0,0,0,0,0,0,0,0,0,0,0,0,0,0,0,0,0,0,0,0,0,0,0,0,0,0,0,0,0
2154,"PRJNA691455|SRR13423231","PRJNA691455","SRR13423231","SAMN17293391","PRJNA691455_C7","PRJNA691455_C7","17EPI2181FFO01","Stool","Healthy_control","Healthy","Yes","Baseline/one-time sample",NA,1,"Unresolved","None",NA,NA,NA,"Core_case_control","Development","Include","Confirmed","API + paper","High",NA,"PASS","Healthy comparator.","Core_Case_Control",54314,54179,135,0.00248554700445557,"uniform_target_Bacteria_Archaea_v1","rerun_v2_R1_single_end","Project_Final_Nonzero",0,0.000387604053230957,0.254323630927112,0.00107052548035217,0,0.00574023145499179,0,9.2286679340704e-05,0,0,0.000276860038022112,0,0.0392587533915355,0.0111666882002252,0.0290887613281899,0.0280920651913103,0.14027575259787,0.00945015596448809,0.034478303401687,0,0,0.0335923512800162,0,0,0.056368703741302,0.0382435999187877,0,0.016519315601986,0.00900717990365271,0.000332232045626534,0.00514959670721128,1.84573358681408e-05,0,0,0,0.0186972812344266,0,0,0,0.00391295520404585,0.0019011055944185,0.000719836098857491,0.000258402702153971,0,0,0,0.00094132412927518,0,0.00494656601266173,0,0,0.00132892818250614,0.0027132283726167,0,0.00273168570848484,0,0,0.00490965134092545,0.0159655955259418,0.0223333764004504,0,0.0107975414828624,0,0,0,0,0,0,0.000756750770593773,0,0,0.000590634747780505,0.000129201351076986,0.0496502334852987,0.00284242972369368,0.000313774709758393,0,0.000276860038022112,0.000129201351076986,0,0,0.00400524188338655,0,0,0,0,0.00164270289226453,0,0.000535262740176083,0.00023994536628583,0.00431901659314495,0,0,0,0.00291625906716625,0.00354380848668303,0,0,0,0.00107052548035217,0.0110559441850163,0.00646006755384928,0,0,0,0.0065154395614537,0.0032115764410565,0,0,0.000332232045626534,0,0,0.00284242972369368,0,0,0.000387604053230957,0,0,0.00046143339670352,0.00022148803041769,0,0.00323003377692464,0,0,0.00022148803041769,0,0,0,1.84573358681408e-05,0,0,0.000129201351076986,0,0,0,0.000442976060835379,0,0,0,0.000129201351076986,0.00022148803041769,0,0,0,0,0,0,0,0.00315620443345208,0,0,0,0,0,0,0.00254711234980343,0,0,0.00023994536628583,0,0,0,0,0,0,0,0.000646006755384928,0,0,0,0,0,0,0,0,0,0,0,0,0,9.2286679340704e-05,0.000830580114066336,0.000535262740176083,0,0,0,0,0,0,0,0,0,0,0,0,0,0,0,0,0,0,0,0,0,0,0,0,0,0,0,0,0,0,0,0,0,0,0,0,0,0.000184573358681408,0,0,0,0,0,0,0,0,0,0,0,0,7.38293434725632e-05,0,0,0,0,0,0,0,0,0,0,0,0,0,0,0,0,0,0,0,0,0,0,0,0,0,0,0,0,0,0,0,0,0,0,0,0,0,0,0,0,0,0,0,0,0,0,0,0,0,0,0,0,0,0,0
2155,"PRJNA691455|SRR13423232","PRJNA691455","SRR13423232","SAMN17293390","PRJNA691455_C6","PRJNA691455_C6","17EPI0793FFO01","Stool","Healthy_control","Healthy","Yes","Baseline/one-time sample",NA,1,"Unresolved","None",NA,NA,NA,"Core_case_control","Development","Include","Confirmed","API + paper","High",NA,"PASS","Healthy comparator.","Core_Case_Control",57852,57852,0,0,"uniform_target_Bacteria_Archaea_v1","rerun_v2_R1_single_end","Project_Final_Nonzero",6.91419484201065e-05,0.0171126322339764,0.081138076470995,0.0124801216898292,0.00015556938394524,0.000916130816566411,0,0,0.000120998409735186,8.64274355251331e-05,0.413209569245661,0.000691419484201065,0.0231279817465256,0.0026619650141741,0.00127912604577197,0.00433865726336168,0.0779748323307751,0,0.00157297932655742,0,0,0.00140012445550716,0,0,0.0538615778192629,0.0361785245108207,0,5.18564613150799e-05,3.45709742100532e-05,0.00401023300836618,0.0522367420313904,0,0,0,0,0,0,0,0,0.0381317845536887,0.00537578648966328,0.00202240199128811,0,0,0.00010371292263016,1.72854871050266e-05,8.64274355251331e-05,0,0.00731176104542626,0.00010371292263016,0,0.000190140358155293,0.00209154393970822,0,0.000259282306575399,0,0,0.013655534812971,0.00542764295097836,0,0.010388577750121,0,0,0,0.000725990458411118,0,0.0109244278503768,0,0.00345709742100532,0.0121344119477287,0,0,0,0,0.00278296342390929,0.0011062711747217,0,0.00210882942681325,0,0,0,0,0,0,0,0,0,0,0.000691419484201065,0,0,0,0,0,0.000293853280785453,0.000138283896840213,0,0,0,0.000345709742100532,0,0.001296411532877,0,0,0,0.0021434004010233,0.00278296342390929,0,0,0.000293853280785453,0,0,0.000362995229205559,0,0,0.000535850100255825,0,0,0,0.000846988868146304,0,0,0,0,0,0.0150902302426882,0,0.00241996819470373,0.000397566203415612,0,0,0.00179769065892277,0,0,0,0.000432137177625666,0,0,0,0,0,0,0,0,0,0,0,0.000138283896840213,0,0,0,0.00191868906865795,0,0,0.00140012445550716,0,0,0,0,0,0,0,0,0,0.000466708151835719,0,0,0.00010371292263016,0,0,0,0,0.000587706561570905,0,0,0,0,0,0,0,0,0,0,0,0,0,0,0,0,0,0,0,0,0,0,0,0,0,5.18564613150799e-05,0,0,0,0,0,0,0,0,0,0,0,0,0,0,0,0,0,0,0,0,0,0,0,0,0,0,0,0,0,0,0,0,0,0,0.000120998409735186,0,0,0,0,0,0,0,0,0,0,0,0,0,0,0,0,0,0,0,0,0.00015556938394524,0,0,0,0,0,0,0,0,0,0,0,0,0,0,0,0,0,0,0,0,0,0,0,0,0,0,0,0,0,0,0,0,0,0
2156,"PRJNA691455|SRR13423233","PRJNA691455","SRR13423233","SAMN17293389","PRJNA691455_C5","PRJNA691455_C5","17EPI2167FFO01","Stool","Healthy_control","Healthy","Yes","Baseline/one-time sample",NA,1,"Unresolved","None",NA,NA,NA,"Core_case_control","Development","Include","Confirmed","API + paper","High",NA,"PASS","Healthy comparator.","Core_Case_Control",66628,66628,0,0,"uniform_target_Bacteria_Archaea_v1","rerun_v2_R1_single_end","Project_Final_Nonzero",6.00348201957135e-05,0.0725971063216666,0.153764183226271,0.00397730683796602,7.50435252446419e-05,0.02745092153449,0.000135078345440355,0.000300174100978568,6.00348201957135e-05,0,0,0,0.0553521042204479,0.00267154949870925,0.0215975265654079,0.00598847331452242,0.0528756678873747,0.0294620880110464,0.0478477516959837,0,0,0.00528306417722279,0.0137179564147205,0,0.019481299153509,0.0239989193732365,0,0.0396680074443177,0.0013207660443057,0.000585339496908207,0.00174100978567569,0,0,0,0.00514798583178243,0.0558624001921114,4.50261151467851e-05,0.000795461367593204,0,0.000315182806027496,0.00268655820375818,0.00844990094254668,0.000150087050489284,0,0,0,0.00112565287866963,0,0.0021162274118989,0.0144383742570691,0,0.00247643633307318,0.00270156690880711,0,0.000315182806027496,0,0,0.00709911748814312,0.00971063216665666,0.000240139280782854,0.00240139280782854,0.033949690820676,0,0,0.0162844449780873,0.000240139280782854,0,0,0.00231134057753497,0.00283664525424746,0.000330191511076424,0.000840487482739989,9.00522302935703e-05,0.00682896079726241,0.00280662784414961,4.50261151467851e-05,0,4.50261151467851e-05,7.50435252446419e-05,0,0,0.041919313201657,0,0,0,0,0.00502791619139101,0,0.00105060935342499,0.000120069640391427,0.0021162274118989,0.00289668007444318,0,0,0.00226631446238819,0.0019061055412139,0.000120069640391427,0,0,0.00244641892297533,0.00310680194512817,0.00304676712493246,0,0,0,0.00612355165996278,0.00318184547037282,0,0,0.000510295971663565,0,0,0.00610854295491385,0,0,0.0012157051089632,0,0,0.00162094014528426,0.000420243741369995,0,0,0,0,0.000240139280782854,0,0,0,0,0,0,0.00115567028876749,1.50087050489284e-05,0,0,0.000810470072642132,0,0,0,0.000960557123131416,0.000480278561565708,0,0,0,0,0,0,0,0,1.50087050489284e-05,0,0,0,0,0,0,0.00174100978567569,0,0.000480278561565708,0,0,0,0.000480278561565708,0,0.000570330791859278,0,0.000255147985831782,0,0,0,0,9.00522302935703e-05,0,0,0,0,0,0,0,0,0.000480278561565708,0,0.000300174100978568,0.000330191511076424,0,0,0,0,0,0,0,0,0,0,0,0,0,0,0,0,0,0.000675391727201777,0,0,0,0,0,0,0,0,0,0,6.00348201957135e-05,0,0,0,0,0,0,0,0,0,0,0,0,0,0.000135078345440355,0,0,0,0,0,0,7.50435252446419e-05,0,0,0,0,0,0,0,0,0,0,0,0,0,0,0,0,0,0,0,0,0,0.000135078345440355,0,0.000120069640391427,0,0,0,0,0,0,0,0,0,0,0,0,0,0,0,0,0,0,0,0,0,0,0,0,0,0,0,0,0,0,0
2157,"PRJNA691455|SRR13423234","PRJNA691455","SRR13423234","SAMN17293388","PRJNA691455_C4","PRJNA691455_C4","17EPI0298FFO01","Stool","Healthy_control","Healthy","Yes","Baseline/one-time sample",NA,1,"Unresolved","None",NA,NA,NA,"Core_case_control","Development","Include","Confirmed","API + paper","High",NA,"PASS","Healthy comparator.","Core_Case_Control",62342,62339,3,4.81216515350807e-05,"uniform_target_Bacteria_Archaea_v1","rerun_v2_R1_single_end","Project_Final_Nonzero",0,0.00733088435810648,0.0476908516338087,0.00522947111759894,0,0.000481239673398675,0,0.000737900832544635,1.60413224466225e-05,0,0.00555029756653139,0,0.0677264633696402,0.00032082644893245,0.0114374629044418,0.00364138019538331,0.0254415374003433,0.0703091162835464,0.00275910746081907,0,0,0.00612778517460979,0.000208537191806093,4.81239673398675e-05,0.014405107557067,0.0140521984632413,0,0.0474502317971094,0,0.00227786778742039,0.0650315211986076,0.074319446895202,0.00160413224466225,0,0,0.000673735542758145,0,0.000304785126485827,0.000673735542758145,0.00604757856237668,0.0017805867915751,0.00083414876722437,0,0,1.60413224466225e-05,0,4.81239673398675e-05,0,0.00368950416272317,0.000112289257126358,6.416528978649e-05,0.00123518182838993,0.00083414876722437,0,0.00243828101188662,0.0195383307399862,0,0.0224738927477181,0.0049888512808996,0.017805867915751,0.00468406615441377,0.0310880829015544,0,0,0.00437928102792794,0,0.0011389338937102,0,0.0128651406021912,0.00012833057957298,0,0.00660902484800847,8.02066122331125e-05,0.0137634546592021,0.010539148847431,0.00051332231829192,0,0.00019249586935947,0,0,8.02066122331125e-05,0.012833057957298,4.81239673398675e-05,3.2082644893245e-05,0,0,0.0122716116716662,0,0.00543800830940503,0.00019249586935947,0.00423490912590834,0.000433115706058807,0.0141965703652609,0,0.00144371902019602,0.00044915702850543,0,0,0,0.00633632236641589,6.416528978649e-05,0,0,9.6247934679735e-05,0,0.00558238021142463,0.00253452894656636,0,0,0.000802066122331125,0,0,6.416528978649e-05,0,0,0.00312805787709139,0,0,0.00083414876722437,0.00317618184443126,0,0,0,6.416528978649e-05,0,0.000112289257126358,0,0.00290347936283867,0,0,0,0.000112289257126358,0,0,0,0.00383387606474278,0,0,0,0.000176454546912847,0.00282327275060556,0,0,0,0,0,0,0,0,0,0,0,0.00255057026901298,0,0,0,0.00447552896260768,0.000112289257126358,0.000160413224466225,0,0,0,0.000625611575418277,0,0.000721859510098012,0,0.000224578514252715,0,0,0,0,0.000368950416272318,0.00137955373040953,0,0.000176454546912847,0,0,0,0,0,6.416528978649e-05,0,0.000914355379457483,0.00153996695487576,0,0,0,0,0,0,0,0,0,0,3.2082644893245e-05,0,0.00076998347743788,0,0,0,0.000737900832544635,0.00038499173871894,0,0.000112289257126358,0,0,0,0,0,0,0,0,0.00012833057957298,0,0,0,0,0,0,0,0,0,0,0,0.000401033061165562,0,0.000144371902019603,1.60413224466225e-05,0,0,0,0,0,0.000208537191806093,0.00012833057957298,0,0,0,0,0,0,0,0,0,0,0,0,0,0,0,0.000160413224466225,0,0,0,0,0,0,0,0,0,0,0,0,0,0,0,0,0,0,0,0,0,0,0,0,0,0,0,0,0,0,0,0,0,0,0,0,0,0
2158,"PRJNA691455|SRR13423235","PRJNA691455","SRR13423235","SAMN17293387","PRJNA691455_C3","PRJNA691455_C3","17EPI2565FFO01","Stool","Healthy_control","Healthy","Yes","Baseline/one-time sample",NA,1,"Unresolved","None",NA,NA,NA,"Core_case_control","Development","Include","Confirmed","API + paper","High",NA,"PASS","Healthy comparator.","Core_Case_Control",68146,68146,0,0,"uniform_target_Bacteria_Archaea_v1","rerun_v2_R1_single_end","Project_Final_Nonzero",0,0.0314765356734071,0.250403545329146,8.8046253631908e-05,0.00233322572124556,0,0.00014674375605318,0.000234790009685088,0.00890734599242802,0,0.000337510638922314,0.00249464385290406,0.0230827928271652,0.00441698705720072,0.0119009186159129,0.0112845948404895,0.0899832712118099,4.4023126815954e-05,0.0247850203973821,0,0.000102720629237226,0.00281748011622105,0,2.9348751210636e-05,0.0137645643177883,0,0,0.0181522026237784,0.00281748011622105,0.000645672526633992,0.0167141138144572,0.088970739295043,0.143339300912746,5.8697502421272e-05,0,4.4023126815954e-05,2.9348751210636e-05,0.000249464385290406,0.00873125348516421,0.00412349954509436,0.000792416282687172,0.00198104070671793,0,0,0,0,0.00095383441434567,0,0.0287764505620286,0,0,0.000484254394975494,0.00184897132627007,0,0.00117395004842544,0,0,0.0044023126815954,0.0192087576673613,0,0.00337510638922314,0.00195169195550729,0.000205441258474452,0,1.4674375605318e-05,0,0.00495993895459748,0,0.00107122941918821,0.00545886772517829,0,0.000851113785108444,1.4674375605318e-05,0.00761600093916004,0.00249464385290406,0.0060311683737857,8.8046253631908e-05,0.000337510638922314,5.8697502421272e-05,0,0,0.00211311008716579,0,0,0.000792416282687172,0,0.00231855134564024,0,0.000836439409503126,4.4023126815954e-05,1.4674375605318e-05,0.00402077891585713,0,0,0.0045637308132539,0.00371261702814545,0,0,0,0.000454905643764858,0.00287617761864233,0.00136471693129457,0,0,0,0.00126199630205735,0.00088046253631908,0,0,0.000234790009685088,0,0,0.000117395004842544,0,0.000102720629237226,0.000352185014527632,0,0,7.337187802659e-05,0.00066034690223931,0,0.00066034690223931,0,0,0,0,0,0.000117395004842544,7.337187802659e-05,0,0,0,0.000132069380447862,0,0,0.00112992692160949,0,0,0,0,0.000278813136501042,0,0,0,0,0,0,0,0,0,0,0.00080709065829249,0,0,0,0,0,0,0.000484254394975494,0,0,0,0,0,0,0,8.8046253631908e-05,0,0,0,0,0.000132069380447862,0,0,0,0,0,0,0,0,0.000278813136501042,0,0.000102720629237226,0,0,0,0,0,0,0,0,0,0,0,0,0,0.000528277521791448,0,0,0,0,0,0,0,0,0,0,0,0,0,0,0,0.000234790009685088,0,0,0,0,0,0,0,0,0,0.000396208141343586,0,0,0,0,0,0,0,0,0,0,4.4023126815954e-05,0,0,0,0,0,0,0,0,0,0,0,0,0,0,0,0,0,0,0,0,0,0,0,0,0,0,0,0,0,0,0,0,0,0,0,0,0,0,0,0,0,0,0,0,0,0,0,0,0,0,0,0,0,0,0
2159,"PRJNA691455|SRR13423236","PRJNA691455","SRR13423236","SAMN17293386","PRJNA691455_C2","PRJNA691455_C2","17EPI0344FFO01","Stool","Healthy_control","Healthy","Yes","Baseline/one-time sample",NA,1,"Unresolved","None",NA,NA,NA,"Core_case_control","Development","Include","Confirmed","API + paper","High",NA,"PASS","Healthy comparator.","Core_Case_Control",53483,53483,0,0,"uniform_target_Bacteria_Archaea_v1","rerun_v2_R1_single_end","Project_Final_Nonzero",0.000523530841575828,0.00084138885253258,0.457640745657499,0.00044874072135071,0.000130882710393957,3.73950601125591e-05,0.00252416655759774,0.00125273451377073,0.000224370360675355,0.00263635173793542,0.000373950601125591,0.00456219733373221,0.00181366041545912,0.0163603387992446,9.34876502813978e-05,0.0267935605706486,0.0364414860796889,0.0144344932034478,0.00846998111549464,0,0,0.0253912458164277,0,0,0.00327206775984892,0.0666940897107492,0,0.000130882710393957,0.0139483574219846,0.000261765420787914,0.000243067890731634,5.60925901688387e-05,0,0,0,0,0.00841388852532581,0,0,0.065273077426472,0.00665632070003553,0.00818951816465045,0.00706766636127368,0,0.00446870968345082,3.73950601125591e-05,7.47901202251183e-05,0,0.0205485855318512,0,0,0.000149580240450237,0,0,0.00151449993455864,0,0,0.0180618140343661,0.0043939195632257,0,0,0.000130882710393957,0,0,0,0,0,0,0.00794645027391882,0,0,0.00985359833965933,0,7.47901202251183e-05,0.00559056148682759,0.00044874072135071,0,0.00904960454723931,0.000523530841575828,0,0,9.34876502813978e-05,0,0,0.0325150047678702,0,0,0,0.00568404913710899,0.000710506142138624,0,0,0,0,0.000317858010956753,0,0,0,0,0.000729203672194903,0,0.00306639492922985,0,0,0,0.00312248751939869,0.0156311351270497,0,0,0.000504833311519548,0,0,0.000112185180337677,0.00110315427332049,0,0.00158929005478376,0,0,0.00041134566123815,0.000336555541013032,0,0,0,0,0,0,0,0,0,0.00607669726829086,0,0.000280462950844193,0.000373950601125591,0,0,0.001738870295234,0,0,0,0,0,0,0,0,0,0.00110315427332049,0,0,0,0,0,0,0,0,0,0,0,0,9.34876502813978e-05,1.86975300562796e-05,0,0,0.000710506142138624,0,0,0,0.000785296262363742,7.47901202251183e-05,0,0,0,0,0,0,0,0,0,0,0,0,0,0.00138361722416469,0.000317858010956753,0,5.60925901688387e-05,0,0,0,0,0,0,0,0,0,0,0,0,0,0.000224370360675355,0,0,0,0,0,0,0,0,0,0,0,0,0,9.34876502813978e-05,0,0,0,0,0,0,0,0,0,0,0,0,0,0,0,0,0,0,0,0.000243067890731634,0,0,0,0,0,0,0,0,0,0,0,0,0,0,0,0,0,0,0,0,0,0,0,0,0,0,0,0,0,0,0,0,0,0,0,0,0,0,0,0,0,0,0,0,0,0,0,0,0,0,0,0,0,0,0,0
2161,"PRJNA691455|SRR13423238","PRJNA691455","SRR13423238","SAMN17293385","PRJNA691455_C1","PRJNA691455_C1","17EPI0952FFO01","Stool","Healthy_control","Healthy","Yes","Baseline/one-time sample",NA,1,"Unresolved","None",NA,NA,NA,"Core_case_control","Development","Include","Confirmed","API + paper","High",NA,"PASS","Healthy comparator.","Core_Case_Control",43626,43626,0,0,"uniform_target_Bacteria_Archaea_v1","rerun_v2_R1_single_end","Project_Final_Nonzero",2.29221106679503e-05,0.00371338192820795,0.137601430339706,0.0072433869710723,0,0.0107504699032687,9.16884426718012e-05,0.000412597992023105,6.87663320038509e-05,0,0.000206298996011553,0,0.0890982441663228,0.00142117086141292,0.0209049649291707,0.0102691055792417,0.0512538394535369,0.156305872644753,0.013363590519415,0,0,0.00983358547655068,0.00740384174574795,0,0.0255581533947646,0.0194150277357539,0,0.0189795076330629,0.00676202264704534,0.00506578645761702,0.072433869710723,0.0114381332233072,0,2.29221106679503e-05,0,0,0,0,0,0.00174208041076422,0.00348416082152845,0.00307156282950534,0,0,0,2.29221106679503e-05,0.00100857286938981,0,0.0153348920368588,0.0113693668913034,0,0.00139824875074497,0.000275065328015404,0,0.00169623618942832,0,0,0.00685371108971714,0.0144638518314766,0,0.00999404025122633,0.0176958694356576,0,0,0.0126300829780406,0.00245266584147068,0.022601201118599,0,0.00456150002292211,0,0.00162746985742447,0.00201714573877963,0,0.0200110026131206,0.00687663320038509,0.000206298996011553,0,0.000183376885343602,0,0,0,0.012446706092697,0,0,0,0,0.0154036583688626,0,0,0,0.00137532664007702,0.000366753770687205,0,0,0.000320909549351304,0.000137532664007702,0,0,0,0.00183376885343602,0.000893962316050062,0.000848118094714161,0,6.87663320038509e-05,0,0.00476779901893366,0.00197130151744373,0,0,0.000458442213359006,0,0,0.000664741209370559,0,0,0.00107733920139366,0,0,0,0.000458442213359006,0,0,0,0,0,0,0,0.00153578141475267,0.000389675881355155,0,0,0.00103149498005776,0,0,0.00137532664007702,0.00110026131206161,0,0,0,0.000871040205382112,0.000710585430706459,0,0,0,0,0,0,0,0,0.000137532664007702,0,0,0,0,0,0,0,0.000275065328015404,0.000252143217347453,0,0,0,0,0,0.000664741209370559,0,0.000481364324026956,2.29221106679503e-05,0,0,0,9.16884426718012e-05,0,0,0,0,0,0,0,0,0.000320909549351304,0,9.16884426718012e-05,0,0,0,0,0,0,0,0,0,0,0,0,0,0,0,0,0,0,0,0,0,0,0,0,0,0,0,0,0,0.000137532664007702,0,0,0,0,0,0,0,0,0,0,0,0,0,0.000160454774675652,0,0,0,0,0.000275065328015404,0,0,9.16884426718012e-05,0,0,0,0,0,0,0,0,0,0,0,0,0,0,0,0,0,0,0,0,0,0,0,0,0,0,0,0,0,0,0,0,0,0,0,0,0,0,0,0,0,0,0,0,0,0,0,0,0,0,0,0,0,0
2162,"PRJNA691455|SRR13423239","PRJNA691455","SRR13423239","SAMN17293384","PRJNA691455_NS10","PRJNA691455_NS10","NY35H14010FFO011","Stool","Non_sepsis_ICU","Non_sepsis_ICU","Yes","Baseline/one-time sample",NA,1,"ICU_admission","None",NA,NA,NA,"Core_case_control","Development","Include","Confirmed","API + paper","High",NA,"PASS","Non-sepsis ICU comparator; antibiotic exposure not inferred.","Core_Case_Control",52924,52924,0,0,"uniform_target_Bacteria_Archaea_v1","rerun_v2_R1_single_end","Project_Final_Nonzero",0.00217292721638576,0.438553397324465,0.000226740231275036,0.00513944524223415,3.77900385458393e-05,3.77900385458393e-05,0.00905071423172852,0,0.0221260675685889,0.00056685057818759,0.00370342377749225,0.0161552414783463,0,0.0448189857153654,1.88950192729197e-05,0.186097044818986,0.0898080266041871,0,0,0,0.0012470712720127,1.88950192729197e-05,0,0,0,0,0,0,0,0.000113370115637518,3.77900385458393e-05,0,0,0,0,0.00126596629128562,0.00746353261280326,0.01035447056156,0,0,1.88950192729197e-05,0,0.0618811881188119,3.77900385458393e-05,0.00376010883531101,0,0,0.000604640616733429,0,0,0,0,0,0,0.000226740231275036,0,0,0.000226740231275036,0,0,0,0,0,0,0,0,0,0,0,0,0,0,0.000245635250547956,0,0,0,0,0.00513944524223415,9.44750963645983e-05,0.000188950192729197,0.000982541002191822,0,0,0,0.00289093794875671,0,0,0,0,0,0,0,0,0,0,0,0.000793590809462626,0.00789811805608042,0,0,0,0,0,3.77900385458393e-05,0,0,0,0.0115637517950268,0,0.000207845212002116,0,0,0.000132265134910438,0,0,0,0,0,0,0,5.6685057818759e-05,0,0,0,0,0,7.55800770916786e-05,0,0,0,0,0,0,0,0,0,0.00455369964477364,0,0,0,0,0,0.000340110346912554,0,0,0,0,0,0,0,0,0,0,0,0,0,0,0,0,0,0,0,0,0,0,0,0,0,0.00192729196583781,0,0,0,0,0,0,0,0,0,0,0,0,0,0,0,0.000245635250547956,0,0,0,0,0,0,0,0,0,0,0,0,0,0,0,0,0,0,0,0,0,0,0,0,0,0,0,0,0,0,0,0,0,0,0,0,0,0,0,0,0,0,0,0,0,0,0,0,0,0,0,0,0.000264530269820875,0,0,0,0,0,0,0,0,0,0,0,0,0,0,0,0,0,0,0,0,0,0,0,0,0,0,0,0,0,0,0,0,0,0,0,0,0,0,0,0,0,0,0,0,0,0,0,0,0,0,0
2163,"PRJNA691455|SRR13423240","PRJNA691455","SRR13423240","SAMN17293383","PRJNA691455_NS9","PRJNA691455_NS9","NY35H14009FFO011","Stool","Non_sepsis_ICU","Non_sepsis_ICU","Yes","Baseline/one-time sample",NA,1,"ICU_admission","None",NA,NA,NA,"Core_case_control","Development","Include","Confirmed","API + paper","High",NA,"PASS","Non-sepsis ICU comparator; antibiotic exposure not inferred.","Core_Case_Control",56166,56166,0,0,"uniform_target_Bacteria_Archaea_v1","rerun_v2_R1_single_end","Project_Final_Nonzero",0.0289320941494855,0.148239148239148,0.291332834811096,0.00128191432539259,0,0.000106826193782716,0,0.0237688281166542,0.000658761528326746,0.00507424420467899,0,0.0107716412064238,0.000445109140761315,0.00405939536374319,0,0.00824342128689955,0.0158458854111028,0,0.000160239290674073,0,0.142826621087491,0,0,0.00833244311505181,0.00108606630345761,0.0031157639853292,3.56087312609052e-05,0,0,0.0093116832247267,0.11567496350105,0.00411280846063455,0,0.00272406794145925,0,0,0.00229676316632838,3.56087312609052e-05,0,3.56087312609052e-05,0.000124630559413168,0.000729978990848556,5.34130968913578e-05,0,0.000391696043869957,0.0110743154221415,0,0.00322259017911192,7.12174625218104e-05,1.78043656304526e-05,0,0.000391696043869957,0.00315137271659011,0,0.0131930349321654,0,0,0.0010504575721967,0,0,0.00713955061781149,0.000142434925043621,0.0096499661717053,0.00678346330520244,0,0,0,0,0.000427304775130862,0.0109140761314674,0,0,0.00048071787202222,0.000302674215717694,0.000925827012783534,0.00170921910052345,0.0136737528041876,0.000267065484456789,0.0013887405191753,0.00131752305665349,0.0139942313855357,0,0.000712174625218104,0.00048071787202222,0,0.0231278709539579,0,0,0,0,0,0,0,0,0.00226115443506748,3.56087312609052e-05,0,0.0130862087383827,0.000213652387565431,0,0,0,0,0,0,0,0.000338282946978599,1.78043656304526e-05,0,0,0.000178043656304526,0.00393476480433002,0.000160239290674073,0,0,0.000391696043869957,0,0,5.34130968913578e-05,0,0.000498522237652672,0,0.000836805184631272,0,0.00040950040950041,5.34130968913578e-05,0.00048071787202222,0,0,0,0,1.78043656304526e-05,0,5.34130968913578e-05,0,0,0,0,0.00719296371470284,0,0,0,0,0,0,0,0.000124630559413168,0,0,0,0.000516326603283125,0,0,0,5.34130968913578e-05,0,0,0,0,0,0,0.00220774133817612,0,0,0,0.000124630559413168,0,0,0,0,0,0,0,0,0,0,7.12174625218104e-05,0,0,0,0,0,0,0,0,0.00048071787202222,0,0,0,0,0,7.12174625218104e-05,0,0,0,0,0,0,0,0.000373891678239504,0,0,0,0,1.78043656304526e-05,0,0,0,0,0.000391696043869957,0,0,0,0,0,0,0.000142434925043621,0,0,0,0,5.34130968913578e-05,0,0,0,0,0,0,0,0,0.000373891678239504,0,0,0,0,0.000231456753195884,0,0,0,0,0,0,0,0,0,0,0,0,0,0,0,0,0,0,0,0,0,0,0,0,0,0,0,0,0,0,0,0,0,0,0,0,0,0,0,0,0,0,5.34130968913578e-05,0,0,0,0,0,0,0,0,0,0
2164,"PRJNA691455|SRR13423241","PRJNA691455","SRR13423241","SAMN17293382","PRJNA691455_NS8","PRJNA691455_NS8","NY35H14008FFO011","Stool","Non_sepsis_ICU","Non_sepsis_ICU","Yes","Baseline/one-time sample",NA,1,"ICU_admission","None",NA,NA,NA,"Core_case_control","Development","Include","Confirmed","API + paper","High",NA,"PASS","Non-sepsis ICU comparator; antibiotic exposure not inferred.","Core_Case_Control",51731,51731,0,0,"uniform_target_Bacteria_Archaea_v1","rerun_v2_R1_single_end","Project_Final_Nonzero",0.0343894376679361,0.00210705379752953,0.503237903771433,0.031779783882005,0.00241634609808432,0.000405946144478166,0.000289961531770118,5.79923063540237e-05,0.0413291836616342,0.00330556146217935,0.00148846919641994,0.00535462295335485,0.000115984612708047,9.66538439233728e-05,3.86615375693491e-05,0.000560592294755562,0.000599253832324912,0,0,0,0.00307359223676326,0.000289961531770118,0,0,0.00156579227155864,0,0.134600143047689,7.73230751386983e-05,0,0.0335582146101951,0.00046393845083219,0.00175909995940539,0,0.000309292300554793,0,0,7.73230751386983e-05,0.0117724381898668,0.000328623069339468,9.66538439233728e-05,0,0.000251299994200769,0.000115984612708047,0,0.00833156134619474,0.00796427673928592,0,0.0122170458719143,5.79923063540237e-05,0.000173976919062071,0,0,9.66538439233728e-05,0,0.0319730915698517,0,0,0.000405946144478166,5.79923063540237e-05,0,0,0,0.000560592294755562,0.00556726140998628,0,0,5.79923063540237e-05,0,0,7.73230751386983e-05,0,0,0,0,0,0.0380429529682395,0.00216504610388355,0,0.000347953838124142,0.00392414606328894,0,7.73230751386983e-05,0.00135315381492722,0,0,0,0,0,0,0,0,0,0,0,5.79923063540237e-05,0,0,0.0175136765189152,0.0154839457965243,0,0,0,0,0,0,5.79923063540237e-05,0,0,0.00864085364674953,0,0,0.00127583073978852,0,0,0.000599253832324912,0,0,0,0,1.93307687846746e-05,0.00160445380912799,0,0,0,0,0,0.00179776149697473,0,0,0,0,0,0,0.00496800757766136,0,0,0,0,0,0,0,0,0,0,0,0,0,0,0,0,5.79923063540237e-05,0,0,0,0,0,0,0,0,0,0.0011405153582958,0,0,0,0.000154646150277397,0,0,0,0,0,0,0,0,0,0.000154646150277397,0,0.000309292300554793,0.000618584601109586,0,0,0,0,0,0,0,0.000289961531770118,0,0,0,0,0,0,0.0010631922831571,0,0,0,0,0,0,0,0,0,0,0.000289961531770118,0.000173976919062071,0,0.000154646150277397,0,0,0,0.000231969225416095,0,0,0,0,0,0,0,0,0,0,3.86615375693491e-05,0,0,0,0,0,0,0,0,0,0,0,0,0,0.000347953838124142,0,0,0,0,0,0,0,0,0,0,0,0,0,0,0,0,0,0,0,0,0,0,0,0,0,0,0,0,0,0,0,0,0,0,0,0,0,0,0,0,0,0,0,0,0,0,0,0,0,0,0,0,0
2165,"PRJNA691455|SRR13423242","PRJNA691455","SRR13423242","SAMN17293381","PRJNA691455_NS7","PRJNA691455_NS7","NY35H14007FFO011","Stool","Non_sepsis_ICU","Non_sepsis_ICU","Yes","Baseline/one-time sample",NA,1,"ICU_admission","None",NA,NA,NA,"Core_case_control","Development","Include","Confirmed","API + paper","High",NA,"PASS","Non-sepsis ICU comparator; antibiotic exposure not inferred.","Core_Case_Control",27184,27184,0,0,"uniform_target_Bacteria_Archaea_v1","rerun_v2_R1_single_end","Project_Final_Nonzero",0.00121394938198941,0.0423410829899941,0.459829311359623,0.097667745732784,0.000551795173631548,0.000698940553266627,0.000147145379635079,0.00408328428487346,0.0441436138905238,0.0037889935256033,0,0.0180988816951148,3.67863449087699e-05,0.0030532666274279,0.00011035903472631,0.00849764567392584,0.00897586815773985,0,0.000882872277810477,0,0,0,0,0,7.35726898175397e-05,0.0115509123013537,0.000147145379635079,0,3.67863449087699e-05,0.00114037669217187,0.147329311359623,0,0,0,0,0,0.000257504414361389,0,0,0.00386256621542084,0.00687904649793997,0.00220718069452619,7.35726898175397e-05,0.00121394938198941,0.00114037669217187,3.67863449087699e-05,0,0.0103001765744556,0,0,0,0.000294290759270159,0.024131842260153,0,0.00930694526191878,0,0,0.0242422012948793,0.000294290759270159,3.67863449087699e-05,0.00522366097704532,0,0,0,0,0,7.35726898175397e-05,0,0.0019496762801648,0,0,0,0,0,0,0.00412007062978222,0,0.00217039434961742,0.0015818128310771,0.00331077104178929,0,0,0.000404649793996468,0,0,0,0,0,0,0,0,0,0,0,0,0.00309005297233667,0,0,0.00121394938198941,3.67863449087699e-05,0,0,0,0,0,0,0.0015818128310771,0,0,0.00901265450264862,0,0,0,0,7.35726898175397e-05,0,0,0,0,0.000404649793996468,0.00136109476162449,0,0,0.00011035903472631,0,0,0.00154502648616833,0,0,0,0,0.00143466745144202,3.67863449087699e-05,0.000183931724543849,0,0,0,0,0,0,0,0,0,0,0,0,0,0,0,0.000257504414361389,3.67863449087699e-05,0,0,0,0,0,0,0,0,0.000147145379635079,0,0,0,0,0,0,0,0.000331077104178929,0,0,0,0,0,0,0,0,0.000331077104178929,0,0,0,0,0,0,0,0,0,0,0,0,0,0,0,0,0,0.000147145379635079,0,0,0,0.000294290759270159,0,0,0,0.000257504414361389,7.35726898175397e-05,0.00011035903472631,0,0,0,0,0,0,0,0,0,0,0,0,0,0,0,0,0,0,0,0,0,0,0,0,0,0,0,0,0,0,0,0,0,0,0,0.000478222483814008,0,0,0,0,0,0,0,0,0,0,0,0,0,0,0,0,0,0,0,0,0,0,0,0.000220718069452619,0,0,0,0,0,0,0,0,0,0,0,0,0,0,0,0,0,0,0,0,0,0,0,0
2166,"PRJNA691455|SRR13423243","PRJNA691455","SRR13423243","SAMN17293380","PRJNA691455_NS6","PRJNA691455_NS6","NY35H14006FFO011","Stool","Non_sepsis_ICU","Non_sepsis_ICU","Yes","Baseline/one-time sample",NA,1,"ICU_admission","None",NA,NA,NA,"Core_case_control","Development","Include","Confirmed","API + paper","High",NA,"PASS","Non-sepsis ICU comparator; antibiotic exposure not inferred.","Core_Case_Control",60635,60635,0,0,"uniform_target_Bacteria_Archaea_v1","rerun_v2_R1_single_end","Project_Final_Nonzero",0.000247381875154614,0.189593469118496,0.281108270800693,0.108815040818009,0.0133256370083285,3.29842500206152e-05,0,9.89527500618455e-05,0.0257606992661004,0.00061020862538138,0,0.0106374206316484,0.00959841675599901,0.000181413375113383,0.00061020862538138,0.00601962562876227,0.0500371072812732,0.000527748000329842,4.94763750309227e-05,3.29842500206152e-05,0.0186525933866579,0.00229240537643275,0,0,0.0623897089139936,0.00301805887688629,0,0.00102251175063907,0.00158324400098953,0.028795250267997,0.000148429125092768,0.000395811000247382,0,0.000115444875072153,0,0,0,0.000148429125092768,0,0.00385915725241197,0,0.0114620268821638,0.00133586212583491,0,0.000296858250185536,0,6.59685000412303e-05,0.000230889750144306,0.000461779500288612,0,0,0.00493114537808197,0.0300156675187598,0,0.0067452791292158,0,0,0.0172507627607817,1.64921250103076e-05,0,0.00171518100107199,9.89527500618455e-05,0,0,0,0,0,0,0.0134080976333801,0,0,0,3.29842500206152e-05,0.00197905500123691,0.000989527500618455,0.0223138451389462,0,0.000329842500206152,8.24606250515379e-05,0,0,9.89527500618455e-05,0.00158324400098953,0,0,0,0.000247381875154614,0,6.59685000412303e-05,0,0,0,0,0,0.00564030675352519,0.00234188175146368,0,0,0,0,8.24606250515379e-05,0,6.59685000412303e-05,9.89527500618455e-05,0,6.59685000412303e-05,0.00047827162529892,0,0,0.0010884802506803,0,0,0.000247381875154614,0,0,0.000379318875237074,0,0,0,0,3.29842500206152e-05,0.00361177537725736,0,0.000131937000082461,0,0.000362826750226767,3.29842500206152e-05,0,0.000643192875401996,0,0,0,0,0.000247381875154614,0,0.000148429125092768,0,0,0,0,0.000181413375113383,0,0,0,0,0,0,0,0,0,0,0.00272120062670075,0,0,0,0,0,0,0,0,0,0,0,0,0.000626700750391688,0,0,0,0,0,0,0,0,0,0,0,0,0.000709161375443226,0.000280366125175229,0,0,0,0,0,0,0,0,0,0,0,0,0,0,0,0.000428795250267997,0,0,0,8.24606250515379e-05,0,0,0,0,0.000461779500288612,0,0,0,0,0,0,0,0,0,0.000560732250350458,0.00054424012534015,0,0,0.000511255875319535,0,0,0,0,0,0,0,0,0,0,0,0,0,0,0,0,0,0,0,0,0,0,0,0,0,0,0,0,0,0,0,0,0,0.000164921250103076,0,0,0,0,0,0,0,0,0,0,0,0,0,9.89527500618455e-05,0,0,0,0,0,0,0,0,0,0,0,0,0,0,0,0,0,0,0,0,0,0,0
2167,"PRJNA691455|SRR13423244","PRJNA691455","SRR13423244","SAMN17293379","PRJNA691455_NS5","PRJNA691455_NS5","NY35H14005FFO011","Stool","Non_sepsis_ICU","Non_sepsis_ICU","Yes","Baseline/one-time sample",NA,1,"ICU_admission","None",NA,NA,NA,"Core_case_control","Development","Include","Confirmed","API + paper","High",NA,"PASS","Non-sepsis ICU comparator; antibiotic exposure not inferred.","Core_Case_Control",47009,47009,0,0,"uniform_target_Bacteria_Archaea_v1","rerun_v2_R1_single_end","Project_Final_Nonzero",0.000191452700546704,0.000553085579357144,0.323363611223383,0.0283349996809122,0.0690718798527941,0.000893445935884618,0.0315896955902061,0.00701993235337914,0.057542172775426,6.38175668489013e-05,0,0.0356740198685358,0.00272288285221979,0.00112744368099726,0.021315067327533,0.00638175668489013,0.0294624433619094,0.0338445829522006,0.000935990980450552,0,0.00816864855665936,0.0117849773447638,0.00563721840498628,0,0.0165500223361484,0,0,0.008402646301772,0.00236124997340935,0.0560318236933353,2.12725222829671e-05,0,0,0.000404177923376375,0,0.00202088961688187,0.000127635133697803,0,0,0.0147205854198132,0.000170180178263737,0.00406305175604671,0,0,0.00102108106958242,0,0.000765810802186815,0.000361632878810441,0.0111893467208407,0.00125507881469506,0,0.000489268012508243,0.0034886936544066,0,0.00251015762939012,0,0.000574358101640111,0.0162522070241869,0.00416941436746155,0,0,0.000212725222829671,0,0,0,0,0,0,0.00221234231742858,0,0,0.000999808547299453,0.000106362611414835,0.00106362611414835,0.000978536025016486,0.024548490714544,0,0.000808355846752749,0.000340360356527473,0.000106362611414835,0,0.000808355846752749,0,0,0,0,0.00170180178263737,0,0.00274415537450275,0.000106362611414835,0,0,0,0,0.00595630623923079,0.00195707205003297,0,0,0,0.00353123869897254,0.00170180178263737,0.0017443468272033,0,0,0,0.00210597970601374,0.000893445935884618,0,0,0.00940245484907145,0,0,0.0014252589929588,0,0.0125082431023846,0.00178689187176924,0,0,0,0.00370141887723627,0,0,0,0,0.00110617115871429,0,0,0,0,0,0,0,0,0,0,0.000319087834244506,0,0,0,8.50900891318684e-05,0.00280797294135166,0,0,0,0,0,0,0,0,0,0,0,0,0,0,0,0,0,0.000191452700546704,0,0,0,0.000212725222829671,0,0.000297815311961539,0,0,0,0,0,0,4.25450445659342e-05,0,0,0,0,0,0.000276542789678572,0.0016167116935055,0.00140398647067583,0.00014890765598077,0,0,0,0,0,0,0.00136144142610989,0,0.000914718458167585,0,0,0,0,0,0.00104235359186539,0,0,0,0,0,0,0,0,0,0,0,0,0,0,0.00051054053479121,0,0,0,0,0,0,0,0,0,0,0,0,0,0,0,0,0,0,0,0,0,0,0,0,0,0,0,0,0,0,0,0,0,0,0,0,0,0,0,0,0,0,0,0,0,0,0,0,0,0,0,0,0,0,0,0,0,0,0,0,0,0,0,0,0,0,0,0,0,0,0,0,0,0,0,0,0,0
2168,"PRJNA691455|SRR13423245","PRJNA691455","SRR13423245","SAMN17293378","PRJNA691455_NS4","PRJNA691455_NS4","NY35H14004FFO011","Stool","Non_sepsis_ICU","Non_sepsis_ICU","Yes","Baseline/one-time sample",NA,1,"ICU_admission","None",NA,NA,NA,"Core_case_control","Development","Include","Confirmed","API + paper","High",NA,"PASS","Non-sepsis ICU comparator; antibiotic exposure not inferred.","Core_Case_Control",50927,50927,0,0,"uniform_target_Bacteria_Archaea_v1","rerun_v2_R1_single_end","Project_Final_Nonzero",0.169634967698863,0.813124668643352,0.00133524456575098,0.000196359494963379,0.000117815696978027,3.92718989926758e-05,3.92718989926758e-05,0,0.000333811141437744,1.96359494963379e-05,0,7.85437979853516e-05,0.000412354939423096,0,0,0.000608714434386475,0.000255267343452393,3.92718989926758e-05,0,0,0,0,3.92718989926758e-05,1.96359494963379e-05,0,5.89078484890137e-05,0,0,0.000392718989926758,0,9.81797474816895e-05,0,0,0,0,0,0,0,0,0,0,0,0,0,1.96359494963379e-05,1.96359494963379e-05,0,0.0011388850707876,0,0,0,0,0,0,0,0,0,0.000196359494963379,0,0,0,0,0,0,0,0,1.96359494963379e-05,0,3.92718989926758e-05,0,0,0,0,0,0,0.00622459599033911,0,0,0,0.000157087595970703,0,0,0.00151196811121802,0,7.85437979853516e-05,0,0,0,0,0,0,0,0,0,1.96359494963379e-05,0,0,3.92718989926758e-05,0.000510534686904785,0,0,0,0,0,0,0,0,0,0,0,0,0,0,0,0,0,0,0,0,0,0.000235631393956055,0,0,0,0,0,0,0,0,0,0,0,0,0.000274903292948731,0,0,0,0,0,0,0,0,0,0,0,0,0,0,0,0,3.92718989926758e-05,0,0,0,0,0,0,0,0,0.000863981777838867,0,0,0,0,0,0,0,0,0,0,0,0,0,0,0,0,0,0,0,0,0,0,0,0,0,0,0,0,0,0,0,0,0,0,0.000117815696978027,3.92718989926758e-05,0,0,0,0,0,0,0,0,1.96359494963379e-05,0,0,0,0,0,0,0,0,0,0,0,0,0,0,0,0,0,0,0,0,0,0,0,0,0,0,0,0,0,0,0,0,0,0,0,0,0,0,0,0,0.000215995444459717,0,0,0,0,0,0,0,0,0,0,0,0,0,0,0,0,0,0,0,0,0,0,0,0,0,0,0,0,0,0,0,0,0,0,0,0,0,0,0,0,0,0,0
2169,"PRJNA691455|SRR13423246","PRJNA691455","SRR13423246","SAMN17293377","PRJNA691455_NS3","PRJNA691455_NS3","NY35H14003FFO011","Stool","Non_sepsis_ICU","Non_sepsis_ICU","Yes","Baseline/one-time sample",NA,1,"ICU_admission","None",NA,NA,NA,"Core_case_control","Development","Include","Confirmed","API + paper","High",NA,"PASS","Non-sepsis ICU comparator; antibiotic exposure not inferred.","Core_Case_Control",53854,53854,0,0,"uniform_target_Bacteria_Archaea_v1","rerun_v2_R1_single_end","Project_Final_Nonzero",0.200133694804471,0.00193114717569726,0.111133806216808,0.00352805734021614,0.000501355516767557,0.0374345452519776,0.00776172614847551,0.000835592527945928,0.00282244587217291,0.0562446614921826,0.00211683440412968,0.0204627325732536,0.00371374456864857,0.0136294425669402,0.00482786793924314,0.00319382032903777,0.00300813310060534,0.000148549782745943,0.00642477810376202,0,0.000185687228432428,0.0605711739146581,3.71374456864857e-05,0.000222824674118914,0.140379544694916,0.00131837932187024,0,0.000575630408140528,0.00531065473316745,0,0.00139265421324321,0.000928436142162142,0,0.000334237011178371,0,0.0058491476956215,0.0002599621198054,0.0003899431797081,0.0002599621198054,0.000408511902551342,0.00748319530582687,0.000594199130983771,0.000594199130983771,0.00326809522041074,0.000185687228432428,0.0001299810599027,0.000111412337059457,0.0395513796561072,0.0212054814869833,0.000557061685297285,1.85687228432428e-05,0.000445649348237828,0.00449363092806477,0,0.0023396590782486,0,0,0.0569131355145393,7.42748913729714e-05,0,0.000167118505589186,0.000241393396962157,0.000241393396962157,0.000464218071081071,0,0,0.000538492962454042,0,0.00343521372599993,0.000167118505589186,0,0.000724180190886471,0,0,0.00154120399598916,0.0204070264047239,5.57061685297285e-05,0.000241393396962157,0.000111412337059457,0.0159319641995024,0,0.000668474022356742,0,0,0,0,0.00126267315334051,0.000148549782745943,0.0005199242396108,0,0.000297099565491885,0.000965573587848628,0.000278530842648643,0,0.000222824674118914,0,0,0,0.0001299810599027,0.00477216177071341,0.0003899431797081,0,0,1.85687228432428e-05,0,0,0.000185687228432428,1.85687228432428e-05,0.000408511902551342,0.000798455082259442,0.00306383926913507,0.0001299810599027,0,0,0,0,0,0,0,5.57061685297285e-05,0.00779886359416199,0,0,0,0,0.000649905299513499,0.00516210495042151,9.28436142162142e-05,0,0,0,9.28436142162142e-05,0,7.42748913729714e-05,5.57061685297285e-05,0.000204255951275671,0,0,0,3.71374456864857e-05,0.0003899431797081,0,0,0,0,0,0,0,0,0,0.00282244587217291,0,0,0,0,9.28436142162142e-05,0.000334237011178371,0,0,1.85687228432428e-05,0.000222824674118914,0,0,0,0.000352805734021614,0,0,0,0,0.00172689122442158,0,0,0,0,0,0,0.000854161250789171,0,0.000111412337059457,0,0,0,0,0,0,0,0,0,0,0,0,0,0,0,0,0.000965573587848628,0,0,0,0,0,0,0,0,0.000408511902551342,0,0,0,0,0,0,0,0,0,0,0,0,0,0,0,0,0.000185687228432428,0,0,0.000278530842648643,0,0,0.0001299810599027,0,0,0,0,0,0,0,0,0.000334237011178371,0,0,0,0,0,0.000222824674118914,0,0,0,0.000204255951275671,0,0,0,0,0,0.000185687228432428,0,0,0,9.28436142162142e-05,0,0,0,0,0,0.0001299810599027,0,0,0,0.000111412337059457,0,0,0,0,0,0,0,7.42748913729714e-05,0,0,0,0,5.57061685297285e-05,0,0,0,0,0,0,0,0,0
2170,"PRJNA691455|SRR13423247","PRJNA691455","SRR13423247","SAMN17293376","PRJNA691455_NS2","PRJNA691455_NS2","NY35H14002FFO011","Stool","Non_sepsis_ICU","Non_sepsis_ICU","Yes","Baseline/one-time sample",NA,1,"ICU_admission","None",NA,NA,NA,"Core_case_control","Development","Include","Confirmed","API + paper","High",NA,"PASS","Non-sepsis ICU comparator; antibiotic exposure not inferred.","Core_Case_Control",34908,34908,0,0,"uniform_target_Bacteria_Archaea_v1","rerun_v2_R1_single_end","Project_Final_Nonzero",0.0288759023719491,0.00183339062679042,0.232439555402773,0.0463217600550017,0,5.72934570872006e-05,0,0.0085367251059929,0.000343760742523204,0.00366678125358084,0,0.00349490088231924,0.00157557006989802,0.015555173599175,0.132405179328521,0.017560444597227,0.0778331614529621,0,0.000114586914174401,0.000200527099805202,0.0392460181047324,0.00203391772659562,0,0,0.00085940185630801,0.0132347885871433,0,0.0434284404720981,0.00249226538329323,0,0.000257820556892403,0,0,2.86467285436003e-05,0,0,0.0276727397731179,0.000114586914174401,0,0,0.00114586914174401,0,0.00260685229746763,0.00137504297009282,0.00088804858485161,0.00131774951300561,0.00478400366678125,0.000429700928154005,0.000171880371261602,0,0,0,0.000114586914174401,0,0.000945342041938811,0,0,0.0232897903059471,0,0,0.00375272143921164,0.00701844849318208,0.0744814942133608,0.00214850464077002,0.000257820556892403,0,0,0,8.5940185630801e-05,0.00587257935143807,0,5.72934570872006e-05,0.00100263549902601,0,5.72934570872006e-05,0.00346625415377564,0,0.00423971582445285,0.00217715136931362,8.5940185630801e-05,0.00349490088231924,0.0277873266872923,0.0343760742523204,0,0,0,0.00423971582445285,0,0.00730491577861808,0.000773461670677209,0,0,0,0,0,0,0,0,0.00154692334135442,0,0,0,0.00610175317978687,0.000200527099805202,0,0.000486994385241205,0,0.00197662426950842,0.000114586914174401,0,0,0,0.000143233642718002,0.00340896069668844,0,0,0,0,0,8.5940185630801e-05,0,0,0.00297925976853443,0.000200527099805202,0.0150681792139338,0,0,0,0.00392460181047324,0,0,0.00091669531339521,0.000171880371261602,0,0,0.00389595508192964,0,0,0,0,0,0,0,0,0,0,0,0,0,0.000372407471066804,0,0,0,0,0,0,0,0,0,0,0,0,0,0,0,0,0,0,0,0,0,0,0,0,0,2.86467285436003e-05,0,0,0,0.00180474389824682,0,0,0,0,0,0,0,0,0,0,0,0,0,0,0,0,0,0.00137504297009282,0,0,0,0,0,0,0,0,0,0,0,0,0,0,0,0,0,0,0,0,0,0,0,0,0,0,0,0,0.000687521485046408,0,0,0,0,0.000401054199610405,0,0,0,0,0,0,0,0,0,0,0,0,0,0,0,0,0,0,0,0,0,0,0,0,0,0,0,0,0,0,0,0,0,0,0,0,0,0,0,0,0,0,0,0,0,0,0,0,0,0,0,0,0,0,0,0,0
2171,"PRJNA691455|SRR13423248","PRJNA691455","SRR13423248","SAMN17293349","PRJNA691455_S2","PRJNA691455_S2_1","NY35H13002FFO011","Stool","Sepsis",NA,"Yes","Day 1",1,1,"ICU_admission","None",NA,NA,NA,"Core_case_control","Development","Include","Confirmed","API + paper","High",NA,"PASS","SRA labels the first sepsis sample as Day 1; paper describes admission/0d. Raw label retained.","Core_Case_Control",36839,36839,0,0,"uniform_target_Bacteria_Archaea_v1","rerun_v2_R1_single_end","Project_Final_Nonzero",0.000461467466543609,0.0318684003365998,0.139498900621624,0.0262765004478949,0,0.00127582181926762,0,0.00160156356035723,0.00200874073671924,0.000271451450908005,0,0.000814354352724015,0.0416949428594696,0.00290453052471565,0.129346616357664,0.00768207606069654,0.122858926680963,0.022449034990092,0.0053475935828877,0,0,0.00276880479926165,0,0,0.00287738537962485,0,0,0.0567604983848639,0.0332528027362306,0.0401205244442032,0.0199516816417384,0.00825212410760335,0,0,0,0.00276880479926165,0.000678628627270013,0,0,0.000651483482179212,0.00719346344906214,0.00640625424142892,0.000841499497814816,0.00931078476614458,0.00176443443090203,0,0.00597193191997611,0.000570048046906811,0.0102337196992318,0,0.000651483482179212,0.00632481880615652,0.00233448247780884,0,0.00274165965417085,0,5.4290290181601e-05,0.0372974293547599,0.00667770569233693,0.00371888487743967,0.000922934933087217,0.0240777436955401,0,0,0,0,0.00133011210944922,0,0.00217161160726404,0,0,0,0.00054290290181601,0.000705773772360813,0.00770922120578735,0.00154727327017563,0,0.00602622221015771,0.00149298297999403,8.14354352724015e-05,0,0.0171828768424767,0.000135725725454003,0,0,0,0.00195445044653764,0,0.00317598197562366,0.000787209207633215,0,0,0,0,0.00105866065854122,0,0,0,0,0.00135725725454003,0.000135725725454003,0.00146583783490323,0.000814354352724015,0.00051575775672521,0,0.00496756155161649,0.00287738537962485,0,0,0,0,0,0.000732918917451614,0.000434322321452808,0,0,0,0,0.000352886886180407,0,0,0,0,0,0,0.00176443443090203,0,0,0.00371888487743967,0,0,0.00230733733271804,0.000570048046906811,0,0,0.00154727327017563,0,0,0,0.00333885284616846,0.00377317516762127,0,0,0.000244306305817205,0,0,0,0,0,0.000325741741089606,0,0,0,0,0.000950080078178018,0,0,0,0.00363744944216727,0,0,0,0,0,0.000325741741089606,0,0,0.000108580580363202,0,0,0,0,0,0,0,0,0,0,0,0.00295882081489726,0.00133011210944922,0,0,0,0,0,0,0,0,0.00160156356035723,0,0,0,0,0,0,0.000950080078178018,0,0,0,0,0,0,0,0,0,0,0,0.00100437036835962,0,0,0.000434322321452808,0,0,0,0,0,0,0,0,0,0,0,0,0,0,0.000325741741089606,0,0,0,0,0,0,0,0.000434322321452808,0,0,0,0,0,0,0,0,8.14354352724015e-05,0,0,0,0,0,0,0,0,0,0,0,0,0,0,0,0,0,0,0,0,0,0,0,0,0,0,0,0,0,0,0,0.000108580580363202,0,0,0,0,0,0,0,0,0,0,0,0,0
2172,"PRJNA691455|SRR13423249","PRJNA691455","SRR13423249","SAMN17293375","PRJNA691455_NS1","PRJNA691455_NS1","NY35H14001FFO011","Stool","Non_sepsis_ICU","Non_sepsis_ICU","Yes","Baseline/one-time sample",NA,1,"ICU_admission","None",NA,NA,NA,"Core_case_control","Development","Include","Confirmed","API + paper","High",NA,"PASS","Non-sepsis ICU comparator; antibiotic exposure not inferred.","Core_Case_Control",35383,35383,0,0,"uniform_target_Bacteria_Archaea_v1","rerun_v2_R1_single_end","Project_Final_Nonzero",0.000310883757736766,0.000791340474239041,0.00562416979905604,0.000339145917531018,5.6524319588503e-05,0.000339145917531018,0,0,0,8.47864793827544e-05,0.00115874855156431,0.000169572958765509,0.000423932396913772,0.000310883757736766,0.00019783511855976,0.000932651273210299,0.00130005935053557,0.00056524319588503,0.000141310798971257,0,0,0.000169572958765509,8.47864793827544e-05,0.1838736116214,0.000169572958765509,5.6524319588503e-05,0,0.00115874855156431,5.6524319588503e-05,0,0.000480456716502275,0.0286860921911653,0,0.151824322414719,0,0,0,0.000254359438148263,2.82621597942515e-05,0.000254359438148263,0.000141310798971257,0.000169572958765509,0,0,0,0.05663736822768,0,0.00802645338156742,0.000169572958765509,0,0,0,0,0,5.6524319588503e-05,0,0,0.00056524319588503,5.6524319588503e-05,0,0.000113048639177006,0.00220444846395162,0.158352881327191,0.0730011587485516,0,0,0.000141310798971257,0,8.47864793827544e-05,0.00155441878868383,0,0,0,8.47864793827544e-05,0.00019783511855976,0.000876126953621796,0.115761806517254,0,2.82621597942515e-05,0.0027979538196309,0.0300992001808778,0.000141310798971257,0.00743294802588814,0.0267642653251561,0,0,0.00019783511855976,0,0,0,0,0,0.00480456716502275,0,0,5.6524319588503e-05,0,0.0202357064126841,0.000480456716502275,0,0,0,0,0,0,0.000254359438148263,0,0,0.00958087217025125,0,0,0.00672639403103185,0,0,0,0,0,0,0,0,0.00141310798971257,0,0.0196422010570048,0,0.00203487550518611,0,0.000932651273210299,0,5.6524319588503e-05,0,0,0,0,0,0,0,0,0,0,0,0,0,0,0,0.0058220049176158,0,0,0,0,0,2.82621597942515e-05,0,0,0.00243054574230563,0,0,0,0,0,0,0.000310883757736766,0,0,0.00327841053613317,0,0.00799819122177317,0,0,0,0,0.00440889692790323,0,0,0,0.000310883757736766,0,0,0,0,0,0,0,0,0,0,0.00245880790209988,0,0,0,0,0,0.00056524319588503,0,0.00155441878868383,0,0,0,0,0,0.000282621597942515,0,0,0,0,0.000169572958765509,0,0.00110222423197581,0,0,0.00115874855156431,0,0,0,0,0,0,0,0,0,0,0,0,0,0,0,0.000706553994856287,0,0,0,0,0,0,0,0,0,0,0,0,0,0,0,0,0,0,0,0,0.000141310798971257,0.000310883757736766,0,0,0,0,0,0,0,0,0,0,0.000226097278354012,0.000226097278354012,0,0,0,0,0,0,0,0.000169572958765509,0,0,0,0,0,0,0,0,0,0,0,0,0,0,0,0,5.6524319588503e-05,0,0,0,0
2175,"PRJNA691455|SRR13423252","PRJNA691455","SRR13423252","SAMN17293372","PRJNA691455_S10","PRJNA691455_S10_1","NY35H13019FFO011","Stool","Sepsis",NA,"Yes","Day 1",1,1,"ICU_admission","None",NA,NA,NA,"Core_case_control","Development","Include","Confirmed","API + paper","High",NA,"PASS","SRA labels the first sepsis sample as Day 1; paper describes admission/0d. Raw label retained.","Core_Case_Control",59768,59768,0,0,"uniform_target_Bacteria_Archaea_v1","rerun_v2_R1_single_end","Project_Final_Nonzero",0.0368089947798153,0.126907375184045,0.101090884754384,0.238053808057824,0,0.000150582251371972,0.0158613304778477,0.0436688528978718,5.01940837906572e-05,0.0291627626823718,0,0,0.000334627225271048,0.00267701780216838,0.0461618257261411,0.0324923035738188,0.0190402891179226,0,6.69254450542096e-05,0,0,0,0.00076964261812341,0,0.000384821309061705,0.0241266229420426,0.000117119528844867,0.0589780484540222,0.00048520947664302,6.69254450542096e-05,0.0192243340918217,0.000685985811805648,0,0.000167313612635524,0,0,0.00133850890108419,0.00230892785437023,0,0,0,0.000117119528844867,0.00287779413733101,0,0.00913532324989961,0.000234239057689734,0.000368089947798153,0.000518672199170124,0.000870030785704725,0,0,0.000669254450542096,8.3656806317762e-05,0,0.00396533261946192,0,0.000518672199170124,0.00189064382278142,0,0,0.00048520947664302,0.000250970418953286,0.000368089947798153,0,0,0.000987150314549592,0,0,0.000200776335162629,0,6.69254450542096e-05,0,0.0010206130370767,0.000552134921697229,0,0.000702717173069201,0,8.3656806317762e-05,0.000217507696426181,0.000167313612635524,0.000301164502743943,0.0131173872306251,6.69254450542096e-05,0,0.000451746754115915,0,0.00605675277740597,0,0.000284433141480391,0.00112100120465801,0.00083656806317762,0.00115446392718512,0,0.0120800428322848,0.000518672199170124,0.0111430866015259,0.00990496586802302,0,0,0,0,0,0.00667581314415741,0.00498594565653862,0,0.00209142015794405,0,0.00103734439834025,0.000267701780216838,0.00112100120465801,0,0,0,0.000217507696426181,0,0,0,0,0,0.000435015392852362,0.000117119528844867,0,0,0.00103734439834025,0,0,0.000100388167581314,0,0.000736179895596306,0,0,0,0,0,0.00353031722660956,0.00179025565520011,0,0,0,0.000384821309061705,0.00195756926783563,0,0.0031622272788114,0,0,0,0,0,0,0,0,0.00113773256592156,0,0,0,0,0,0,0.000619060366751439,0,0,0,0,0,0,0,0.000133850890108419,6.69254450542096e-05,0,0,0,0,0,0,0,0.000317895864007496,3.34627225271048e-05,1.67313612635524e-05,0,0,0,0,0,0,0.000267701780216838,0,0,0,0.0010206130370767,0,0,0,0,0,1.67313612635524e-05,0,0,0,0,0,0,0,0,0,0,0.000669254450542096,0,0,0,0,0,0,0,0,0,0,0,0,0,0,0,0,0,0,0,0,0,0,0,0,0,0,0,0,0,0,0,0,0,0,0,0,0,0,0,0,0,0,0.000184044973899076,0,0,0,0,0,0,0,0,0,0,0,0,0,0,0,0,0,0,0,0,0,0,0,0,0,0,0,0,0,0,0,0,0,0,0,0,0,0,0,0
2178,"PRJNA691455|SRR13423255","PRJNA691455","SRR13423255","SAMN17293369","PRJNA691455_S9","PRJNA691455_S9_1","NY35H13018FFO011","Stool","Sepsis",NA,"Yes","Day 1",1,1,"ICU_admission","None",NA,NA,NA,"Core_case_control","Development","Include","Confirmed","API + paper","High",NA,"PASS","SRA labels the first sepsis sample as Day 1; paper describes admission/0d. Raw label retained.","Core_Case_Control",67568,67568,0,0,"uniform_target_Bacteria_Archaea_v1","rerun_v2_R1_single_end","Project_Final_Nonzero",1.47999052806062e-05,0.0919666114136869,0.0972945773147052,0.0218150603836135,0.00173158891783093,0,0,8.87994316836372e-05,0.000162798958086668,0,0.0311982003315179,0,0.0294518115084063,0.000680795642907885,0.00361117688846791,0.0125207198673928,0.0550852474544163,0.012402320625148,0.000725195358749704,0,0.000621596021785461,0.000207198673928487,0.00396637461520246,0.0219038598152972,0.00213118636040729,0.0312426000473597,0.000147999052806062,0.0156878995974426,0.000621596021785461,0,0.0213118636040729,0.00207198673928487,0,0.00608276107032915,0.0736739284868577,0.000340397821453943,0,0,0.000133199147525456,0.0073999526403031,0.00137639119109638,0.00150959033862183,0,0,0,0.00751835188254795,0.000192398768647881,0.00165758939142789,0.00933874023206251,0,0,0.000991593653800616,0.00294518115084063,0,0.00685235614492067,0.035667771726261,0,0.0532944589154629,0.000207198673928487,0.00152439024390244,0.00482476912147762,0.00097679374852001,0.0307542031730997,0.00677835661851764,0,0,0.0216522614255269,0,0.0145039071749941,0.0179078853895335,0.00171678901255032,0,0,0.00828794695713947,0.00994553634856737,0.00438077196305944,0.0235170494908833,0.000917594127397585,0.000207198673928487,0.000517996684821217,0.0276166232536112,0.00489876864788065,0,0.00538716552214066,0,0,0.00344837793038125,0,0,5.91996211224248e-05,0,0.00408477385744731,0,0,0.00109519299076486,0.00097679374852001,0,0.00630475964953824,0.000399597442576367,0,0,0,0,0,0,0.00266398295050912,0.000473596968979399,0,0.000532796590101823,0.00054759649538243,0.00133199147525456,0.00352237745678428,0.00156878995974426,0,0,0.0028711816244376,4.43997158418186e-05,0,5.91996211224248e-05,0,0.000192398768647881,0,0.00528356618517641,0,0.000651195832346673,0,0.000207198673928487,0,0.00293038124556003,0,0.00449917120530429,0.000147999052806062,0,0.000103599336964243,0,0.000562396400663036,0,0,0,0,0.00322637935117215,0,0,0,0.00183518825479517,0,0,0,0,0,0,0.00128759175941274,0,0.00318197963533033,0,0,0,0,0.000621596021785461,0,0,0,0,0.000369997632015155,0.000843594600994554,0.000473596968979399,0.000369997632015155,0,0,0,0.00145039071749941,0,0,0,0,0,0,0,0,0,0.00137639119109638,0,0,0.00108039308548425,0,0.000828794695713947,0,0,0,0,0.000473596968979399,0.0014207909069382,0,0,0,0,0.000577196305943642,0,0,0.000695595548188492,0,0,0,0.000636395927066067,1.47999052806062e-05,0,0,0,0,0,0,0,0,0,0,0.000473596968979399,0.000340397821453943,0,0,0,0,0,0,0,0,0,0,0,0,0,0,0,0,0,0,0,0,0,0,0,0,0,0,0,0,0,0,0,0,0,0,0,0,0,0,0,0,0,0,0,0,0,0,0.000103599336964243,0,0,0,0,0,0,0,0,0,0,0,0,0,0,0,0,0,0,0,0,0,0,0,0,0
2181,"PRJNA691455|SRR13423258","PRJNA691455","SRR13423258","SAMN17293366","PRJNA691455_S8","PRJNA691455_S8_1","NY35H13017FFO011","Stool","Sepsis",NA,"Yes","Day 1",1,1,"ICU_admission","None",NA,NA,NA,"Core_case_control","Development","Include","Confirmed","API + paper","High",NA,"PASS","SRA labels the first sepsis sample as Day 1; paper describes admission/0d. Raw label retained.","Core_Case_Control",51493,51493,0,0,"uniform_target_Bacteria_Archaea_v1","rerun_v2_R1_single_end","Project_Final_Nonzero",0.000174781038199367,0.349095993630202,0.428524265434137,0.000116520692132911,0,0.000194201153554852,0,0.000252461499621308,9.71005767774261e-05,0.0105839628687394,9.71005767774261e-05,0,0.000349562076398734,0.00349562076398734,0.000990425883129746,0.0910803410172256,0,0,0.000135940807488396,0,0,0,0,3.88402307109704e-05,0.0246829666168217,0,0,0.000835064960285864,0.0297710368399588,0,1.94201153554852e-05,1.94201153554852e-05,0,0,0,0,0,3.88402307109704e-05,0,1.94201153554852e-05,0,1.94201153554852e-05,0,0,0.00116520692132911,0,0.000699124152797468,0.00479676849280485,0,0,0.0107587439069388,9.71005767774261e-05,0,0,0,0,0,0,0,0,0,0,0.000174781038199367,0,0,0.0031460586875886,0,0,0,0.00130114772881751,0.00873905190996834,0,5.82603460664556e-05,0,0,0.000155360922843882,0,0,0,0.00165070980521624,0,0,5.82603460664556e-05,0,0,0,0.000135940807488396,0,0.00396170353251898,0,0,0.00128172761346202,0,0,0,0,0,0,0,1.94201153554852e-05,0,0.00089332530635232,0,0,0,0,0,0,0,0,0,0,0,0,0,0,0,0,0.0102538209076962,0,0.000815644844930379,0,0,0,0,0,0.000815644844930379,0,0,0,0,0,0,0.000135940807488396,0,0,0,0,0,0,0,0,0,0,0,0,0,0,0,0,0,0,0,0,0,0,0,0,0,0,0,0,0,0,0,0,1.94201153554852e-05,0,0,0,0,0,0,0,0.000252461499621308,0,0.000213621268910337,0,0,0,0,0,0,0,0,0,0,0,0,0,0,0,0,0,0,0,0,0,0,0,0,0,0,0,1.94201153554852e-05,0,0,0,0,0,0,0,0,0,0,0,0,0,0.000582603460664556,0,0,0,0,0,3.88402307109704e-05,0,0,0,0,0,0,0,0,0,0,0,0,0,0,0,0,0,0,0,0,0,0,0,0,0,0,0,0,0,0,0,0,0,0,0,0,0,0,0,0,0,0,0,0,0,0,0,0,0,0,0,0,0,0,0,0,0,0,0,0,0,0,0,0
2185,"PRJNA691455|SRR13423262","PRJNA691455","SRR13423262","SAMN17293363","PRJNA691455_S7","PRJNA691455_S7_1","NY35H13016FFO011","Stool","Sepsis",NA,"Yes","Day 1",1,1,"ICU_admission","None",NA,NA,NA,"Core_case_control","Development","Include","Confirmed","API + paper","High",NA,"PASS","SRA labels the first sepsis sample as Day 1; paper describes admission/0d. Raw label retained.","Core_Case_Control",53785,53777,8,0.000148740355117598,"uniform_target_Bacteria_Archaea_v1","rerun_v2_R1_single_end","Project_Final_Nonzero",0.00795879279245774,0.288227309072652,0.000278929653941276,9.29765513137587e-05,1.85953102627517e-05,0.347118656674787,0.0977555460512859,0.000130167171839262,0.189002733510609,0.00011157186157651,0,5.57859307882552e-05,0,0,0,7.43812410510069e-05,3.71906205255035e-05,0,0,3.71906205255035e-05,0,0,3.71906205255035e-05,0,1.85953102627517e-05,0,0,0,0,0,0,0.000130167171839262,0,0,0,0,0,0.0107480893318705,0.00317979805493055,0,0,0,0,0,0,0,1.85953102627517e-05,0.000799598341298325,0,0,0,0,0,0,0,0,0,3.71906205255035e-05,0,0,0,0,0,0,0,0,0.00392361046544062,7.43812410510069e-05,0,0,0,0,0,0,0,0.00264053405731075,0,0,0,0.000223143723153021,0,0,0,0,0.0155270840693977,0,0,0,0,0,0,0,0,0,0,0,0.00042769213604329,0,0,0,0,0,0,0,0,0,0,0,0,0,0,0,0,0,0,0,0,0.00316120274466779,0,0,9.29765513137587e-05,0,0,0,0,0,9.29765513137587e-05,0,0,0,0,0,0,0,1.85953102627517e-05,0,0,0.00042769213604329,0,0,0,0,0,0,0,0.00342153708834632,0.00193391226732618,0.000725217100247318,0,0,0,0,0,0,0,0,0,0,0,0,0.00042769213604329,0,0,0,0,0,0,0,0,0,0,0,0,0,0,0,0,0,0,0,0,0,0,0,0,0,0,0,0,0,0,0,0,0,0,0,0,0,0,0,0,0,0,0,0,0,0,0,0,0,0,0,0,0,0,0,0,0,0,0,0,0,0,0,0,0,0,0,0,0,0,0,0,0,0,0,0,0,0,0,0,0,0,0,0,0,0,0,0,0,0,0,0,0,0,0,0,0,0,0,0,0,0,0,0,0,0,0,0,0,0,0,0,0,0,0,0,0,0,0,0,0,0,0,0,0,0,0,0
2188,"PRJNA691455|SRR13423265","PRJNA691455","SRR13423265","SAMN17293360","PRJNA691455_S6","PRJNA691455_S6_1","NY35H13015FFO011","Stool","Sepsis",NA,"Yes","Day 1",1,1,"ICU_admission","None",NA,NA,NA,"Core_case_control","Development","Include","Confirmed","API + paper","High",NA,"PASS","SRA labels the first sepsis sample as Day 1; paper describes admission/0d. Raw label retained.","Core_Case_Control",41619,41602,17,0.000408467286575843,"uniform_target_Bacteria_Archaea_v1","rerun_v2_R1_single_end","Project_Final_Nonzero",0.528484207490025,0.000192298447190039,0.000721119176962646,0,0,7.21119176962646e-05,0.263785394932936,2.40373058987549e-05,0,0,4.80746117975097e-05,0,7.21119176962646e-05,0.000168261141291284,9.61492235950195e-05,0.000168261141291284,0,0,0,0,0,0,0,0,7.21119176962646e-05,0,0,0,0,0,0,0,0,0,0,0,0,0,0,0,0,0,0,0,4.80746117975097e-05,0,4.80746117975097e-05,0.00139416374212778,0,0,0,0,0,0.000216335753088794,0,0,0,0,0,0,0,0,0,0,0,0,0,0,0,0,0,0,0,0,0,0.00567280419210615,0,4.80746117975097e-05,0,0.000624969953367627,0,0,0,0,0,0,0,0.0285803567136195,0,0,0,0,0,0,0,0,0,0,0,0,0,0,0,0,0.0173789721647998,0,0,0,0.00384596894380078,0,0,0,0,0,0,0,0,0,0,0,0.000168261141291284,0,0,0,0,0,0.000240373058987549,0,0,0,0,0,0,0,0,0,0,0,0,0,0,0,0,0,0,0,0,0.000649007259266381,0,0,0,0,0,0,0,0,0,0,0,0,0,0,0,0,0,0,0,0,0,0,0,0,0,0,0,0,0,0,0,0,0,0,0,0,0,0,0,0,0,0,0,0,0,0,0,0,0,0,0,0,0,0,0,0,0,0,0,0,0,0,0,0,0,0,0,0,0,0,0,0,0,0,0,0,0,0,0,0,0,0,0,0,0,0,0,0,0,0,0,0,0,0,0,0,0,0,0,0,0,0,0,0,0,0,0,0,0,0,0,0,0,0,0,0,0,0,0,0,0,0,0,0,0,0,0,0,0,0,0,0,0,0,0,0,0,0,0,0,0
2191,"PRJNA691455|SRR13423268","PRJNA691455","SRR13423268","SAMN17293357","PRJNA691455_S5","PRJNA691455_S5_1","NY35H13011FFO011","Stool","Sepsis",NA,"Yes","Day 1",1,1,"ICU_admission","None",NA,NA,NA,"Core_case_control","Development","Include","Confirmed","API + paper","High",NA,"PASS","SRA labels the first sepsis sample as Day 1; paper describes admission/0d. Raw label retained.","Core_Case_Control",58033,58033,0,0,"uniform_target_Bacteria_Archaea_v1","rerun_v2_R1_single_end","Project_Final_Nonzero",0.156910723209209,0.000224010476797684,0.288852894043044,0.000878810332052453,0,0,0,0.0200920166112384,0,0.0224010476797684,0,0.012406734099564,0.000448020953595368,0.0563300191270484,0.0743542467216928,0.0784553616046043,0.00206778901659401,0,1.72315751382834e-05,0,0,0,0.109075870625334,0,0,0,0,0,0.000275705202212534,0.000189547326521117,0.00406665173263488,1.72315751382834e-05,0,8.6157875691417e-05,0,0,0,0,0,0,0.000241242051935967,0,0,0.00522116726689987,0.0236417210897248,0.001033894508297,0.0533661882032637,0.00117174710940327,0,0,3.44631502765668e-05,0,0.000448020953595368,0,0.00473868316302793,0,0.000224010476797684,0.000947736632605586,0,0,0,0,0,0.000637568280116485,0,0,0,0.00358416762876295,0,0,0,0,0.000482484103871935,0,5.16947254148502e-05,0,0,0.0313614667516758,0.0133027760067548,0.000344631502765668,0,0,0,0,0,0,0,0,0,0.000206778901659401,0,0,0,0,0,0,0,0,0,0,0,0,0,0,0,0,6.89263005531336e-05,0,0.0001033894508297,0,0.000465252528733652,0,0,0.000603105129839919,0,0,0,0,0,0,0.000137852601106267,0,0,0,0,0,0.000155084176244551,0,0,0,0,0.000310168352489101,0.00434235693484741,0,0,0,0,0,0,0,0.00167146278841349,0,0,0,0,0,0.000155084176244551,0,0,0,0,0,0,0,0,0,0,0,6.89263005531336e-05,0,0.00167146278841349,0,0,0,0,0,0,0.000206778901659401,0,0,0,0,0,0,0,0.000603105129839919,0,0,0,0,0,0,0,0,0.000137852601106267,0,0,0,0,0,0,0,0,0,0,0,0,0,0,0,0,0,0,0,0,0,0,0,0,0,0,0,0,0,0,0,0,0,0,0,0.000516947254148502,0,0,0,0,0,0,0,0.000723726155807902,0,0,0,0.000361863077903951,0,0,0,0,0,0,0,0,0,0,0,0,0,0,0,0,0,0,0,0,0,0,0,0,0,0,0,0,0,0,0,0,0,0,0,0,0,0,0,0,0,0,0,0,0,0,0,0,0,0,0,0,0,0,0,0
2194,"PRJNA691455|SRR13423271","PRJNA691455","SRR13423271","SAMN17293346","PRJNA691455_S1","PRJNA691455_S1_1","NY35H13001FFO011","Stool","Sepsis",NA,"Yes","Day 1",1,1,"ICU_admission","None",NA,NA,NA,"Core_case_control","Development","Include","Confirmed","API + paper","High",NA,"PASS","SRA labels the first sepsis sample as Day 1; paper describes admission/0d. Raw label retained.","Core_Case_Control",47984,47984,0,0,"uniform_target_Bacteria_Archaea_v1","rerun_v2_R1_single_end","Project_Final_Nonzero",0.0358661220406802,0.426767255751917,0.0181935645215072,0.0154218072690897,4.16805601867289e-05,0.00208402800933645,0.0084403134378126,0.000145881960653551,6.25208402800934e-05,0.00018756252084028,0,0.000625208402800934,0.00210486828942981,0.00591863954651551,0.00362620873624542,0.0500583527842614,0.00362620873624542,0,0.000625208402800934,0.000354284761587196,0.000666888962987663,8.33611203734578e-05,0.00508502834278093,0.00018756252084028,0.000395965321773925,0.0133586195398466,0,0.00739829943314438,0.127730076692231,0.00139629876625542,0.0009378126042014,0.000145881960653551,0,0.00018756252084028,0,0,0,0.155135045015005,0,0.000291763921307102,0.000395965321773925,0,0,0,0,2.08402800933645e-05,0.000479326442147382,0.00287595865288429,0.000333444481493831,0,0,0.0409094698232744,0.00075025008336112,0,0.000687729243081027,0,0,0.00210486828942981,0,0,0.0114829943314438,0.0018756252084028,0.000541847282427476,0,0,0,0,0,0.00145881960653551,0,0,0,0,0.000145881960653551,0.000270923641213738,0.00314688229409803,0,0.000229243081027009,0.00166722240746916,0.00056268756252084,0,0.00141713904634878,0.000208402800933645,0,0,0,0.00164638212737579,0,0,0.000208402800933645,0,0.000166722240746916,0,0.00546015338446149,0.000708569523174391,8.33611203734578e-05,0,0,0.000125041680560187,0.000208402800933645,0,0.000291763921307102,0,0.000625208402800934,0,4.16805601867289e-05,0.000395965321773925,0,0,0.000604368122707569,0,0,0,0,4.16805601867289e-05,0.000312604201400467,0,0,8.33611203734578e-05,0.000250083361120373,0.000333444481493831,0.000729409803267756,0,0,0,0,0.000270923641213738,0,0.0012920973657886,0.00550183394464822,0,0.00227159053017673,6.25208402800934e-05,8.33611203734578e-05,0.00018756252084028,8.33611203734578e-05,0,0,0,0,0.00116705568522841,0,0,0,0,0,0,0,0,0,2.08402800933645e-05,0,0,0,0,0,0,0,4.16805601867289e-05,0,0,0,0,0,0,0,0,0.000229243081027009,0,0,0,4.16805601867289e-05,0,0,0.000812770923641214,0,0,0,0,0,0,0,0,0,0,0,0,0,0,0,0,0,0,0,0,0,4.16805601867289e-05,0,0.000208402800933645,0,0,0,0,0,0.000104201400466822,0,0,0,0,0,0,0,0.000291763921307102,0,0,0,0,0,0,0.000270923641213738,0,0,0,0,0,0,0,0,0,0,0,0.000145881960653551,0,0,0,0,0,0,0,0.000291763921307102,0,0,0,0,0,0,0,0,0,0,0,0,0,0,0,0,0,0,0,0,0,0,0,0,0,0,0,0,0,0.000125041680560187,0,0,0,0,0,0,0,0,0,0,0,6.25208402800934e-05,6.25208402800934e-05,0,0,0,0,0,0
2146,"PRJNA691455|SRR13423223","PRJNA691455","SRR13423223","SAMN17293355","PRJNA691455_S4","PRJNA691455_S4_3","NY35H13006FFO021","Stool","Sepsis",NA,"No","Day 3",3,2,"ICU_admission","None",NA,NA,NA,"Longitudinal","Not_for_model","Include","Confirmed","API + paper","High",NA,"PASS","SRA labels the first sepsis sample as Day 1; paper describes admission/0d. Raw label retained.","Longitudinal_Support",33252,33243,9,0.000270660411403825,"uniform_target_Bacteria_Archaea_v1","rerun_v2_R1_single_end","Project_Final_Nonzero",0.891947176849262,0.000992690190416027,0.000300815209216978,0,0,0.000421141292903769,0,6.01630418433956e-05,0.000330896730138676,6.01630418433956e-05,0,0.000120326083686791,0,0,3.00815209216978e-05,0.000120326083686791,0,0,0,0.094666546340583,0,0,0,0,0,0,0,0,0,0,0.000120326083686791,0,0,0,0,0,0,0.000210570646451885,0,0,0,6.01630418433956e-05,0,0,0,0,6.01630418433956e-05,0.0013536684414764,0,0,0,0,0,0,0,0,0,9.02445627650934e-05,0,0,0,0,0,0,0,0,6.01630418433956e-05,0,0,0,0,0,0,0,0,0.000180489125530187,0,0,0,0.000902445627650934,0,0,9.02445627650934e-05,0,0,0,0,0,0,0,0,0,0,0,0,0,0,0,0.00249676623650092,0,0,0,0,0,0,0,0,0,0,0,0,0,0,0,0,0,0.000721956502120747,0,0,0,0.000360978251060374,0,0,0,0,0,0.000210570646451885,0,0,0,0,0,0,0,0,0,0,0,0,0,0,0,0,0,0,0,0,0,0,0,0,0,0,0,0,0,0,0,0,0.000300815209216978,0,0,0,0,0,0,0,0,0,0,0,0,0,0,0,0,0,0,0,0,0,0,0,0,0,0,0,0,0,0,0,0,0,0,0.00159432060884998,0,0,0,0,0,0,0,0,0,0,0,0,0,0,0,0,0,0,0,0,0,0,0,0,0,0,0,0,0,0,0,0,0,0,0,0,0,0,0,0,0,0,0,0,0,0,0,0,0,0.000330896730138676,0,0,0,0,0,0,0,0,0,0,0,0,0,0,0,0,0,0,0,0,0,0,0,0,0,0.000150407604608489,0,0,0,0,0,0,0,0,0,0,0,0,6.01630418433956e-05,0,0,0,0,0
2148,"PRJNA691455|SRR13423225","PRJNA691455","SRR13423225","SAMN17293353","PRJNA691455_S3","PRJNA691455_S3_7","NY35H13004FFO031","Stool","Sepsis",NA,"No","Day 7",7,3,"ICU_admission","None",NA,NA,NA,"Longitudinal","Not_for_model","Include","Confirmed","API + paper","High",NA,"PASS","SRA labels the first sepsis sample as Day 1; paper describes admission/0d. Raw label retained.","Longitudinal_Support",34280,34280,0,0,"uniform_target_Bacteria_Archaea_v1","rerun_v2_R1_single_end","Project_Final_Nonzero",0.00186697782963827,0,0.00988914819136523,0.00160443407234539,0.764089848308051,0.000495915985997666,0.00014585764294049,0,0.00711785297549592,0.0058051341890315,0,0.00382147024504084,0.000495915985997666,5.8343057176196e-05,0.00510501750291715,0.00557176196032672,0.00364644107351225,0,0,0,0.000116686114352392,0,0,0,0,0.0450116686114352,0,0.0765460910151692,0.00125437572928821,0,0.00119603267211202,0.000670945157526254,0,0.000262543757292882,2.9171528588098e-05,0,0.00460910151691949,0,0,0,0,0.000700116686114352,0,0,5.8343057176196e-05,2.9171528588098e-05,0,0.00405484247374562,0,0,0,0.000262543757292882,0,0,0,0,0,0.00113768961493582,0,0,0.00396732788798133,0,0.000262543757292882,0.00116686114352392,0,0,0.000233372228704784,0,0.000466744457409568,0,0,0,0.0014585764294049,8.7514585764294e-05,0,0.00116686114352392,8.7514585764294e-05,0.00253792298716453,0.0154025670945158,0.00128354725787631,0.00344224037339557,0.000116686114352392,0,0,0,0,0,0,0.000116686114352392,0,2.9171528588098e-05,0.000379229871645274,0,0,0.000175029171528588,0.00452158693115519,0,0.000204200700116686,0.00259626604434072,0,0,0,0,0,0,8.7514585764294e-05,0.000320886814469078,0,0.000175029171528588,0,0,0.000204200700116686,0,0,0,0.000904317386231039,0,0,0,0,0.00072928821470245,0,0.00014585764294049,0,0,0,0.00058343057176196,5.8343057176196e-05,0,0,0,0.000116686114352392,0,0,0,0,0,0,0,0,0.00157526254375729,0,0,0,0,0,0,2.9171528588098e-05,0,0,0,0,0,0,0.00402567094515753,0,0,0,0,0.00058343057176196,0,0,0,0,0,0,0,0,0,0,0,0,0,0,0,0,0,0,0,0,0,0,0,0,0,0,0,0,0,0,0,0,0,0,0,0,0,0,0,0,0,5.8343057176196e-05,0.00128354725787631,0,5.8343057176196e-05,0,0,0,0,0,0,0,0,0,0,0,0,0,0,0,0,0,0,0,0,0,0,0,0,0,0,0,0,0,0,0,0,0,0,0,0,0,0,0,0,0,0,0,0,0,0,0,0,0,0,0,0,0,0,0,0,0,0,0,0,0,0,0,0,0,0,0,0,0,0,0,0,0,0,0,0,0,0,0,0,0,0,0,0
2150,"PRJNA691455|SRR13423227","PRJNA691455","SRR13423227","SAMN17293351","PRJNA691455_S2","PRJNA691455_S2_7","NY35H13002FFO031","Stool","Sepsis",NA,"No","Day 7",7,3,"ICU_admission","None",NA,NA,NA,"Longitudinal","Not_for_model","Include","Confirmed","API + paper","High",NA,"PASS","SRA labels the first sepsis sample as Day 1; paper describes admission/0d. Raw label retained.","Longitudinal_Support",40716,40716,0,0,"uniform_target_Bacteria_Archaea_v1","rerun_v2_R1_single_end","Project_Final_Nonzero",0.0671480499066706,0.00120345810000982,0.267192258571569,0.00194026918164849,0.000270164063267512,0.000442086648983201,0.000122801846939778,0.00422438353472836,9.82414775518224e-05,0.0350967678553885,7.36811081638668e-05,0.000417526279595245,0.00061400923469889,0.0217850476471166,0.0548433048433048,0.138864328519501,0.0013262599469496,0.0106592003143727,0.00120345810000982,0,0,9.82414775518224e-05,0,0,0.000171922585715689,4.91207387759112e-05,0,0.00466647018371156,0.098462520876314,0.000982414775518224,0.0151046271735927,0.000933294036742313,0,0,0,9.82414775518224e-05,0.00122801846939778,0,0,0,0,9.82414775518224e-05,0,0.000122801846939778,0.0104381569898811,0,0.0056980056980057,0.00464190981432361,0.0108311229000884,0,0,0.000245603693879556,0.000294724432655467,0,0.000343845171431378,0,0.0252971804695943,0.00356125356125356,0.00189114844287258,0.000810492189802535,0.000171922585715689,0.00564888495922979,0,0.0002210433244916,0,0,7.36811081638668e-05,0,0.000540328126535023,0,0.00891541408782788,0,0.000417526279595245,0,0.000294724432655467,0.000171922585715689,0,0.000196482955103645,0.00491207387759112,0.00159642401021711,0,0.00115433736123391,0.0115679339817271,0,0,0,4.91207387759112e-05,0.000466647018371156,0,0.00957854406130268,0,0,0,0,0,0,0,0,0.000442086648983201,0.000171922585715689,0,0,0.000270164063267512,0.00223499361430396,0,9.82414775518224e-05,0.00248059730818351,0,0,0,0.000319284802043423,0,0.000785931820414579,9.82414775518224e-05,0.000417526279595245,0,0,0,0,0.000270164063267512,0.000761371451026623,0,0,0,0,0,0.000589448865310934,0,0,0,0,0.000589448865310934,0.000122801846939778,0,0,0,0,0,0,0.00184202770409667,7.36811081638668e-05,0,0,0,0,0,0,0,0,0,0,0,0,0,0.000245603693879556,0,0,0,0,0,0,0,0,0,0,0,0,0,0,0,0,0.000466647018371156,0,0,0,0.000171922585715689,0.0002210433244916,0,0,0,0,0,0,0,0,0,0,0,0,0,0,0,0,0,0,0,0,0,0,0,0,0,0,0,0.000171922585715689,0,0,0,0,0,0,0.000122801846939778,0,0,0,0,0,0,0,0,0,0,0,0,0,0,9.82414775518224e-05,4.91207387759112e-05,0,0,0,0,0,0,0,0,0,0,0,0,0,0.000196482955103645,0,0,0,0.000122801846939778,0,0,0,0,0,0,0,0,0,0,0,0,0,0,0,0,0,0,0,0,0,0,0,0,0,0,0,0,0,0,0,7.36811081638668e-05,0,0,0,0,0,0,0,0,0,0,0
2160,"PRJNA691455|SRR13423237","PRJNA691455","SRR13423237","SAMN17293350","PRJNA691455_S2","PRJNA691455_S2_3","NY35H13002FFO021","Stool","Sepsis",NA,"No","Day 3",3,2,"ICU_admission","None",NA,NA,NA,"Longitudinal","Not_for_model","Include","Confirmed","API + paper","High",NA,"PASS","SRA labels the first sepsis sample as Day 1; paper describes admission/0d. Raw label retained.","Longitudinal_Support",43460,43460,0,0,"uniform_target_Bacteria_Archaea_v1","rerun_v2_R1_single_end","Project_Final_Nonzero",0.138518177634607,0.00133456051541647,0.228739070409572,0.00506212609295904,0.000207086976530143,0.000138057984353428,0.000161067648412333,0.00715600552231937,9.2038656235619e-05,0.078255867464335,0,0.00246203405430281,0.00170271514035895,0.00683387022549471,0.119305108145421,0.0524620340543028,0.0268292682926829,0.0223653934652554,0.00211688909341924,0,0,0,0,0,0.000322135296824666,0,0,0.00591348366313852,0.000276115968706857,0.00303727565577543,0.0736079153244363,0.0014726184997699,0,0,0,6.90289921767142e-05,0.000943396226415094,0,0,4.60193281178095e-05,0.000115048320294524,0.00043718361711919,0,0.000644270593649333,0.00223193741371376,0,0.000161067648412333,0.00108145421076852,0.0173492867004142,0,0.000276115968706857,0.000322135296824666,0.000598251265531523,0,0.000713299585826047,0,0.0312011044638748,0.00391164289001381,0.00204786010124252,0.00119650253106305,0.000414173953060285,0.00931891394385642,0,4.60193281178095e-05,0,0,0,0,0.000598251265531523,0,0.00253106304647952,0,9.2038656235619e-05,0,0.000782328578002761,0.000575241601472618,0,0.000368154624942476,0.00368154624942476,0.000368154624942476,0,0.00200184077312471,0.0289691670501611,0,0,0,0,0.000184077312471238,0,0.00975609756097561,0,0,0,0,0,0,0,0,0.00283018867924528,0.000161067648412333,0,0,0.00115048320294524,0.000506212609295904,0,0.000184077312471238,0.00197883110906581,0,0,0,0,0,0.00121951219512195,0.000966405890473999,0.000138057984353428,0,0,0,0,0.000713299585826047,0.000276115968706857,0,0,0,0,2.30096640589047e-05,0,0,0,0,0,0.00151863782788771,0.000506212609295904,0,0,0,0,0,0,0.00218591808559595,4.60193281178095e-05,0,0,0,0,0,0,0,0,0,0,0,0,0,0.000276115968706857,0,0,0,0,2.30096640589047e-05,2.30096640589047e-05,0,0,0,0.000138057984353428,0,0,0.000161067648412333,0,0,0,0.000391164289001381,0,0,4.60193281178095e-05,0,0,0,0,0,0,0,0,0,0,0,0,0,0,0,0,0,0,0,0,0,0,0,0,0,0,0,0,0,0,0,0,0,0,0,0,0.000322135296824666,0,0,0,0,0,0,0,9.2038656235619e-05,0,0,0,0,0,0,0.000115048320294524,0,0,0,0,0,0,0,0,0,0,0,0,0,0,0.000184077312471238,0,0,0,0,0,0,0,0,0,0,0,0,0,0,0,0,0,0,0,0,0,0,0,0,0,0,0,0,0,0,0,0,0,0,0,0,0,0,0,0,0,0,0,0,0,0,0
2173,"PRJNA691455|SRR13423250","PRJNA691455","SRR13423250","SAMN17293374","PRJNA691455_S10","PRJNA691455_S10_7","NY35H13019FFO031","Stool","Sepsis",NA,"No","Day 7",7,3,"ICU_admission","None",NA,NA,NA,"Longitudinal","Not_for_model","Include","Confirmed","API + paper","High",NA,"PASS","SRA labels the first sepsis sample as Day 1; paper describes admission/0d. Raw label retained.","Longitudinal_Support",26366,26366,0,0,"uniform_target_Bacteria_Archaea_v1","rerun_v2_R1_single_end","Project_Final_Nonzero",0.000720625047409543,0.133732837745581,0.309489494045361,0.133656982477433,0,0.000796480315557916,0.000568914511112797,0.219714784191762,0,0.107638625502541,0,0,3.79276340741865e-05,0,0.0105059546385496,0.0114920731244785,0,0,0,0,0,0,0,0,0,0.0115300007585527,0.00940605325039824,0.00163088826519002,0.000113782902222559,0,7.58552681483729e-05,0,0,0.0019722369718577,0,0,0,0,0,0,0,0,0,0,0.000493059242964424,0,0,0.000568914511112797,0,0,3.79276340741865e-05,0.000227565804445119,0,0,0.000113782902222559,0,0.00432375028445726,7.58552681483729e-05,0,0,0,0,0.000986118485928848,7.58552681483729e-05,0,0,0,0,0,0,0,0,0,7.58552681483729e-05,0,0,0,0.00219980277630281,0,7.58552681483729e-05,0,0,0,0,0,0,0.00053098687703861,0,0.000834407949632102,0,0,0.000606842145186983,0,0.000606842145186983,0,0.000493059242964424,0,0,0,0,0,0,0.00185845406963514,0.00383069104149283,0,0,0,0.000720625047409543,0,0,0,0,0,0.00542365167260866,0,0,0,0,0,0,0,0,0,0.00591671091557309,0,3.79276340741865e-05,0,0,0.000227565804445119,0,0,0,0,0,0.00151710536296746,0,0,0,0,0,3.79276340741865e-05,0,0,0,0,0,0,0,0,0,0,0.00144125009481909,0,0,0,0,0,0,0,0,0,0,0,0,0,0,0,0,0,0,0,0,0,0,0,0.00113782902222559,0,0,0,0,0,0,0,0,0,0,0,0,0,0,0,0,0,0,0,0,0,0,0,0.000189638170370932,0,0,0,0,0,0,0,0,0,0,0,0,0,0,0,0,0,0,0,0,0,0,0,0,0,0,0,0,0,0,0,0,0,0,0,0,0,0,0,0,0,0,0,0,0,0,0,0,0,0,0,0,0,0,0,0,0,0,0,0,0,0,0,0,0,0,0,0,0,0,0,0,0,0,0,0,0,0,0,0,0,0,0,0,0,0,0,0,0
2174,"PRJNA691455|SRR13423251","PRJNA691455","SRR13423251","SAMN17293373","PRJNA691455_S10","PRJNA691455_S10_3","NY35H13019FFO021","Stool","Sepsis",NA,"No","Day 3",3,2,"ICU_admission","None",NA,NA,NA,"Longitudinal","Not_for_model","Include","Confirmed","API + paper","High",NA,"PASS","SRA labels the first sepsis sample as Day 1; paper describes admission/0d. Raw label retained.","Longitudinal_Support",45279,45279,0,0,"uniform_target_Bacteria_Archaea_v1","rerun_v2_R1_single_end","Project_Final_Nonzero",0.0193688023145388,0.111685328739592,0.132445504538528,0.234965436515824,0,0.000353364694449966,0.00545506747057135,0.129971951677378,8.83411736124914e-05,0.0941054351907065,0,0,0.000265023520837474,0.00110426467015614,0.0543960776518916,0.0259723050420725,0.000287108814240597,0,0,0,0,0,0.000861326442721792,4.41705868062457e-05,0,0.0163872877051172,0.00136928819099362,0.0352702135647872,0.000287108814240597,0.000110426467015614,0.00784027915810862,0.000287108814240597,0,0.000839241149318669,0,0,6.62558802093686e-05,0.0018330793524592,0,0,0,0,0.000485876454868703,0,0.00574217628481194,2.20852934031229e-05,8.83411736124914e-05,0.000331279401046843,0.000750899975706177,4.41705868062457e-05,0,0.000706729388899932,8.83411736124914e-05,0,0.0026060646215685,0,0.000507961748271826,0.000397535281256211,0,0,0,0.000242938227434351,0.00114843525696239,0,0,0.00015459705382186,0,0,0,0,0,0,0.000839241149318669,0,0,0.00030919410764372,6.62558802093686e-05,0.000750899975706177,0.000220852934031229,8.83411736124914e-05,0,0.00364407341151527,0,0,0.00030919410764372,0,0.00108217937675302,0,0.00030919410764372,0.000706729388899932,0.000220852934031229,0.000507961748271826,0,0.00355573223790278,0,0.00426246162680271,0.0036661587049184,0,0,4.41705868062457e-05,0,0,0.0080169615053336,0.00748691446365865,0,0.000198767640628106,0,0.000905497029528037,2.20852934031229e-05,0.000397535281256211,0,0,0,0.00631639391329314,0,0,0,0,6.62558802093686e-05,0.000331279401046843,0,0,0,0.00443914397402769,0,0.000132511760418737,4.41705868062457e-05,0,0.00141345877779986,0,0,2.20852934031229e-05,0,0,0.00556549393758696,0,0,0,0,0.00046379116146558,0.000662558802093686,0,0.000287108814240597,0,0,0,0,2.20852934031229e-05,0,0,0,0,0,0,0,0,0,0,2.20852934031229e-05,0,0,0,0,0,0,0,0.000132511760418737,0.000110426467015614,0,0,0,0,0,0,0,0.00123677643057488,0,0,0,0,0,0,0,0,0.000353364694449966,0,0,0,0,0,4.41705868062457e-05,0,0,0,0,0,0,0,0,0,0,0,0,0,0,0,0,0,0,0,0,0,0,0,0,0,0,0,0,0,0,0,0,0,0,0,0,0,0,0,0,0,0,0,0,0,0,0,0,0,0,0,0,4.41705868062457e-05,0,0,0,0,0,0,0,0,0,0,0,0,0,0,0,0,0,0,0,0,0,0,0,0,0,0,0,0,0,0,0,0,0,0,0,0,0,0,0,0,0,0,0,0,0
2176,"PRJNA691455|SRR13423253","PRJNA691455","SRR13423253","SAMN17293371","PRJNA691455_S9","PRJNA691455_S9_7","NY35H13018FFO031","Stool","Sepsis",NA,"No","Day 7",7,3,"ICU_admission","None",NA,NA,NA,"Longitudinal","Not_for_model","Include","Confirmed","API + paper","High",NA,"PASS","SRA labels the first sepsis sample as Day 1; paper describes admission/0d. Raw label retained.","Longitudinal_Support",52304,52302,2,3.82379932701132e-05,"uniform_target_Bacteria_Archaea_v1","rerun_v2_R1_single_end","Project_Final_Nonzero",0.00745669381668005,0.000458873465641849,0.383828534281672,0.000344155099231387,0,0.000229436732820925,0,0.0970517379832511,0,0.00110894420863447,0.000133838094145539,0.015391380826737,0.0789262360903981,0.0291575847959925,0.0600741845436121,0.272819395051814,0.000439753737906772,0,0,0,0,3.82394554701541e-05,0,0,0,3.82394554701541e-05,0,0,0,0,0.000286795916026156,0,0,0,0.000114718366410462,0,0.000955986386753853,0.000114718366410462,0,0,0,0,0,0,0.00380482581928033,0,0.00191197277350771,0.00497112921112003,1.91197277350771e-05,1.91197277350771e-05,0,0.00032503537149631,0,0,5.73591832052312e-05,0.000114718366410462,0,5.73591832052312e-05,0,0,5.73591832052312e-05,0,0,0,0,0.00108982448089939,0,0,0,3.82394554701541e-05,0.000152957821880616,0,0.0028297197047914,0,0,0.000420634010171695,0,0.000669190470727697,0.000114718366410462,0.00145309930786586,0,0,0,0,0,0,0,0,0,0.0185078964475546,0,0.00292531834346679,0,7.64789109403082e-05,0,0,0,0,0,0,0,0,0,0,0,0,0.000822148292608313,0,0,0,0,0,0,0,0,0,0,0,1.91197277350771e-05,0,0.000745669381668005,0,0,0,0,0,0.000630951015257543,0,0,0,0,0,0,0,0,0,0,0,0,0,0,0,0,0,0,0,0,3.82394554701541e-05,0,0,0,0,0,0,0,0,0,0,0,0,0.000611831287522466,0,0,0,0,0,0,0,0,0,0,0,0,0,0,0.000535352376582157,0,0,0,0,0,0,0,0,0,0,0,0,0,0,0,0,0,0,0,0,0,0,0,0,0,0,0,0,9.55986386753853e-05,0,0,0,0,0,0,0,0,0,0,0,0,0,0,0,0,0,0,0,0,0,0,0,0,0,0,0,0,0,0,0,0,0,0,0,0,0,0,0,0,0,0,0,0,0,0,0,0,0,0,0,0,0,0,0,0,0,0,0,0,0,0,0,0,0,0,0,0,0,0,0,0,0,0,0,0,0,0,0,0,0,0,0,0
2177,"PRJNA691455|SRR13423254","PRJNA691455","SRR13423254","SAMN17293370","PRJNA691455_S9","PRJNA691455_S9_3","NY35H13018FFO021","Stool","Sepsis",NA,"No","Day 3",3,2,"ICU_admission","None",NA,NA,NA,"Longitudinal","Not_for_model","Include","Confirmed","API + paper","High",NA,"PASS","SRA labels the first sepsis sample as Day 1; paper describes admission/0d. Raw label retained.","Longitudinal_Support",35768,35768,0,0,"uniform_target_Bacteria_Archaea_v1","rerun_v2_R1_single_end","Project_Final_Nonzero",0.0244072914336837,0.0059270856631626,0.440393647953478,0.000391411317378663,0,5.59159024826661e-05,0,0.0094777454708119,0,0.00427756653992395,0,0.0400357861775889,0.153880563632297,0.00696152985909193,0.0256374412883024,0.0342205323193916,0.00724110937150526,2.7957951241333e-05,0,0,0,0,2.7957951241333e-05,0,0,0.000810780585998658,0,0.00360657571013196,2.7957951241333e-05,0,0.000726906732274659,0,0,2.7957951241333e-05,0.000894654439722657,0,0.00150972936703198,0.000111831804965332,0,0,0,0,0,0,0.00257213151420264,0,0.00466897785730262,0.00092261239096399,0,2.7957951241333e-05,0,0.00452918810109595,0,0,0.000391411317378663,0.00120219190337732,0,0.000363453366137329,0,0,0.000475285171102662,0,0,0,0,0.0211362111384478,0,0,0,0.00869492283605457,0.0359818832475956,0,0.00109036009841199,0.000167747707447998,0.000223663609930664,0.00735294117647059,2.7957951241333e-05,0.00332699619771863,0.000419369268619996,0.000587116976067994,0,0.00103444419592932,0,0,0,0,0.000195705658689331,0,0.000810780585998658,0.00128606575710132,0,0.0455714605233728,0,0,0.000223663609930664,5.59159024826661e-05,0,0,0,2.7957951241333e-05,0,0,0,0,0,0,0.00170543502572132,0,0,0.00950570342205323,0,0,0,0,0,0,0,0.000111831804965332,2.7957951241333e-05,0,0.000251621561171997,0,0,0,0,0,0,0,0,0,0.000363453366137329,0,0.000307537463654663,0,0,0,0,0,0,0,8.38738537239991e-05,0,0,0,0,0,0,0,0,0,0,0,0,0,0,0,0,0,0.000167747707447998,0,0.000307537463654663,0,0,0,0,0,0,0,0,0,0,0,0,0,0,0.000363453366137329,0,0,0,0,0.00349474390516663,0,0,0,0,0,0,0,0,0,0.000754864683515992,0,0,0,0,0,0,0,0,0,0,0,0,0,0,0,0,0,0,0,0,0,0,0,0,0,0,0,0,0,0,0,0,0,0,0,0,0,0,0,0,0,0,0,0,0,0,0,0,0,0,0,0,0,0,0,0,0,0,0,0,0,0,0,0,0,0,0,0,0,0,0,0,0,0,0,0,0,0,0,0,0,0,0,0,0,0,0,0,0,0,0,0,0,0,0,0,0,0
2179,"PRJNA691455|SRR13423256","PRJNA691455","SRR13423256","SAMN17293368","PRJNA691455_S8","PRJNA691455_S8_7","NY35H13017FFO031","Stool","Sepsis",NA,"No","Day 7",7,3,"ICU_admission","None",NA,NA,NA,"Longitudinal","Not_for_model","Include","Confirmed","API + paper","High",NA,"PASS","SRA labels the first sepsis sample as Day 1; paper describes admission/0d. Raw label retained.","Longitudinal_Support",38166,38166,0,0,"uniform_target_Bacteria_Archaea_v1","rerun_v2_R1_single_end","Project_Final_Nonzero",0.0847613058743384,0.0921762825551538,0.615233453859456,0.000733637268773254,7.86039930828486e-05,0.000104805324110465,0,0.00343237436461772,0,0.0162186239060944,0,5.24026620552324e-05,0,0.0257297070691191,0.00413981030236336,0.0903945920452759,5.24026620552324e-05,0.000104805324110465,0,0,2.62013310276162e-05,0,0.0085678352460305,0,0,2.62013310276162e-05,0,0,0.0123670282450348,0,0,0,0,2.62013310276162e-05,0,0,0,0,0,0,0,0,0,0,0.000104805324110465,0,0.000628831944662789,0.00128386522035319,0,0,0.00128386522035319,0.00293454907509301,0,0,0,0,0,0,0,0,0,0,0,0,0.000419221296441859,0.0196509982707122,0,0.000131006655138081,0,0.000104805324110465,0,0,0,0,0,0,2.62013310276162e-05,0.00309175706125871,5.24026620552324e-05,0.000497825289524708,0,0,0,0,0,0,0,0,0,0,0,0.000471623958497092,0,0,0,0,0,0,0,0,0,0,0,0,0,0,0.0124456322381177,0,0.000288214641303778,0,0,0,0,0,0,0,0,0,0,2.62013310276162e-05,0.000235811979248546,0,0,0,0,0,7.86039930828486e-05,0,0.000366818634386627,0,0,0,0,0,0,0,0,0,0,0,0,0.00055022795157994,0,0,0,0,0,0,0,0,0,0,0,0,0,0,0,0,0,0,0,0,0,0,0,0,0,0,0,0,0,0,0,0,0,0,0,0,0,0,0,0,0,0,0,0,0,0,0,0,0,0,0,0,0,0,0,0,0,0,0,0,0,0,0,0,0,0,0,0,0,0,0,0,0,0,0,0,0,0,0,0,0,0,0,0,0,0,0,0,0,0,0,0,0,0,0,0,0,0,0,0,0,0,0,0,0,0,0,0,0,0,0,0,0,0,0,0,0,0,0,0,0,0,0,0,0,0,0,0,0,0,0,0,0,0,0,0,0,0,0,0,0,0,0,0,0,0,0
2180,"PRJNA691455|SRR13423257","PRJNA691455","SRR13423257","SAMN17293367","PRJNA691455_S8","PRJNA691455_S8_3","NY35H13017FFO021","Stool","Sepsis",NA,"No","Day 3",3,2,"ICU_admission","None",NA,NA,NA,"Longitudinal","Not_for_model","Include","Confirmed","API + paper","High",NA,"PASS","SRA labels the first sepsis sample as Day 1; paper describes admission/0d. Raw label retained.","Longitudinal_Support",37893,37893,0,0,"uniform_target_Bacteria_Archaea_v1","rerun_v2_R1_single_end","Project_Final_Nonzero",0.00380017417464967,0.117831789512575,0.154091784762357,0.000131950492175336,0,0,0,0.0751590003430713,2.63900984350672e-05,0.0322750903860871,5.27801968701343e-05,0,0.000131950492175336,0.0088406829757475,0.0134589502018843,0.212361122106985,7.91702953052015e-05,0.0550497453355501,0,0,0,0,0.079750877470773,0,0.00018473068904547,0,0,0,0.00794341962895522,0,2.63900984350672e-05,0,0,0,0,0,0,0,5.27801968701343e-05,0,0,0,0,0,0.000131950492175336,0,0.0016889662998443,0.000290291082785739,0.0017681365951495,0,0.0845538753859552,2.63900984350672e-05,0,0,0,0,0,2.63900984350672e-05,0,0,0,0,0,0,0,0.0549705750402449,2.63900984350672e-05,0.00791702953052015,0,0.0127991977410076,0.0484258306283482,0,0.00150423561079883,0,0.000158340590610403,0.00018473068904547,0,0,0.000211120787480537,7.91702953052015e-05,0,0,0.000105560393740269,0,0,0,0,0,0.00646557411659146,0,0,0.00219037817011057,0,0,0,5.27801968701343e-05,0,0,0,0,0,0,0,0,0,0,0.00242788905602618,0,7.91702953052015e-05,0,0,0,0,0,0,0,0,0,0,0,0,0,0,0,0,0,0.000105560393740269,0,0,0,0,0,0,0,0,0,0,0,0,0,0,0,0,0,0,0,0,0,0,0,0,0,0,0,0,0,0,0,0,0,0,0,0,0,0,0,0,0,0,0,0,0,0,0,0.000158340590610403,0,0,0,0,0,0,0,0,0,0,0,0,0,0,0,0,0,0,0,0,0,0,0,0,0,0,0,0,0,0,0,0,0,0,0,0,0,0,0,0,0,0,0,0,0,0,0,0,0,0,0,0,0,0,0,0,0,0,0,0,0,0,0,0,0,0,0.000105560393740269,0,0.000131950492175336,0,0,0,0,0,0,0,0,0,0,0,0,0,0,0,0,0,0,0,0,0,0,0,0,0,0,0,0,0,0,0,0,0,0,0,0,0,0,0,0,0,0,0,0,0
2182,"PRJNA691455|SRR13423259","PRJNA691455","SRR13423259","SAMN17293348","PRJNA691455_S1","PRJNA691455_S1_7","NY35H13001FFO031","Stool","Sepsis",NA,"No","Day 7",7,3,"ICU_admission","None",NA,NA,NA,"Longitudinal","Not_for_model","Include","Confirmed","API + paper","High",NA,"PASS","SRA labels the first sepsis sample as Day 1; paper describes admission/0d. Raw label retained.","Longitudinal_Support",51561,51561,0,0,"uniform_target_Bacteria_Archaea_v1","rerun_v2_R1_single_end","Project_Final_Nonzero",0.0057407730649134,0.00323888210081263,0.142762940982526,0.0856655223909544,5.81835107930413e-05,0.173561412695642,0,0.024514652547468,0,0.0290723608929229,5.81835107930413e-05,0.0411745311378755,0.0035685886619732,0.0557398033397335,0.0774228583619402,0.00948391225926572,0.000135761525183763,0,0,0,0,0.00558561703613196,0.028277186245418,0,0.000678807625918815,0.0233509823316072,0,9.69725179884021e-05,0.0131300789356296,3.87890071953608e-05,0.000271523050367526,0,0,0,0,0,0,0.000193945035976804,0,0,0,0,0.000504257093539691,0.0362871162312601,0.0128779503888598,0,0.0309148387347026,0.000640018618723454,0,0,0,0.00290917553965206,0,0,0.00133822074823995,0,3.87890071953608e-05,0.0189290355113361,0,0,0.000116367021586083,0.000174550532379124,0,0,0,0,0,0,0,0,0.00149337677702139,0,0.0363065107348577,0,0,1.93945035976804e-05,0,0.009406334244875,0.00403405674831753,0.000232734043172165,0,0,0,0,0,0,0,0,0.00837842555419794,0.00223036791373325,0,0.00719536083473944,0,0,0.00434436880588041,0.000523651597137371,0,0,0.000174550532379124,0,0,0,0,0,0,0,0.00256007447489382,0,0,0.000271523050367526,0,0,0,3.87890071953608e-05,0,0,0,0,0.00174550532379124,0,5.81835107930413e-05,0,0,0,0,0.000989119683481701,0.000116367021586083,0,0.00166792730940052,0,0,0,7.75780143907217e-05,0,0.000659413122321134,0.00143519326622835,0,0,0,0.000504257093539691,0.00434436880588041,0,0,0,0,0,0,0,0,0.00176489982738892,0,0,0,0,0,0,0,0,0,0,0,0,0,0,0,0,0,0,0,0,0,0.000659413122321134,0,0,0,0.000193945035976804,0,0,0,0,0,0,0,0,0.000271523050367526,0,0,0,0,0,0,0,0,0,0,0,0,0,0,0,0,0,0,0,1.93945035976804e-05,0,0,0,0,0,0,0,0,0,0,0,0,0,0,0.000581835107930412,0,0,0,0,0,0,0,0,0,0,0,0.000407284575551289,0,0,0,0,0,0,0,0,0,0,0,0,0,0,0,0,0,0,0,0,0,0,0,0,0,0.000135761525183763,0,0,0,0,0,0,0,0,0,0,0,0,0,0,0,0,0,0,0,0,0,0,0,0,0,0,0,0,0,0,0
2183,"PRJNA691455|SRR13423260","PRJNA691455","SRR13423260","SAMN17293365","PRJNA691455_S7","PRJNA691455_S7_7","NY35H13016FFO031","Stool","Sepsis",NA,"No","Day 7",7,3,"ICU_admission","None",NA,NA,NA,"Longitudinal","Not_for_model","Include","Confirmed","API + paper","High",NA,"PASS","SRA labels the first sepsis sample as Day 1; paper describes admission/0d. Raw label retained.","Longitudinal_Support",50835,50835,0,0,"uniform_target_Bacteria_Archaea_v1","rerun_v2_R1_single_end","Project_Final_Nonzero",0.807711222582866,0.00153437592210091,0.000806530933412019,7.86859447231238e-05,0,0.00106226025376217,0.000885216878135143,5.90144585423429e-05,0.000137700403265467,3.93429723615619e-05,0.00121963214320842,5.90144585423429e-05,7.86859447231238e-05,0,5.90144585423429e-05,0.000216386347988591,0.000255729320350152,0,3.93429723615619e-05,0,1.9671486180781e-05,0,0,0.000137700403265467,0.000255729320350152,0,0,0,0,0,0.000314743778892495,0,0,0,0,0,0,0.000255729320350152,0.066096193567424,0,0,0,0.000255729320350152,3.93429723615619e-05,0,0,0,0.031789121668142,0,0.000216386347988591,0,0,0,0.0531523556604701,0,0,0,5.90144585423429e-05,0,0,0,0,0,1.9671486180781e-05,0,0,0.00218353496606669,0.000373758237434838,0,0,0,0,0,0,0,0.00060981607160421,0,0,0,0.0122356644044458,1.9671486180781e-05,0,0,0,0.00186879118717419,0,3.93429723615619e-05,0,0,0,0,0,0,0.000118028917084686,0,3.93429723615619e-05,0,0,0,0,0,0,0,0,0,0,0,0,7.86859447231238e-05,0,0,0,0,0,0,0,0,0.000688502016327333,0,0,0.00476049965574899,0,0,0,0,0,0.00417035507032556,0,0,0,0,0,0,0,0,0,0,0,0,0,0,0.00118028917084686,0,0,0,0,0,0,0,0,0.000118028917084686,0,0,0,0,0,0,0,0,0,0.00019671486180781,0,0,0,0,0,0,0,0,0,0,0,0,0,0,0,0.000688502016327333,0,0,0,0,0,0,0,0,0,0,0,0,0,0,0,0,0,0,0,0,0,0,0,0,0,0,0,0.000255729320350152,0,0,0,0,0,0,0,0,0,0,0,0,0,0,0,0,0.000236057834169371,0,0,0,0,0,0.000137700403265467,0,0,0,0,0,0,0,0,0,0,0,0,0,0,0,3.93429723615619e-05,0,0,0,0,0,0,0,0,0,0.00019671486180781,0,0,0,0,0,0,0,0,0,0,0,0,0,0,0,0,0,0,0,0,0,0,0,0,0,0,5.90144585423429e-05,0,0,0,0,3.93429723615619e-05,0,0,0
2184,"PRJNA691455|SRR13423261","PRJNA691455","SRR13423261","SAMN17293364","PRJNA691455_S7","PRJNA691455_S7_3","NY35H13016FFO021","Stool","Sepsis",NA,"No","Day 3",3,2,"ICU_admission","None",NA,NA,NA,"Longitudinal","Not_for_model","Include","Confirmed","API + paper","High",NA,"PASS","SRA labels the first sepsis sample as Day 1; paper describes admission/0d. Raw label retained.","Longitudinal_Support",48776,48764,12,0.000246022634082336,"uniform_target_Bacteria_Archaea_v1","rerun_v2_R1_single_end","Project_Final_Nonzero",0.021983430399475,0.416085636945287,0.000389631695513083,0.000123041588056763,2.05069313427939e-05,0.232774177672053,0.0631613485358051,0.000102534656713969,0.149372487900911,4.10138626855877e-05,0,0,0,4.10138626855877e-05,0,4.10138626855877e-05,0,0,0,0,0,0,0,0,0,0,4.10138626855877e-05,0,0,0,0,0,0,0,0,0,0,0.00963825773111312,0.0123451726683619,0,2.05069313427939e-05,0,0,0,0,0,2.05069313427939e-05,0.000922811910425724,0,0,0,0,0,4.10138626855877e-05,0,0,0,0,0,0,0,0,0,0,0,0,0.0210196046263637,0,0,0,0,0,0,0,0,0.0115454023459929,0,0,0,0.000430645558198671,0,0,0,0,0.0146419489787548,0,0,0,0,0,0,0,0,0,0,2.05069313427939e-05,0.000348617832827496,0,0,0,0,0,0,0,0,0,0,0,0,0,0,0,0,0,0,0,0.000143548519399557,0.0113608399639078,0,0,0.000102534656713969,0,0,0,0,0,0,0.000164055450742351,0,0,0,0,0,0,0,0,0,0.00490115659092773,0,0,0,0.00244032482979247,0,0,0,0,0.00272742186859158,0.00356820605364613,0,0,0,0,0,0,0,0,0,0,0,0,0.00194815847756542,0,0,0,0,0,0,0,0,0,0,0,0,0,0,0,0,0,0,0,0,0,0,0,0,0,0,0,0,0,0,0,0,0,0,0,0,0,0,0,0,0,0,0,0,0,0,0,0,0,0,0,0,0,0,0,0,0,0,0,0,0,0,0,0,0,0,2.05069313427939e-05,0,0,0,0,0,0,0,0,0,0,0,0,0,0,0,0,0,0,0,0,0,0,0,0,0,0,0,0,0,0,0,0,0,0,0,0,0,0,0,0,0,0,0,0,0,0,0,0,0,0,0,0,0,0,0,0,0,0,0,0,0
2186,"PRJNA691455|SRR13423263","PRJNA691455","SRR13423263","SAMN17293362","PRJNA691455_S6","PRJNA691455_S6_7","NY35H13015FFO031","Stool","Sepsis",NA,"No","Day 7",7,3,"ICU_admission","None",NA,NA,NA,"Longitudinal","Not_for_model","Include","Confirmed","API + paper","High",NA,"PASS","SRA labels the first sepsis sample as Day 1; paper describes admission/0d. Raw label retained.","Longitudinal_Support",57971,57968,3,5.17500129375032e-05,"uniform_target_Bacteria_Archaea_v1","rerun_v2_R1_single_end","Project_Final_Nonzero",0.842033535743859,0.000586530499585978,0.000879795749378968,0.0012248136903119,0,0.000517526911399393,0.00186309688103781,6.90035881865857e-05,0.000345017940932929,0,0.0671232404085012,0,0.00127656638145184,0,0,0.000293265249792989,0.00469224399668783,0,0.000655534087772564,0,3.45017940932929e-05,0,0,0,0.000103505382279879,3.45017940932929e-05,0,6.90035881865857e-05,0,0,0.00141457355782501,0.000224261661606404,0,0,0,0,0,8.62544852332321e-05,0,0.000103505382279879,0.000517526911399393,0.000258763455699696,0,0,0,0,3.45017940932929e-05,0.00847019044990339,0,0.00853919403808998,0,0,0.000586530499585978,0.0011903118962186,0,0,0,0.00502001104057411,0,0,0.000707286778912503,0,0,0,0,0,0,0.0259453491581562,0.000207010764559757,0.000983301131658846,0,0,0,0,6.90035881865857e-05,0.000793541264145736,0,0,3.45017940932929e-05,0.00451973502622136,0,0,0,0,0,0,0,0.000776290367099089,0,0,0,0,0,5.17526911399393e-05,0,0,0,0,0,0,0,8.62544852332321e-05,3.45017940932929e-05,0,0.00024151255865305,0,3.45017940932929e-05,0,0.00488200386420094,0,0.000189759867513111,0,0,0,0,8.62544852332321e-05,0,0,0,0,0.00229436930720397,0,0,0,0,0.000500276014352746,0.00103505382279879,0,0,0,0,0,0,0,0,0,0,0,0,0,0,0,0,0,0,0,0,0,0,0,0,0,0,0,0.000431272426166161,0,0,0,0,0,0,0,0,0,0,0,0,0,0,0,0,0,0,0,0,0,0.000379519735026221,0,0,0,0,0,0,0,0,0,0,0,0,0,0,0,0,0,0,0,0,0,0,0,0,0,0,0,0.000120756279326525,0,0,0,0,0,0,0,0,0,0,0,0,0,0,0,0,3.45017940932929e-05,0,0,5.17526911399393e-05,0,0,6.90035881865857e-05,0,0,0,0,0,0,0,0,0,0,0.00024151255865305,0,0,0,8.62544852332321e-05,0,3.45017940932929e-05,0,0,0,0,0,0,0,0,0,0,0,0.000155258073419818,0,0,0,0.000138007176373171,0,0,0,0,0,0,0,0,0,0,0,0,0,0,0,0,0,3.45017940932929e-05,0,0,0,0,0,0,0,3.45017940932929e-05,0,0
2187,"PRJNA691455|SRR13423264","PRJNA691455","SRR13423264","SAMN17293361","PRJNA691455_S6","PRJNA691455_S6_3","NY35H13015FFO021","Stool","Sepsis",NA,"No","Day 3",3,2,"ICU_admission","None",NA,NA,NA,"Longitudinal","Not_for_model","Include","Confirmed","API + paper","High",NA,"PASS","SRA labels the first sepsis sample as Day 1; paper describes admission/0d. Raw label retained.","Longitudinal_Support",48513,48484,29,0.000597777915197988,"uniform_target_Bacteria_Archaea_v1","rerun_v2_R1_single_end","Project_Final_Nonzero",0.667271677254352,0.000103126804719083,0.000556884745483046,0,0,0.000226878970381982,0.161166570414982,6.18760828314495e-05,0,0,0,8.25014437752661e-05,8.25014437752661e-05,4.1250721887633e-05,6.18760828314495e-05,0.00041250721887633,4.1250721887633e-05,0,0,0,0,0,0,0,0,0,0,0,0,0,0,0,0,0,0,0,0,0,0,0,0,0,0,0,0,0,0,0.00332068311195446,0,0,0,0,0,0.00123752165662899,0,0,0,2.06253609438165e-05,0,0,0,0,0,0,0,0,6.18760828314495e-05,0.000371256496988697,2.06253609438165e-05,0,0,0,0,0,0,0.0121070868740203,0,0,0,0.00132002310040426,0,0,0,0,2.06253609438165e-05,0,0,0.00484695982179688,0,0,0,0,0,0,0,0,0,0,0,0,0,0,0,0,0.00321755630723538,0,0,0,0.00478508373896543,0,0,0,0,0,0,0,0,0,0,0,0.000763138354921211,0,0,0,0,0,0.000350631136044881,0,0,0,0,0,0,0,0,0,0,0,0,0,0,0,0,0,0,0,0,0.000226878970381982,0,0,0,0,0,0,0,0,0,0,0,0,0.000144377526606716,0,0,0,0,0,0,0,0,0,0,0,0,0,0,0,0,0,0,0,0,0,0,0,0,0,0.00134064846134807,0,0,0,0,0,0,0,0,0,0,0,0,0,0,0,0,0,4.1250721887633e-05,0,0,0,0,0,0,0,0,0,0,0,0,0,0,0,0,2.06253609438165e-05,0,0,0,0,0,2.06253609438165e-05,0,0,0,0,0,0,0,0,0,0,0,0,0,0,0,0,0,0,0,0,0,0,0,0,0,0,0,0,0,0,0,0,0,0,0,0,0,0,0,0,0.000123752165662899,0,0,0,0,0,0,0,0,0,0,0,0,0,0,0,0,0,0,4.1250721887633e-05,0
2189,"PRJNA691455|SRR13423266","PRJNA691455","SRR13423266","SAMN17293359","PRJNA691455_S5","PRJNA691455_S5_7","NY35H13011FFO031","Stool","Sepsis",NA,"No","Day 7",7,3,"ICU_admission","None",NA,NA,NA,"Longitudinal","Not_for_model","Include","Confirmed","API + paper","High",NA,"PASS","SRA labels the first sepsis sample as Day 1; paper describes admission/0d. Raw label retained.","Longitudinal_Support",47792,47792,0,0,"uniform_target_Bacteria_Archaea_v1","rerun_v2_R1_single_end","Project_Final_Nonzero",0.149732172748577,0.000251088048208905,0.327502510880482,0.0383955473719451,0,8.36960160696351e-05,0,0.0556787746903247,4.18480080348175e-05,0.0318254101104787,0,0.0422037161031135,0,0.0306955138935387,0.00282474054235018,0.095413458319384,0.0246694007365249,0,0,0.00033478406427854,0,0,0.0479578172079009,0,0.000460328088382993,0,0,0,0,0,0.00165299631737529,0.000292936056243723,0,0.000774188148644125,0,0,0,0,0,0,0.000188316036156679,0,0,0.0307582859055909,0.0076372614663542,0.000585872112487446,0.00592149313692668,0.00108804820890526,0,0,0,0,0.000104620020087044,0,0.0227234683629059,0,0.000146468028121861,6.27720120522263e-05,0,0,0,0,0,8.36960160696351e-05,0,0,4.18480080348175e-05,0.000460328088382993,2.09240040174088e-05,0,0,0,0,0,0,0,0,0.0239789086039505,0.00617258118513559,0.000460328088382993,0,0,0,0,4.18480080348175e-05,0,0,0,0.0127008704385671,0.000125544024104453,0,0,0,0,0,0,0,0.00228071643789756,0,0,0,0,0,0,0,0,0.000230164044191496,0,0.00016739203213927,0,0,0,0,0.00376632072313358,0,0,0,0,0,4.18480080348175e-05,0.000125544024104453,0,0,0,0,0,0,0,0,0,0,4.18480080348175e-05,0.00102527619685303,0,0,0,0,0,0,0,0,0,0,0.00663290927351858,0,0,0.000585872112487446,0,0,0,0,0,0,0,0,0,0,0,0,0,0.000564948108470037,0,0,0,0,0,0,0.000104620020087044,0,0,0,0,0,0,0,0.000146468028121861,0,0,0,0,0,0,0,0,0,0.000272012052226314,0,0,0,0,0,0,0,0,0,0,0,0,0,0,0,0,0,0,2.09240040174088e-05,0,0,0,0,0,0,0,0,0,0,0,0,0,0,0,0,0,0,0,0,0,0,0,0,0,0,0,0,0,0,0,0,0,0,0,0,0,0,0,0,0,0,0,0,0,0,0,0,0,0,0,0,0,0,0,0,0,0,0,0,0,0,0,0,0,0,0,0,0,0,0,0,0,0,0,0,0,0,0,0,0,0,0,0
2190,"PRJNA691455|SRR13423267","PRJNA691455","SRR13423267","SAMN17293358","PRJNA691455_S5","PRJNA691455_S5_3","NY35H13011FFO021","Stool","Sepsis",NA,"No","Day 3",3,2,"ICU_admission","None",NA,NA,NA,"Longitudinal","Not_for_model","Include","Confirmed","API + paper","High",NA,"PASS","SRA labels the first sepsis sample as Day 1; paper describes admission/0d. Raw label retained.","Longitudinal_Support",26927,26927,0,0,"uniform_target_Bacteria_Archaea_v1","rerun_v2_R1_single_end","Project_Final_Nonzero",0.0573402161399339,0.0002599621198054,0.326995209269506,0.0305269803542912,0,0.000111412337059457,0.000222824674118914,0.070041222564712,3.71374456864857e-05,0.0167861254502915,0,0.068741411965685,0,0.031046904593902,0.000668474022356742,0.0995654918854681,0.0917294908456196,0,0,0.000371374456864857,0,0,0.00575630408140528,0,0,0,0,0,0,0,0.000594199130983771,0.00170832250157834,0,0.00241393396962157,0,0,0,0,0,0,0.0002599621198054,0,0,0.0399970290043451,0.0144836038177294,0.00401084413414045,0.00575630408140528,0.000594199130983771,0,0,0,0,0.000148549782745943,0,0.0241764771419022,0,3.71374456864857e-05,0,0,0,0,0,0,0.000371374456864857,0,0,0,0.00245107141530806,0,0,0,0,0,0,0,0,0,0.0469417313477179,0.00393656924276748,0,0,0,0,0,0,0,0,0,0.00144836038177294,0,0,0,0.000185687228432428,0,0,0,0,0.0010398484792216,0,0,0,0,0,0,0,0,0,0,0.000631336576670257,0,0,0,0,0.00464218071081071,0,0,0,0,0,0,0,0,0,0,0,0,0,0,0,0,0,3.71374456864857e-05,0.000742748913729714,0,0,0,0,0,0,0,0,0,0,0,0,0,0.00683329000631337,0,0,0,0,0.000297099565491885,0,0,0,0,0,0,0,0,0.000408511902551342,0,0,0,0,0,0,0,0,0,0,0,0,0,0,0,0,0,0,0,0,0,0,0,0,0.000408511902551342,0,0,0,0,0,0,0,0,0,0,0,0,0,0,0,0,0,0,3.71374456864857e-05,0,0,0.00144836038177294,0,0,0,0,0,0,0,0,0,0,0,0,0,0,0,0,0,0,0,0,0,0,0,0,0,0,0,0,0,0,0,0,0,0,0,0,0,0,0,0,0,0,0,0,0,0,0,0,0,0,0,0,0,0,0,0,0,0,0,0,0,0,0,0,0,0,0,0,0,0,0,0,0,0,0,0,0,0,0,0,0
2192,"PRJNA691455|SRR13423269","PRJNA691455","SRR13423269","SAMN17293356","PRJNA691455_S4","PRJNA691455_S4_7","NY35H13006FFO031","Stool","Sepsis",NA,"No","Day 7",7,3,"ICU_admission","None",NA,NA,NA,"Longitudinal","Not_for_model","Include","Confirmed","API + paper","High",NA,"PASS","SRA labels the first sepsis sample as Day 1; paper describes admission/0d. Raw label retained.","Longitudinal_Support",56495,56027,468,0.00828391893087884,"uniform_target_Bacteria_Archaea_v1","rerun_v2_R1_single_end","Project_Final_Nonzero",0.87695218376854,0.000356970746247345,0.000838881253681261,0,0,0.000642547343245221,0,5.35456119371018e-05,0.000232030985060774,1.78485373123672e-05,0,0.000160636835811305,1.78485373123672e-05,0.000178485373123673,0.000107091223874204,0.000232030985060774,0,1.78485373123672e-05,1.78485373123672e-05,0.0954361290092277,0,0,0,0,0.000160636835811305,0,0,0,0,0,0.000107091223874204,0,0,0,0,3.56970746247345e-05,0,0,0,1.78485373123672e-05,0,8.92426865618363e-05,0,0,5.35456119371018e-05,0,0,0.0106555767754832,0,0,0,0,0,0.000232030985060774,3.56970746247345e-05,0,0,7.1394149249469e-05,1.78485373123672e-05,0,0,0,0,0,0,0,7.1394149249469e-05,0,0,0,0,0,0,0,0,0,0,0,0,0.00505113605939993,0,0,0,0,7.1394149249469e-05,0,0,0,0,0,0,0,0,0,0,0,0,0,0.00121370053724097,0,0,0,0,0,0,0,0,0,0,0,0,0,0,0,0,0,5.35456119371018e-05,0,0,0,0.00198118764167276,0,0,0,0,0,0.00160636835811305,0,0,0,0,1.78485373123672e-05,0,0,0,0,0,0,0,0,0,0,0,0,0,0,0,0.000107091223874204,0,0,0.000178485373123673,0,0,0,0,0,0,0,0,0,0,0,0,0,0,0,0,0,0,0,0,0,0,0,0,0,0.000267728059685509,0,0,0,0,0,0,0,0,0,0,0,0,0,0,0,0,0,0.000107091223874204,0,0,0,0,0,0,0,0,0,0.000160636835811305,0,0,0,0,0,0,0,0,0,0,0,0,0,0,0,0,0,0,0.000464061970121549,1.78485373123672e-05,0,0,0,0,0.00039266782087208,0,0,0,0,0,0,0,0,0,0,0,0,0,0,5.35456119371018e-05,0,0,0,0,0,0,0,0,0,0,0,0,0,0,0,0,0.000142788298498938,0,0,0,0,0,0,0,0,0,0,0,0,0,0,7.1394149249469e-05,0,0,0,0,0,0,0,0,0,0,0,3.56970746247345e-05
2193,"PRJNA691455|SRR13423270","PRJNA691455","SRR13423270","SAMN17293347","PRJNA691455_S1","PRJNA691455_S1_3","NY35H13001FFO021","Stool","Sepsis",NA,"No","Day 3",3,2,"ICU_admission","None",NA,NA,NA,"Longitudinal","Not_for_model","Include","Confirmed","API + paper","High",NA,"PASS","SRA labels the first sepsis sample as Day 1; paper describes admission/0d. Raw label retained.","Longitudinal_Support",43542,43542,0,0,"uniform_target_Bacteria_Archaea_v1","rerun_v2_R1_single_end","Project_Final_Nonzero",0.026089752422948,0.0110008727205916,0.211221349501631,0.0977906389233384,2.29663313582288e-05,0.000160764319507602,9.18653254329153e-05,0.00930136420008268,0,0.0295347021266823,0,0.136420008267879,0.069151623719627,0.0062927747921547,0.0266409443755454,0.129736805842635,0.0792108768545313,0,0,0,0,0,0.0348858573331496,0,0.000413393964448119,0.0141013274539525,0,0.000275595976298746,0.00771668733636489,0.00227366680446465,0.00117128289926967,0,0,2.29663313582288e-05,0,0,0.000895686922970925,0.000321528639015204,0,0,0,0,0.00101051857976207,0.00213586881631528,0.000459326627164577,4.59326627164577e-05,0.00215883514767351,0.00059712461531395,0,0,0,0.00385834366818244,0.000252629644940517,0,0.00160764319507602,0,4.59326627164577e-05,0.0022277341417482,0,0,0.000413393964448119,0,0,0,0,0.00137797988149373,0,0,0.000137797988149373,0,0.000160764319507602,0,0.00020669698222406,0,0.000183730650865831,0.000459326627164577,0,0.00372054568003307,0.00284782508842038,0.000183730650865831,0,0.000344494970373433,2.29663313582288e-05,0,0,0,0,0,0.00583344816499012,0.000643057278030407,0,6.88989940746865e-05,0,0,0,0.00039042763308989,0,0,0,0,0,0,2.29663313582288e-05,0,0,0,0.000941619585687382,0,0,0.000252629644940517,0,0,0,0,0,0,0,0,0.000643057278030407,0.000183730650865831,9.18653254329153e-05,0,0,9.18653254329153e-05,0,0.000275595976298746,0,0,0.00142391254421019,0,0,0.00213586881631528,0.000114831656791144,0,0.00491479491066097,0,0,0,0,0,0.000160764319507602,0,0,0,0,0,0,0,0,0.0015157778696431,0,0.00107941757383676,0,0,0,0,0,0,0,0,0,0,0,0,0,0,0,0,0,0,0,0.00020669698222406,0,0,0.000482292958522806,0.000321528639015204,0,0,0,0,0.00128611455606081,0,0,0,0,0,0,0,0,0,0,0,0,0,0,0,0.000895686922970925,0,0,0,0,0,0,0,0,0,0,0,0,0,0,0,0.000298562307656975,0,0,0,0,0,0,0,0,0,0,0,0,0,0,0,0,0,0,0,0,0,0,0,0,0,0,9.18653254329153e-05,0,0,0,0,0,0,0,0,0,0,0,0,0,0,0,0,0,0,0,0,0,0,0,0,0,0,0,0,0,0,0,0,0,0,0,0,0,0,0,0,0,0,0,0,0,0,0,0,0
