"Source_Row","Record_Key","Project_ID","Run_ID","BioSample_ID","Patient_ID","Specimen_ID","Sample_Alias","Sample_Type","Phenotype","Control_Type","Primary_Sample_Flag","Timepoint_Raw","Timepoint_Day","Timepoint_Order","Time_Anchor","Intervention","Intervention_Arm","Organ_Dysfunction_Type","Organ_Dysfunction_Status","Analysis_Role","Dataset_Split","Include_Flag","Review_Status","Label_Source","Label_Confidence","Exclusion_Reason","QC_Status","Notes","Source_Sheet","Raw_Final_Depth","Cleaned_Target_Depth","Removed_Reads","Removed_Read_Proportion","Taxonomy_Cleaning_Version","Genus_Data_Version","Freeze_Set","Genus__Enterococcus|Family__Enterococcaceae","Genus__Bacteroides|Family__Bacteroidaceae","Genus__Streptococcus|Family__Streptococcaceae","Genus__Escherichia-Shigella|Family__Enterobacteriaceae","Genus__Akkermansia|Family__Akkermansiaceae","Genus__Blautia|Family__Lachnospiraceae","Genus__Staphylococcus|Family__Staphylococcaceae","Genus__Pseudomonas|Family__Pseudomonadaceae","Genus__Faecalibacterium|Family__Ruminococcaceae","Genus__Agathobacter|Family__Lachnospiraceae","Genus__Bifidobacterium|Family__Bifidobacteriaceae","Genus__Gemmiger|Family__Ruminococcaceae","Genus__Parabacteroides|Family__Tannerellaceae","Genus__Lactococcus|Family__Streptococcaceae","Genus__Lacticaseibacillus|Family__Lactobacillaceae","Genus__Alistipes|Family__Rikenellaceae","Genus__Ruminococcus|Family__Ruminococcaceae","Genus__Leuconostoc|Family__Lactobacillaceae","Genus__Enterocloster|Family__Lachnospiraceae","Genus__Achromobacter|Family__Alcaligenaceae","Genus__Collinsella|Family__Coriobacteriaceae","Genus__[Clostridium] innocuum group|Family__Erysipelotrichaceae","Genus__CAG-352|Family__Ruminococcaceae","Genus__Mediterraneibacter|Family__Lachnospiraceae","Genus__Klebsiella|Family__Enterobacteriaceae","Genus__Erysipelotrichaceae UCG-003|Family__Erysipelatoclostridiaceae","Genus__Dellaglioa|Family__Lactobacillaceae","Genus__Anaerostipes|Family__Lachnospiraceae","Genus__Eubacterium|Family__Eubacteriaceae","Genus__Fusicatenibacter|Family__Lachnospiraceae","Genus__Latilactobacillus|Family__Lactobacillaceae","Genus__Romboutsia|Family__Peptostreptococcaceae","Genus__Citrobacter|Family__Enterobacteriaceae","Genus__Thomasclavelia|Family__Erysipelatoclostridiaceae","Genus__Methanobrevibacter|Family__Methanobacteriaceae","Genus__Parasutterella|Family__Sutterellaceae","Genus__Acinetobacter|Family__Moraxellaceae","Genus__Segatella|Family__Prevotellaceae","Genus__Dorea|Family__Lachnospiraceae","Genus__[Ruminococcus] gauvreauii group|Family__Lachnospiraceae","Genus__Acutalibacter|Family__Ruminococcaceae","Genus__Anaerobutyricum|Family__Lachnospiraceae","Genus__[Ruminococcus] gnavus group|Family__Lachnospiraceae","Genus__Clostridium|Family__Clostridiaceae","Genus__Megasphaera|Family__Veillonellaceae","Genus__Eggerthella|Family__Eggerthellaceae","Genus__Holdemanella|Family__Erysipelotrichaceae","Genus__Ruthenibacterium|Family__Ruminococcaceae","Genus__Clostridioides|Family__Peptostreptococcaceae","Genus__CAG-196|Family__Gastranaerophilaceae","Genus__Extibacter|Family__Lachnospiraceae","Genus__Acidaminococcus|Family__Acidaminococcaceae","Genus__Odoribacter|Family__Marinifilaceae","Genus__Novosphingobium|Family__Sphingomonadaceae","Genus__Catenibacterium|Family__Erysipelatoclostridiaceae","Genus__Faecalicatena|Family__Lachnospiraceae","Genus__Colidextribacter|Family__Oscillospiraceae","Genus__Sellimonas|Family__Lachnospiraceae","Genus__Lachnoclostridium|Family__Lachnospiraceae","Genus__Lachnospiraceae ND3007 group|Family__Lachnospiraceae","Genus__Phascolarctobacterium|Family__Acidaminococcaceae","Genus__Proteus|Family__Morganellaceae","Genus__Granulicatella|Family__Carnobacteriaceae","Genus__Dielma|Family__Erysipelotrichaceae","Genus__Negativibacillus|Family__Ruminococcaceae","Genus__UCG-002|Family__Oscillospiraceae","Genus__Lachnospiraceae UCG-010|Family__Lachnospiraceae","Genus__Sutterella|Family__Sutterellaceae","Genus__Barnesiella|Family__Barnesiellaceae","Genus__Faecalitalea|Family__Erysipelotrichaceae","Genus__Desulfovibrio|Family__Desulfovibrionaceae","Genus__[Eubacterium] brachy group|Family__Anaerovoracaceae","Genus__Bilophila|Family__Desulfovibrionaceae","Genus__[Eubacterium] siraeum group|Family__Ruminococcaceae","Genus__Asaccharobacter|Family__Eggerthellaceae","Genus__Paraprevotella|Family__Prevotellaceae","Genus__Flavonifractor|Family__Oscillospiraceae","Genus__Coprococcus|Family__Lachnospiraceae","Genus__Roseburia|Family__Lachnospiraceae","Genus__Faecalicoccus|Family__Erysipelotrichaceae","Genus__Lachnospiraceae NK4A136 group|Family__Lachnospiraceae","Genus__Eisenbergiella|Family__Lachnospiraceae","Genus__Succinivibrio|Family__Succinivibrionaceae","Genus__Subdoligranulum|Family__Ruminococcaceae","Genus__Oscillibacter|Family__Oscillospiraceae","Genus__UC5-1-2E3|Family__Lachnospiraceae","Genus__Christensenellaceae R-7 group|Family__Christensenellaceae","Genus__[Eubacterium] eligens group|Family__Lachnospiraceae","Genus__[Eubacterium] ruminantium group|Family__Lachnospiraceae","Genus__Longibaculum|Family__Erysipelatoclostridiaceae","Genus__UCG-005|Family__Oscillospiraceae","Genus__Carnobacterium|Family__Carnobacteriaceae","Genus__Intestinimonas|Family__Oscillospiraceae","Genus__CHKCI001|Family__Lachnospiraceae","Genus__Hungatella|Family__Lachnospiraceae","Genus__Intestinibacter|Family__Peptostreptococcaceae","Genus__[Eubacterium] ventriosum group|Family__Lachnospiraceae","Genus__Faecalibaculum|Family__Erysipelotrichaceae","Genus__Monoglobus|Family__Monoglobaceae","Genus__NK4A214 group|Family__Oscillospiraceae","Genus__Solobacterium|Family__Erysipelotrichaceae","Genus__Faecalimonas|Family__Lachnospiraceae","Genus__Marvinbryantia|Family__Lachnospiraceae","Genus__Massiliomicrobiota|Family__Erysipelatoclostridiaceae","Genus__Weissella|Family__Lactobacillaceae","Genus__GCA-900066575|Family__Lachnospiraceae","Genus__Fusobacterium|Family__Fusobacteriaceae","Genus__Dialister|Family__Veillonellaceae","Genus__Lawsonella|Family__Corynebacteriaceae","Genus__Fournierella|Family__Ruminococcaceae","Genus__Massiliprevotella|Family__Prevotellaceae","Genus__Agathobaculum|Family__Butyricicoccaceae","Genus__Senegalimassilia|Family__Eggerthellaceae","Genus__Priestia|Family__Bacillaceae","Genus__Leyella|Family__Prevotellaceae","Genus__Peptococcus|Family__Peptococcaceae","Genus__Anaerotruncus|Family__Ruminococcaceae","Genus__Lachnospira|Family__Lachnospiraceae","Genus__Zag_111|Family__Gastranaerophilaceae","Genus__Frisingicoccus|Family__Lachnospiraceae","Genus__Family XIII AD3011 group|Family__Anaerovoracaceae","Genus__Lactobacillus|Family__Lactobacillaceae","Genus__Coprobacillus|Family__Erysipelatoclostridiaceae","Genus__UCG-003|Family__Oscillospiraceae","Genus__Terrisporobacter|Family__Peptostreptococcaceae","Genus__Lachnospiraceae UCG-009|Family__Lachnospiraceae","Genus__Christensenella|Family__Christensenellaceae","Genus__Butyricimonas|Family__Marinifilaceae","Genus__Tyzzerella|Family__Lachnospiraceae","Genus__Lachnospiraceae UCG-004|Family__Lachnospiraceae","Genus__CAG-56|Family__Lachnospiraceae","Genus__Parolsenella|Family__Atopobiaceae","Genus__Butyribacter|Family__Lachnospiraceae","Genus__Ligilactobacillus|Family__Lactobacillaceae","Genus__Slackia|Family__Eggerthellaceae","Genus__Raoultella|Family__Enterobacteriaceae","Genus__Sarcina|Family__Clostridiaceae","Genus__UCG-004|Family__Erysipelatoclostridiaceae","Genus__Gordonibacter|Family__Eggerthellaceae","Genus__Lachnospiraceae UCG-002|Family__Lachnospiraceae","Genus__Howardella|Family__Lachnospiraceae","Genus__Turicibacter|Family__Erysipelotrichaceae","Genus__[Eubacterium] xylanophilum group|Family__Lachnospiraceae","Genus__Lachnospiraceae NK3A20 group|Family__Lachnospiraceae","Genus__UCG-008|Family__Butyricicoccaceae","Genus__Holdemania|Family__Erysipelotrichaceae","Genus__Phreatobacter|Family__Hyphomicrobiales Incertae Sedis","Genus__Methanosphaera|Family__Methanobacteriaceae","Genus__HT002|Family__Lactobacillaceae","Genus__Hydrotalea|Family__Chitinophagaceae","Genus__Peptoclostridium|Family__Peptostreptococcaceae","Genus__Veillonella|Family__Veillonellaceae","Genus__Prevotellaceae NK3B31 group|Family__Prevotellaceae","Genus__Parascardovia|Family__Bifidobacteriaceae","Genus__Levilactobacillus|Family__Lactobacillaceae","Genus__Adlercreutzia|Family__Eggerthellaceae","Genus__GCA-900066755|Family__Lachnospiraceae","Genus__DTU089|Family__Ruminococcaceae","Genus__Denitratisoma|Family__Rhodocyclaceae","Genus__Lachnospiraceae AC2044 group|Family__Lachnospiraceae","Genus__Coprobacter|Family__Barnesiellaceae","Genus__Raoultibacter|Family__Coriobacteriales Incertae Sedis","Genus__Limosilactobacillus|Family__Lactobacillaceae","Genus__Oscillospira|Family__Oscillospiraceae","Genus__Cutibacterium|Family__Propionibacteriaceae","Genus__Harryflintia|Family__Ruminococcaceae","Genus__Shuttleworthia|Family__Lachnospiraceae","Genus__Periweissella|Family__Lactobacillaceae","Genus__Defluviitaleaceae UCG-011|Family__Defluviitaleaceae","Genus__Family XIII UCG-001|Family__Anaerovoracaceae","Genus__Exiguobacterium|Family__Exiguobacteraceae","Genus__Anaerococcus|Family__Family XI","Genus__Paludicola|Family__Ruminococcaceae","Genus__Lachnospiraceae FCS020 group|Family__Lachnospiraceae","Genus__Pediococcus|Family__Lactobacillaceae","Genus__Anaerofustis|Family__Anaerofustaceae","Genus__Corynebacterium|Family__Corynebacteriaceae","Genus__Catenibacillus|Family__Lachnospiraceae","Genus__Parvimonas|Family__Family XI","Genus__Lachnospiraceae UCG-003|Family__Lachnospiraceae","Genus__Alicyclobacillus|Family__Alicyclobacillaceae","Genus__Olsenella|Family__Atopobiaceae","Genus__Cloacibacillus|Family__Synergistaceae","Genus__Varibaculum|Family__Actinomycetaceae","Genus__Mogibacterium|Family__Anaerovoracaceae","Genus__Rothia|Family__Micrococcaceae","Genus__Schaalia|Family__Actinomycetaceae","Genus__Lonsdalea|Family__Pectobacteriaceae","Genus__[Clostridium] methylpentosum group|Family__Ruminococcaceae","Genus__Haemophilus|Family__Pasteurellaceae","Genus__Tractidigestivibacter|Family__Atopobiaceae","Genus__Hydrogenoanaerobacterium|Family__Ruminococcaceae","Genus__Lactonifactor|Family__Lachnospiraceae","Genus__Catenisphaera|Family__Erysipelotrichaceae","Genus__Porphyromonas|Family__Porphyromonadaceae","Genus__Angelakisella|Family__Ruminococcaceae","Genus__Finegoldia|Family__Family XI","Genus__Fructilactobacillus|Family__Lactobacillaceae","Genus__Sphingobium|Family__Sphingomonadaceae","Genus__Merdibacter|Family__Erysipelotrichaceae","Genus__Bradyrhizobium|Family__Xanthobacteraceae","Genus__CHKCI002|Family__Eggerthellaceae","Genus__Anaerovorax|Family__Anaerovoracaceae","Genus__Paucilactobacillus|Family__Lactobacillaceae","Genus__Rikenellaceae RC9 gut group|Family__Rikenellaceae","Genus__UCG-009|Family__Butyricicoccaceae","Genus__Anaerofilum|Family__Ruminococcaceae","Genus__Gemella|Family__Gemellaceae","Genus__Amedibacillus|Family__Erysipelotrichaceae","Genus__Succiniclasticum|Family__Acidaminococcaceae","Genus__Lentilactobacillus|Family__Lactobacillaceae","Genus__Candidatus Soleaferrea|Family__Ruminococcaceae","Genus__Actinomyces|Family__Actinomycetaceae","Genus__Scardovia|Family__Bifidobacteriaceae","Genus__Asteroleplasma|Family__Erysipelatoclostridiaceae","Genus__Pygmaiobacter|Family__Ruminococcaceae","Genus__Pseudoflavonifractor|Family__Oscillospiraceae","Genus__Propionibacterium|Family__Propionibacteriaceae","Genus__Phocea|Family__Ruminococcaceae","Genus__Oxalobacter|Family__Oxalobacteraceae","Genus__Ruminiclostridium|Family__Oscillospiraceae","Genus__Robinsoniella|Family__Lachnospiraceae","Genus__Sediminibacterium|Family__Chitinophagaceae","Genus__Paeniclostridium|Family__Peptostreptococcaceae","Genus__Peptoniphilus|Family__Family XI","Genus__Allisonella|Family__Veillonellaceae","Genus__Helcococcus|Family__Family XI","Genus__Victivallis|Family__Victivallaceae","Genus__Ralstonia|Family__Burkholderiaceae","Genus__Papillibacter|Family__Oscillospiraceae","Genus__Enteroscipio|Family__Eggerthellaceae","Genus__Anaeroplasma|Family__Acholeplasmataceae","Genus__Butyricicoccus|Family__Butyricicoccaceae","Genus__Alloscardovia|Family__Bifidobacteriaceae","Genus__Lachnospiraceae NK4B4 group|Family__Lachnospiraceae","Genus__Hoylesella|Family__Prevotellaceae","Genus__Prevotella|Family__Prevotellaceae","Genus__Acetanaerobacterium|Family__Ethanoligenenaceae","Genus__Gleimia|Family__Actinomycetaceae","Genus__Peptostreptococcus|Family__Peptostreptococcaceae","Genus__Fenollaria|Family__Family XI","Genus__Chryseobacterium|Family__Weeksellaceae","Genus__Caproiciproducens|Family__Ruminococcaceae","Genus__Lancefieldella|Family__Atopobiaceae","Genus__Muricomes|Family__Lachnospiraceae","Genus__Cetobacterium|Family__Fusobacteriaceae","Genus__Pyramidobacter|Family__Synergistaceae","Genus__Anaerorhabdus|Family__Erysipelotrichaceae","Genus__Gabonibacter|Family__Marinifilaceae","Genus__Dubosiella|Family__Erysipelotrichaceae","Genus__TM7x|Family__Saccharimonadaceae","Genus__Liquorilactobacillus|Family__Lactobacillaceae","Genus__A2|Family__Lachnospiraceae"
443,"PRJNA1010969|SRR25819680","PRJNA1010969","SRR25819680","SAMN37204918","PRJNA1010969_HMB010","PRJNA1010969_HMB010","HMB010","Stool","Healthy_control","Healthy","Yes",NA,NA,1,"Unresolved","None",NA,NA,NA,"External_validation","Locked_external_test","Include","Confirmed","API + paper","High",NA,"PASS","Healthy control; no ICU-relative time assigned.","Core_Case_Control",44341,44313,28,0.000631469745833427,"uniform_target_Bacteria_Archaea_v1","rerun_v2_paired","Project_Final_Nonzero",0.000112833705684562,0.105883149414393,0.0122763071784804,0,4.51334822738248e-05,0.0956829824205087,0,0,0.0336470110351364,0.054363279398822,0.0322704398257848,0.0659400176020581,0.0282761266445513,6.77002234107372e-05,0.000383634599327511,0.0237627784171688,0.0632545754067655,0,0.00110577031570871,0,0.0255906844492587,9.02669645476497e-05,0,0.0316160043328143,0,0,0,0.0081691602915623,0,0.022408773948954,0,0.0110351364159502,0,0.00056416852842281,0,0.000203100670232212,0,0.00956829824205086,0.00376864576986437,0,0.0469839550470517,0.0206937016225487,0.000180533929095299,0.00065443549297046,0,0.000947803127750322,0.0738383769999774,0.00130887098594092,0,0,0.0171281565229165,0,0.00142170469162548,0,0,0,0.00223410737255433,0.00185047277322682,0.0012637375036671,0.000947803127750322,0,0,0.000157967187958387,0,0.00176020580867917,0.0102001669938844,0.00322704398257848,0.00128630424480401,0,4.51334822738248e-05,0,0.00257260848960802,0.00180533929095299,0.0076275585042764,0.00166993884413152,0.0141944801751179,0.00647665470629386,0.00722135716381197,0.000699568975244285,0,0.000248234152506037,9.02669645476497e-05,0,0,0.00534831764944824,0,0.0105161013698012,0,0,0,0.0113059373095931,0,0.00647665470629386,0,6.77002234107372e-05,0.00640895448288313,0.00128630424480401,0.000789835939791935,0.00189560625550064,0.00911696341931262,0,0,0.00442308126283483,0.00155710513844696,0,0,0,0.0127953422246293,0,4.51334822738248e-05,0,0.000519035046148986,0.00670232211766299,0,0,9.02669645476497e-05,2.25667411369124e-05,0.000428768081601336,0,0.00176020580867917,0.00166993884413152,0,0,0.00227924085482815,0,0,0,0,0.00151197165617313,0,0,0,0.00074470245751811,0,0,0,0,0,0.000315934375916774,0,0,6.77002234107372e-05,0,0.00455848170965631,0,0.000135400446821474,0,0,0,0,0,0,0,0,0,0.000473901563875161,0,0,0,0,0,0,0,0,0,0,0.00056416852842281,0,0.00144427143276239,9.02669645476497e-05,0,0,0.000970369868887234,0,0,0.000180533929095299,0,0,0,0,0,0,0,0,0,0,0.000225667411369124,0,0,0,0,0,0,0,0,0,0,0,0,0,0,0,0,0,0,0,0.000203100670232212,0,0,0,0,0,0,0,0,0,0,0,0.000112833705684562,0,0.000270800893642949,0,0,0,0,0,0,0,0,0,0,0,0,0,0,0,0,0,0,0,0,0,0,0,0,0,0,0,0,0,0,0,0
444,"PRJNA1010969|SRR25819681","PRJNA1010969","SRR25819681","SAMN37204917","PRJNA1010969_HMB009","PRJNA1010969_HMB009","HMB009","Stool","Healthy_control","Healthy","Yes",NA,NA,1,"Unresolved","None",NA,NA,NA,"External_validation","Locked_external_test","Include","Confirmed","API + paper","High",NA,"PASS","Healthy control; no ICU-relative time assigned.","Core_Case_Control",45838,45795,43,0.000938086303939962,"uniform_target_Bacteria_Archaea_v1","rerun_v2_paired","Project_Final_Nonzero",0,0.13429413691451,0.00635440550278415,0.0184299596025767,4.36728900534993e-05,0.157025876187357,0,0,0.0337591440113549,0.0213997161262147,0.0184299596025767,0.0230811223932744,0.015875095534447,0.00102631291625723,0.000262037340320996,0.00272955562834371,0.0122720821050333,0,0.00063325690577574,0.000196528005240747,0.00441096189540343,0.000567747570695491,0,0.0773446882847472,0.0861447756305273,0.0109182225133748,0,0.0552025330276231,0,0.0977180914947047,0,0.00766459220438913,0,0.00152855115187248,0,0.00366852276449394,0.000262037340320996,0,0.0268151544928486,0.0247625286603341,0.00845070422535211,0.0165083524402227,0.00128835025657823,0.017447319576373,0,0.00100447647123048,0,0.000436728900534993,0,0,0,0,0.000807948465989737,0,0,6.55093350802489e-05,0.00569931215198166,0,0.00122284092149798,0,0.00436728900534993,2.18364450267496e-05,0,0,0.00124467736652473,0,0.00441096189540343,0.000393056010481494,0,0.00310077519379845,0,0,0.00141936892673873,0,0.00109182225133748,0,0.00310077519379845,0.0060705317174364,0.00877825090075336,0,0.00327546675401245,0.000545911125668741,0,0.0119008625395786,0.000873457801069986,0,0,0.000545911125668741,0,0.000698766240855989,0.000480401790588492,0,8.73457801069986e-05,0,0,0.00248935473304946,0.00805764821487062,0.00133202314663173,0.000240200895294246,0.00369035920952069,0,0,0.000152855115187248,0,0,0,0,0,0,0,0,0.00240200895294246,0,0,0,4.36728900534993e-05,6.55093350802489e-05,0.00270771918331696,0,0.00144120537176548,0.000436728900534993,0,0,0.000174691560213997,0,0,0,0.00102631291625723,0,0.000196528005240747,0,0,0.000218364450267496,0,0,0,0,0,0.000414892455508243,0,0,6.55093350802489e-05,0.000524074680641991,0,0,0.000545911125668741,0,0,0.000174691560213997,0,0,0,0,0,0,0,0,0,0,0,0,0,0,0,0,0,0,0,0,0,0,0.00100447647123048,0.000742439130909488,0.00063325690577574,0,0.000283873785347745,0,0.000567747570695491,0,0,0,0,0,0,0,0,6.55093350802489e-05,0,0,0.000174691560213997,0,0,8.73457801069986e-05,0,0,0,0.000567747570695491,0,0,0,0,0,0,0,0,0,0,0.000458565345561743,0,0,0,0.000109182225133748,0,0,0,0,0,0,0,0,0,0,0,0,0.000393056010481494,0,0,0,0,0,0,0,0,0,0,0,0,0,0,0,0,0,0,0,0,0,0,0,0,0,0,0,0
445,"PRJNA1010969|SRR25819682","PRJNA1010969","SRR25819682","SAMN37204916","PRJNA1010969_HMB008","PRJNA1010969_HMB008","HMB008","Stool","Healthy_control","Healthy","Yes",NA,NA,1,"Unresolved","None",NA,NA,NA,"External_validation","Locked_external_test","Include","Confirmed","API + paper","High",NA,"PASS","Healthy control; no ICU-relative time assigned.","Core_Case_Control",40371,40368,3,7.43107676302296e-05,"uniform_target_Bacteria_Archaea_v1","rerun_v2_paired","Project_Final_Nonzero",0.00165973047958779,0.122968688069758,0.0185295283392786,2.47720967102656e-05,0.00116428854538248,0.0756787554498613,0,0,0.117295877923107,0.114125049544193,0.0789734443123266,0.031435790725327,0.0124603646452636,0.0116428854538248,0.000247720967102656,0.0118410622275069,0.0577685295283393,7.43162901307967e-05,0.00245243757431629,0,0.027893380895759,9.90883868410622e-05,0,0.0180836305984939,0,0.0074068569163694,0,0.0301724137931034,0,0.0277199762187872,2.47720967102656e-05,0.00515259611573524,0,4.95441934205311e-05,0,0.000148632580261593,0,0,0.0151852952833928,0.00936385255648038,0.00490487514863258,0.0139466904478795,0.000247720967102656,0.000520214030915577,0,9.90883868410622e-05,0,0.000123860483551328,0,0,0,0,0.0015110978993262,0,0,0,0.000693618707887436,0.000247720967102656,0.00309651208878319,0.00772889417360285,0.00857114546175188,0,0,0,0.000396353547364249,0.00542508917954816,0.00066884661117717,0.00153586999603646,0.00175881886642885,0,4.95441934205311e-05,7.43162901307967e-05,0.00161018628616726,0.00582144272691241,0.000792707094728498,0,0.000123860483551328,0.0302715021799445,0.0133273880301229,0,0.00867023384859295,0,0,0,0.000644074514466905,0,0.00339377724930638,0.0051030519223147,0.00136246531906461,0,0.0021551724137931,0,0.000148632580261593,0,0,0.00624256837098692,0.00351763773285771,0.0014367816091954,0.00465715418152992,0.00312128418549346,0,0.000322037257233452,0.000297265160523187,0,0,0,0,0,0,0,0,0.00522691240586603,0,0,0,0,0,0.00649028933808958,0,0.00044589774078478,0.00066884661117717,0,0,0.00126337693222354,0.00834819659135949,0,0,0,0,0.00136246531906461,0.0060443915973048,0,0.00408739595719382,0,0.00183313515655965,0,0,0,2.47720967102656e-05,0,0.000792707094728498,0.00022294887039239,0.00148632580261593,0,0,0.000123860483551328,0,0,0,0,0,0,0,0,0,0,0,0,0,0,0,0,0,0,0,0,0,0,0,0.000495441934205311,0,0,0,0.000990883868410622,0,0,0,0,0,0,0,0,0,0,0,0,0,0,0,0,0,0,0,0,0,0,0,0,0,0,0,0,0,0,0,0,0,0,0,0,0,4.95441934205311e-05,0,0,0,0,0,0,0,0.000272493063812921,0,0,0,0,0,0,0,0,0,0,0,0,0,0,0,0,0,0,0,0,0,0,0,0,0,0,0,0,0,0,0,0,0
446,"PRJNA1010969|SRR25819683","PRJNA1010969","SRR25819683","SAMN37204963","PRJNA1010969_TMB005","PRJNA1010969_TMB005","TMB005","Stool","Trauma","Trauma","Yes","Hospital day 14–21",NA,1,"ICU_admission","None",NA,NA,NA,"External_validation","Locked_external_test","Include","Confirmed","API + paper","High",NA,"PASS","Sampling window retained as a range; no exact day was imputed.","Core_Case_Control",37254,37194,60,0.00161056530842326,"uniform_target_Bacteria_Archaea_v1","rerun_v2_paired","Project_Final_Nonzero",0.000833467763617788,0.0376673657041458,0.00553852771952465,8.06581706726891e-05,5.37721137817928e-05,0.207882991880411,0,0,0.0014787331289993,0,8.06581706726891e-05,0.231569608001291,0.052938646018175,0.000107544227563586,0,0.0136312308436845,0.0104049040167769,0,0.000887239877399581,0,0.0052158950368339,0.00806581706726891,0,0.0720815185244932,0,8.06581706726891e-05,0,0.00102167016185406,0.000833467763617788,0,0,0.000430176910254342,0,5.37721137817928e-05,0.0148948755175566,0,0,0.00166693552723558,0,0,0.00231220089261709,0.00626445125557886,0.000107544227563586,0.000215088455127171,0,0.0298166370920041,0.0639619293434425,0.0014787331289993,0,0,0.0208098080335538,0,0.00112921438941765,0,0,0,0.000699037479163306,0.0148411034037748,0.00932946174114105,0,0.00319944077001667,0,0,0,0.00131741678765392,0.00207022638059902,0,0,0.0120987256009034,0,0,0.0384470613539818,0,0,0,0.0111039414959402,0.000403290853363446,0.000161316341345378,0.00424799698876163,0,0,0.00172070764101737,0,0,0.00185513792547185,8.06581706726891e-05,0.00822713340861429,0,0,0,0.00311878259934398,0,0,0,0.000483949024036135,0.000188202398236275,0,0.000725923536054202,0,0.00736677958810561,0,0,0,0,0,0,0,0,0,0.00059149325159972,0,0.000241974512018067,0,0,0,0,0.000699037479163306,0,0,0.00785072861214174,0.0162122923052105,8.06581706726891e-05,0.00123675861698123,0,0,0.000376404796472549,0,0.000779695649835995,0,0,0,0,0,0,0,0,0,0,0,0,0,5.37721137817928e-05,0,0,0,0.00029574662579986,0,0,0,0,0,0,0,0,0,0.00395225036296177,0,0.000752809592945099,0,0,0,0.00029574662579986,0,0.000833467763617788,0,0.000779695649835995,0.000779695649835995,0,0.00268860568908964,0.000914125934290477,0,0,0.000134430284454482,0,0,0,0,0.00129053073076303,0,0,0,0,0,0,0,0,0.000914125934290477,0,5.37721137817928e-05,0,0,0,0,0,0,0,0,0,0,0,0,0,0,0,0,0,0,0,0,0,0,2.68860568908964e-05,0,0,0,0.000188202398236275,0,0,5.37721137817928e-05,0,0,0,0,0,0,0,0,0,0,0,0,0,0,0,0,0,0,0,0,0,0,0,0,0,0,0,0,0,0,0,0,0,0
447,"PRJNA1010969|SRR25819684","PRJNA1010969","SRR25819684","SAMN37204962","PRJNA1010969_TMB004","PRJNA1010969_TMB004","TMB004","Stool","Trauma","Trauma","Yes","Hospital day 14–21",NA,1,"ICU_admission","None",NA,NA,NA,"External_validation","Locked_external_test","Include","Confirmed","API + paper","High",NA,"PASS","Sampling window retained as a range; no exact day was imputed.","Core_Case_Control",27108,27086,22,0.000811568540652206,"uniform_target_Bacteria_Archaea_v1","rerun_v2_paired","Project_Final_Nonzero",0.000479952743114524,0.00276895813335302,0.148379236505944,0.000221516650668242,0.000886066602672968,0.000812227719116887,0.0372147973122646,0.000590711068448645,0,0,0.00151369711289965,7.38388835560806e-05,0,0.513106401831204,0.121169607915528,0,0.000627630510226685,0.00225208594846046,0.000184597208890202,0,0,7.38388835560806e-05,0,0.000516872184892564,0.00557483570848409,0,0,0.000184597208890202,7.38388835560806e-05,0,0,0.00376578306136011,0,0.000221516650668242,0,0,0.000996824928007089,0,0,0,0,7.38388835560806e-05,0,0.00147677767112161,0,0,0,0,0,0,0,3.69194417780403e-05,0,0.0858377021339437,0,0,0,0,0,0,0,0,0,0,0,0,0,0,0,0,0,0,0,0,7.38388835560806e-05,0,3.69194417780403e-05,0,0,0,0,0,0,0,0,0,0,0,0,0,0.000406113859558443,0,0.000221516650668242,0,0,0,0,0.000812227719116887,0,0,0,0,0,0,0.000479952743114524,0,0,0,0,0,0,0,0,0,0,0,0,0,0,0,0,0.018312043121908,0,0,0,0,0,0,0,0,0,0,0,0.00561175515026213,0,0.000221516650668242,0,0,0,0,0,0.00243668315735066,0,0,0,0,0.00701469393782766,0,0,0.00631322454404489,0,0,0,0,0,0,0,0,0.00527948017425977,0,0,3.69194417780403e-05,0,0,0,0,0,0,0,0,0.00335966920180167,0,0,0,0,0,0,0,0,0,0,0,0,0,0,0,0,0,0,0,0,0,0,0,0,0,0,0,0.00177213320534594,0,0.00132909990400945,0,0,0,0,0,0,0,0,0,0,0,0,0,0,0,0,0,0,0,0,0,0.000738388835560806,0,0,0,0,0,0.000701469393782766,0,0,0,0,0,0,0,0,0,0,0,0,0.000369194417780403,0,0,0,0,0,0,0,0,0,0,0
448,"PRJNA1010969|SRR25819685","PRJNA1010969","SRR25819685","SAMN37204961","PRJNA1010969_TMB003","PRJNA1010969_TMB003","TMB003","Stool","Trauma","Trauma","Yes","Hospital day 14–21",NA,1,"ICU_admission","None",NA,NA,NA,"External_validation","Locked_external_test","Include","Confirmed","API + paper","High",NA,"PASS","Sampling window retained as a range; no exact day was imputed.","Core_Case_Control",29642,29615,27,0.000910869711895284,"uniform_target_Bacteria_Archaea_v1","rerun_v2_paired","Project_Final_Nonzero",0.0306939051156509,0.0986999831166639,0,0.00307276717879453,0.000202600033766672,0.133513422252237,0.000607800101300017,0,0.00239743373290562,0,0.00043896673982779,3.37666722944454e-05,0.0204963700827283,0.000202600033766672,0.0204626034104339,0.025628904271484,3.37666722944454e-05,6.75333445888908e-05,0.0534864089144015,0,0.00172210028701671,0.141549890258315,0,0.028127638021273,0,0,0,0.000202600033766672,0.0131690021948337,0,0.000101300016883336,0.000135066689177782,0,0.0887388147898025,0,0.0062468343744724,0,0,0,0,0.00114806685801114,0.000101300016883336,0,0.000270133378355563,0,0.00391693398615566,0.0374472395745399,0.0316393719398953,0.000776633462772244,0,6.75333445888908e-05,0.00178963363160561,0.00226236704372784,0,0,0.00121560020260003,0.00381563396927233,0.0415667735944623,0.052844842140807,0,0.014857335809556,0,0,0,0,0,0.00114806685801114,0.00553773425628904,0,0,0.00283640047273341,0.00239743373290562,0.00158703359783893,0,0,0,0.00482863413810569,0,0,0,0,0,0,0,0.00557150092858349,0,0,0,0,0,0,0,0,0.00043896673982779,0,0,0,0.000844166807361135,0,0,0,0,0,0,0,0,0.00688840114806686,0,0,0,0,0,0,0,0,0,0,0,0,0,6.75333445888908e-05,0.000574033429005571,0,0,0,0,0.0108728684788114,0.00374810062468344,0,0,0,0,0,0.00341043390173898,0,0,0,0,0.00256626709437785,0,0,0.000236366706061118,0,0,0,0,0,0,0,0,0,0.000135066689177782,0,0,0,0,0.00492993415498903,0.00124936687489448,0,0,0.00357926726321121,0,0,0,0,0,0,0,0,0,0,0,0,0,0,0.00043896673982779,0,0,0,0,0,0,0,0,0,0,0,0,0.00212730035455006,0,0,0,3.37666722944454e-05,0,0,0,0,0,0,0,0,0,0,0,0,0,0.000540266756711126,0,0.00124936687489448,0,0,0,0,0,0,0,0,0,0,0,0,0,0,0,0,0,0,0,0,0,0,0,0,0,0,0,0,0,0,0,0,0,0,0,0,0.000236366706061118,0,0,0,0,0,0,0
449,"PRJNA1010969|SRR25819686","PRJNA1010969","SRR25819686","SAMN37204960","PRJNA1010969_TMB002","PRJNA1010969_TMB002","TMB002","Stool","Trauma","Trauma","Yes","Hospital day 14–21",NA,1,"ICU_admission","None",NA,NA,NA,"External_validation","Locked_external_test","Include","Confirmed","API + paper","High",NA,"PASS","Sampling window retained as a range; no exact day was imputed.","Core_Case_Control",71914,71887,27,0.000375448452318047,"uniform_target_Bacteria_Archaea_v1","rerun_v2_paired","Project_Final_Nonzero",0.0075952536619973,0.289968979092186,0.00109894695842085,0.00176666156606897,9.73750469486834e-05,0.224324286727781,0,0,0.011434612655974,0,0.0191828842488906,0.00223962607981972,0.0348185346446506,0.000208660814890036,0,0.0343594808518926,0,0,0.00190576877599566,0,2.78214419853381e-05,0.00652412814556178,0,0.050482006482396,4.17321629780071e-05,0,0,0.0903223114054001,0.00392282331993267,0,0,0.000820732538567474,0,0.000278214419853381,0,0,0,0,0.00130760777331089,0.00297689429243118,0.0116293627498713,0.048381487612503,0.0242742081322075,0.000208660814890036,0.0237038685715081,0.00552255623408961,0,0.00123805416834755,0,0,0.000375589466802064,0.0129508812441749,0.00354723385313061,0,0,2.78214419853381e-05,0.000222571535882705,0.0125892024983655,0.00324119799129189,0,0.00781782519788001,0,0,0.000166928651912029,0.00578685993295032,0.00140498282025957,0,0.00191967949698833,0,0,0,0.00162755435614228,0.0123944524044681,0,0.000472964513750748,0,0.00296298357143851,0,0.00155800075117893,0,0.0023370011267684,0.000166928651912029,0,0,0.00436796639169808,0,0,0,0,0,0,0,0.00107112551643552,0,0,0,0,0.000264303698860712,0,0,0,0,0,0.000500785955736086,0,0,0,0,0,0.000653803886655445,0,0.000570339560699431,0,0,0.000472964513750748,0.0011685005633842,0.000194750093897367,0,0,0,0.000556428839706762,8.34643259560143e-05,0.000319946582831388,0,0,0.00015301793091936,4.17321629780071e-05,0,0,0,0,0,0,0,0,0,0,0,0,0,0,5.56428839706762e-05,0,0,0,0,0,0,0,0,0,0,0,0,0,6.95536049633453e-05,0,0.00203096526492968,0,0,0,0,0,0,0,0,0,0,0,0,0,0,0.000306035861838719,0,0,0.000514696676728755,0,0,0,0,0,0,0,0,0,0,0,0,1.3910720992669e-05,0,0,0,0,0,0,0,0,0,0,0,0,0,0,0,0,0,2.78214419853381e-05,0,0,0,0,2.78214419853381e-05,0,0,0,0,0,0,0,0,0,0,0,0,0,0,0,0,0,0,0,0,0,0,0,0,0,0,0,0,0,0,0,0,0,0,0,0,0,0,0,0,0
450,"PRJNA1010969|SRR25819687","PRJNA1010969","SRR25819687","SAMN37204915","PRJNA1010969_HMB006","PRJNA1010969_HMB006","HMB006","Stool","Healthy_control","Healthy","Yes",NA,NA,1,"Unresolved","None",NA,NA,NA,"External_validation","Locked_external_test","Include","Confirmed","API + paper","High",NA,"PASS","Healthy control; no ICU-relative time assigned.","Core_Case_Control",76980,76961,19,0.000246817355157184,"uniform_target_Bacteria_Archaea_v1","rerun_v2_paired","Project_Final_Nonzero",0,0.0816387520952171,0.00747131664089604,0.000415795013058562,0.000116942347422721,0.138043944335443,0,0,0.0640584191993347,0.0319252608464027,0.0142149920089396,0.046244201608607,0.0132924468237159,0.00101350034433025,0.000220891100687361,0.017853198373202,0.0136042930835098,7.79615649484804e-05,0.00470368108522498,0,0.0272085861670197,0.000103948753264641,0.0782084432374839,0.0549369161003625,0.000103948753264641,0,0,0.0130325749405543,0,0.00725042554020868,5.19743766323203e-05,0.00153324411065345,0,0.00131235300996609,0.0109016254986292,0.00253375086082561,0,0,2.59871883161601e-05,0,0.00431387326048258,0.0183729421395252,6.49679707904003e-05,0.00375514871168514,0,0.000142929535738881,0.0521822741388496,0.00192305193539585,0,0,0.00977118280687621,0.000922545185223685,0.00492457218591234,0,0,7.79615649484804e-05,0.00718545756941828,0.000896557996907525,0.00489858499759619,0.0122269721027533,0.00978417640103429,0,0,0,0.00114343628591105,0.00172814802302465,0.00219591741271553,0.00142929535738881,0,0,0.00445680279622146,0.000623692519587843,0.00270266758488065,0.000246878289003521,0.00232585335429633,0,0.00392406543574018,0.00839386182611972,0.0113174205116877,0,0.00301451384467458,0.000168916724055041,0,0,0.00315744338041346,2.59871883161601e-05,0.0163329478567066,0.00237782773092865,0.0104208625147802,0,0.00192305193539585,0,0.00479463624433154,0,7.79615649484804e-05,0.00153324411065345,0.00676966255635971,0.000701654084536324,0.00401502059484674,0.00696456646873092,0,0,0.00680864333883395,0.000311846259793922,0,0.000428788607216642,0,0,0,0,0,0.00231285976013825,0,0,0,0.00111744909759489,0.000584711737113603,0.00118241706838529,0,0.00385909746494978,0.00185808396460545,0,0,0.00146827613986305,0,0,0.000220891100687361,0.00100050675017217,0,0.000441782201374722,0.00514546328659971,0,0.00154623770481153,0,0.00248177648419329,0,0,0,0,0,0.000974519561856005,0.00115642988006913,0.00249477007835137,0,0,0.000363820636426242,0,0,0,0,0,0,0,0,0,0,0.000103948753264641,0,0,0,0.000467769389690882,6.49679707904003e-05,0,0.00139031457491457,0,0.000181910318213121,0,0,0.000506750172165123,0.00118241706838529,0,0,0.000259871883161601,0.000103948753264641,0,0.000207897506529281,0,0.000155923129896961,0,0,0,0,0.00100050675017217,0,0,0,0,0,0.000207897506529281,0,0,0.000766622055326724,0,0,0,0.000727641272852484,0,0,0,0,0,0,0,0,0,0,9.09551591065605e-05,0,0,0,0,0.000142929535738881,0,0,0,0,0.000389807824742402,0,0.000103948753264641,0,0.000155923129896961,0,0,0,0,0,0,0,0,0.000103948753264641,0,0,0,0,0,0,0.000155923129896961,0,0,0,0,0,5.19743766323203e-05,0,0,0,0,0,0,0,6.49679707904003e-05,0,0
451,"PRJNA1010969|SRR25819688","PRJNA1010969","SRR25819688","SAMN37204959","PRJNA1010969_TMB001","PRJNA1010969_TMB001","TMB001","Stool","Trauma","Trauma","Yes","Hospital day 14–21",NA,1,"ICU_admission","None",NA,NA,NA,"External_validation","Locked_external_test","Include","Confirmed","API + paper","High",NA,"PASS","Sampling window retained as a range; no exact day was imputed.","Core_Case_Control",31222,31169,53,0.001697520978797,"uniform_target_Bacteria_Archaea_v1","rerun_v2_paired","Project_Final_Nonzero",0,0.158169976579294,0.00333664859315345,0.00157207481792807,0.0199236420802721,0.0980140524238827,0,0,0.00109082742468478,0,0.0509159742051397,0.233822066797138,0.0476114087715358,0.000417081074144182,0.000224582116846867,0.0525201321826173,0.00230998748756778,0,0.00866245307837916,0,0.0118066027142353,0.0121916006288299,0,0.0140203407231544,0,0.00179665693477494,0,0.00115499374378389,0.00628829927171228,0,0,0.00404247810324361,0,0.000160415797747762,3.20831595495524e-05,0.00644871506946004,0,0,0.00025666527639642,0.00413872758189226,0.00705829510090154,0.00115499374378389,9.62494786486573e-05,0.000513330552792839,0.0494401488658603,0.00786037408964035,0,0.00503705604927973,0.000930411626937021,0,0.0187365651769386,3.20831595495524e-05,0,0,0,0.00012833263819821,0.00490872341108152,0.00208540537072091,0.00564663608072123,0,0,0,0,0,0.0072187108986493,0.010683692130001,0.00012833263819821,0,0,0,0.00163624113702717,6.41663190991049e-05,0.00776412461099169,0,0.000352914755045077,0,0.00776412461099169,0.000930411626937021,0,0,0.00150790849882896,0.00474830761333376,0,0,0.0283294298822548,0.00510122236837884,0,0,0,0,0,0,0.0127690975007219,0,0.00343289807180211,0,0,0.000481247393243287,0,0,0,0,0.0013474927010812,0,0,0,0,0.00125124322243255,0,0.00121916006288299,0,0.00105874426513523,0,0,0,0,0.00221373800891912,0,0,0.00125124322243255,0.00115499374378389,6.41663190991049e-05,0,0,0,0.000352914755045077,0.00224582116846867,0,0,0,0,0,0,0,0,0,0,0,0.000898328467387468,0,0,0.00105874426513523,0,0,0,9.62494786486573e-05,0,0,0,0,0,0,0,0,0,0,0.00012833263819821,0.000160415797747762,0,0,0,0,0,0,0,0.000898328467387468,0,0,0,0.000192498957297315,0,0,0.000384997914594629,0,0,0.000417081074144182,0,0,0,0,0,0,0,0,0,0,0.000320831595495524,0,0.000545413712342391,0,0,0,3.20831595495524e-05,0,0,9.62494786486573e-05,0,0,0,0,0,0,0,0,0,0,0,0,0,0,0,0.000160415797747762,0,0,0,0,0,0,6.41663190991049e-05,0,0,0,0,0,0,0,0,0,0,0,0,0,0,0.000449164233693734,0,0,0,0,0,0,0,0,0,0,0,0,0,0,0,0,0,0,0
452,"PRJNA1010969|SRR25819689","PRJNA1010969","SRR25819689","SAMN37204958","PRJNA1010969_BMT134","PRJNA1010969_BMT134","BMT134","Stool","Trauma","Trauma","Yes","Hospital day 14–21",NA,1,"ICU_admission","None",NA,NA,NA,"External_validation","Locked_external_test","Include","Confirmed","API + paper","High",NA,"PASS","Sampling window retained as a range; no exact day was imputed.","Core_Case_Control",27004,26938,66,0.00244408235816916,"uniform_target_Bacteria_Archaea_v1","rerun_v2_paired","Project_Final_Nonzero",0.000259855965550523,0.000408345088722251,0,0.000296978246343455,0.000334100527136387,0.133862944539312,0,0,0.0993021011210929,0.0344123542950479,0.0168535154799911,0.141955601752172,0.00018561140396466,0.000148489123171728,0,0.000111366842378796,7.42445615858638e-05,0,0.0127700645927686,0,0.000853812458237434,0.0606949290964437,0,0.000334100527136387,0,0,0,0.000259855965550523,7.42445615858638e-05,0,0,0.000816690177444502,0,0.00129927982775262,0.023461281461133,3.71222807929319e-05,0,0.0362313460539016,0.00775855668572277,0,0.0110995619570866,0,0,0.000519711931101047,0.029994802880689,0.00389783948325785,0.0388670279901997,0,0,0,0,0.0119162521345311,0,0,0.000668201054272775,0,0.084490311084713,0,0.00144776895092434,0,0.02127106689435,0,0,0.000631078773479843,0.0489642883658772,0.025651496027916,0,0,0,0,0,0,0.0132526542430767,0,0,0,0.00096517930061623,0.00957754844457643,0,0,0,0,0,0,0.00278417105946989,0,0.0170020046031628,0,0,0,0.00077956789665157,0,0.000705323335065706,0,0,0,0,0.00189323632043953,0,0.00077956789665157,0,3.71222807929319e-05,0,0.000890934739030366,0,0,0,0,0,0.00077956789665157,0,0.00141064667013141,0,0,0.00519711931101047,0,0,0,0,0,0,0,0,0,0,0,0,0,0,0,0,0,0,0,0.000371222807929319,0,0,0,0,0,0,0.000148489123171728,0,0,0,0.000296978246343455,0,0,0,0,0,0,0,0,0,0,0,0,0,0,0,0,0,0,0,0,0,0,0,0,0,0,0,0,0,0,0,0,0,0,0,0,0,0,0,0,0,0,0.000816690177444502,0,0,0,0,0.00178186947806073,0,0,0,0,0,0,0,0,0,0,0,0,0,0,0,0,0,0,0,0,0,0,0,0,0.000445467369515183,0,0,0,0,0,0,0.000482589650308115,0,0,0,0,0,0,0,0,0,0,0,0,0,0,0,0,0,0,0,0,0,0,0,0,0,0,0
453,"PRJNA1010969|SRR25819690","PRJNA1010969","SRR25819690","SAMN37204957","PRJNA1010969_BMT131","PRJNA1010969_BMT131","BMT131","Stool","Trauma","Trauma","Yes","Hospital day 14–21",NA,1,"ICU_admission","None",NA,NA,NA,"External_validation","Locked_external_test","Include","Confirmed","API + paper","High",NA,"PASS","Sampling window retained as a range; no exact day was imputed.","Core_Case_Control",38644,38630,14,0.00036228133733568,"uniform_target_Bacteria_Archaea_v1","rerun_v2_paired","Project_Final_Nonzero",0.000129433083096039,0.194408490810251,0.00284752782811287,0.000750711881957028,0.00541030287341444,0.162593838985245,0,0,0.0615842609370955,0,0.0589438260419363,0.0281905254983174,0.0558633186642506,7.76598498576236e-05,0,0.00745534558633187,0.00740357235309345,0,0.0845198032617137,0,0.0283458451980326,0.0180688584002071,0,0.0319958581413409,0,0.00186383639658297,0,0.0143670722236604,0.00313228061092415,5.17732332384157e-05,0,0.00170851669686772,0,0.00476313745793425,0.0042712917421693,5.17732332384157e-05,0,0.0568470100957805,0.0100957804814911,0,0.00300284752782811,0.0130209681594616,0,0.000414185865907326,0,0.0049443437742687,0,0.00333937354387782,0,0,0.0023039088791095,0,0.00261454827853999,0,0,0.000595392182241781,0.00049184571576495,0.0026404348951592,0.00566916903960652,0,0.00781775821900078,0,0,0,0,0.00489257054103029,0.000155319699715247,0.00320994046078178,0,0,0.0016567434636293,0.000155319699715247,0.00711881957028216,0.00160497023039089,0.00139787729743722,0.00486668392441108,0.00113901113124515,0.00380533264302356,0.00072482526533782,0,5.17732332384157e-05,0.00478902407455346,0,0,0.00181206316334455,0,0.00421951850893088,0,0,0,0.000232979549572871,0,0.00139787729743722,0,0.00315816722754336,0.000698938648718612,0,0.00178617654672534,0.00292518767797049,0.000828371731814652,0,2.58866166192079e-05,0.000155319699715247,0,0,0.00142376391405643,0,0,0,0,0.0019673828630598,0,0,0,0,0,0.00414185865907326,0,0,0,0.000880144965053068,0.00173440331348693,0.000155319699715247,0.000440072482526534,0,0.00458193114159979,7.76598498576236e-05,0.000232979549572871,0,0.000129433083096039,0,0,0,0.000673052032099405,0,0,0,0,0,0,0,5.17732332384157e-05,0,0,0,0.000129433083096039,0,0,0,0,0,0.000181206316334455,0,0,0,0,0.00072482526533782,0,0,0,0.00144965053067564,0,0,0,0,0,0,0,0.000284752782811287,0.00036241263266891,0,0,0,0.000181206316334455,0,0.000207092932953663,5.17732332384157e-05,0,0,0,0,0,0,0,0,0,0.000258866166192079,0,0.000258866166192079,0,0,0,0,0,0,0,0,0,0,0,0,0,0,0,0,0.00106135128138752,0.000310639399430494,0,0,0,0,0,0,0,0,0,0,0,0,0,0,0,0,0,0,0,0,0,0,0,0,0,0,0.000284752782811287,0,0,0,0,0,0,0,0,0,0,0,0,0,0,0,0,0,0,0
454,"PRJNA1010969|SRR25819691","PRJNA1010969","SRR25819691","SAMN37204956","PRJNA1010969_BMT130","PRJNA1010969_BMT130","BMT130","Stool","Trauma","Trauma","Yes","Hospital day 14–21",NA,1,"ICU_admission","None",NA,NA,NA,"External_validation","Locked_external_test","Include","Confirmed","API + paper","High",NA,"PASS","Sampling window retained as a range; no exact day was imputed.","Core_Case_Control",35044,35042,2,5.70711106038124e-05,"uniform_target_Bacteria_Archaea_v1","rerun_v2_paired","Project_Final_Nonzero",0.408224416414588,0.00624964328520062,0.0212887392272131,0,0.00168369385309058,0.0467724444951772,0,8.56115518520632e-05,0.00596427144569374,0.0025683465555619,0.0590148964100223,0.00562182523828549,0.00285371839506877,0.00062781804691513,0.00370983391358941,0.00462302380001142,0.0192911363506649,0,0.00145539638148508,0,0.0472861138062896,0.00025683465555619,0.000370983391358941,0.0219165572741282,0,0,0,0.00450887506420866,0.000970264254323383,0.000970264254323383,0.000285371839506877,0.0335597283260088,0.00231151190000571,0,0,0.00179784258889333,0,0.00102733862222476,0.0179784258889333,0.0013983220135837,0.00713429598767194,0.0349009759716911,5.70743679013755e-05,0.0140117573197877,0.000313909023457565,0.000741966782717881,0,0.000285371839506877,0,0,0.000599280862964443,0,0.00025683465555619,0,0.0135836995605274,0,0.000970264254323383,0.00062781804691513,0.00142685919753439,0,0.0011700245419782,0,0,0,0.000142685919753439,0.00505108155927173,0,0.000199760287654814,0,0,0.00299640431482221,0.00062781804691513,0.000513669311112379,0,0.00336738770618115,0,0.000114148735802751,0.0030249414987729,0.0016266194851892,0,0,0,0,0.00362422236173734,8.56115518520632e-05,0,0.00610695736544718,0.00239712345185777,0.000656355230865818,0,0.000599280862964443,0,0,0,5.70743679013755e-05,0.00154100793333714,0.000199760287654814,0.00205467724444952,0.000114148735802751,0.00211175161235089,0,0.000741966782717881,0.000713429598767194,0,0,0,0.000313909023457565,0,0,0.00025683465555619,0,0,0,0,0,0.0125563609383026,0,0.000970264254323383,0,5.70743679013755e-05,0.00245419781975915,0,0,0,0,0,0,0,0,0,0,0.000741966782717881,0,0,0.00613549454939787,0,0,0,0,0,0.000599280862964443,0.00251127218766052,0,0,0,0,0,0,0,0,0,0,0,0,0,0.000228297471605502,0,0.000114148735802751,0,0,0,0,0,0,0,0,0,0,0,0,0,0,0,5.70743679013755e-05,0,2.85371839506877e-05,0,0,0,0,0,0,0,0,0,0,5.70743679013755e-05,0,0,0,0.000399520575309628,0,0,0.000656355230865818,0,0,0,0,0,0,0,0.000799041150619257,0,0,0,0,0,5.70743679013755e-05,0,0,0,0.000114148735802751,0,0,0,0,0,0,0,0.000713429598767194,0.000428057759260316,0,0,0,0,0,0,0,0,0,0.000456594943211004,0,0,0,0,0,0,0,0,0,0,0,0,0,0,0,0,0,0,0,0,0,0
455,"PRJNA1010969|SRR25819692","PRJNA1010969","SRR25819692","SAMN37204955","PRJNA1010969_BMT127","PRJNA1010969_BMT127","BMT127","Stool","Trauma","Trauma","Yes","Hospital day 14–21",NA,1,"ICU_admission","None",NA,NA,NA,"External_validation","Locked_external_test","Include","Confirmed","API + paper","High",NA,"PASS","Sampling window retained as a range; no exact day was imputed.","Core_Case_Control",41643,41599,44,0.00105660014888457,"uniform_target_Bacteria_Archaea_v1","rerun_v2_paired","Project_Final_Nonzero",0.000408663669799755,0.0786557369167528,0.0848818481213491,0.0526695353253684,0.00274045049159836,0.0128128080001923,0.00127406908819924,0.000120195196999928,0.000312507512199813,4.80780787999712e-05,0.000745210221399553,0.000841366378999495,0.0822135147479507,0.000336546551599798,0,0.0447366523233732,0.00021635135459987,0,0.0193033486381884,0,0.0025000600975985,0.00353373879179788,0,0.00545686194379673,0,0,0,9.61561575999423e-05,0.0252169523305849,0,0,0.00218755258539869,0,0.00237986490059857,0.0304815019591817,0.0073319070169956,0,0.0030048799249982,7.21171181999567e-05,0,0.0881992355585471,0.00204331834899877,0,0.00418279285559749,0,0.000625015024399625,0,0.00269237241279838,0,0,0.00543282290439674,0,0.00521647154979687,0,0,0.000336546551599798,0.00812519531719512,0.0185581384167889,0.000793288300199524,0,0.00108175677299935,0,9.61561575999423e-05,0,0.00225966970359864,0.0354335440755787,0.00108175677299935,0,0,0,0,0.000264429433399841,0.0025000600975985,0.000408663669799755,0.00680304815019592,0.00240390393999856,0.000192312315199885,0,0,0,0.0419000456741749,0.00021635135459987,0,0,0.00139426428519916,0.011731051227193,0.0340633188297796,0,0,0,0.000120195196999928,0,0.0125243395273925,0,0.0131253155123921,0,0,0.00189908411259886,0.000600975984999639,0.0126685737637924,0,0,0.00331738743719801,0.0143993846005914,0,0.0153128680977908,0,0,0,0.000625015024399625,0,0.000552897906199668,0,0,0.000288468472799827,0.00548090098319671,0.0103608259813938,2.40390393999856e-05,0,0,0.00144234236399913,0,0.000913483497199452,0,0,0.00158657660039905,0.000240390393999856,0.00168273275799899,0,0,0,0,0,0,0.00158657660039905,0,0,0,0,0,0.0026683333733984,0.00218755258539869,0,0,0.000721171181999567,0.000120195196999928,0,0,0,0,0,0.000240390393999856,0.00329334839779802,0,0,9.61561575999423e-05,0.000384624630399769,0.000288468472799827,0,0,0,0,0,0,0,0.00105771773359937,0,0,0.000985600615399409,0.000528858866799683,0,0,0.00170677179739898,0,0,0.000384624630399769,0,0,0,0,0,0,0,0,0.00173081083679896,0,0.000504819827399697,0,0.000649054063799611,0,0,0,2.40390393999856e-05,0,0,0,0,0,0,0,0,0,0,0,0.00103367869419938,0,0.000528858866799683,0,0,0,0,0,0,0,0,0.000649054063799611,0,0,0,0,0,0,0,0,0,0,0,0,0,0,0,0,0,0,0,0,0,0,0,0,0,0,0,0,0,0,0,0.000144234236399913,0,0,0,0,0
456,"PRJNA1010969|SRR25819693","PRJNA1010969","SRR25819693","SAMN37204954","PRJNA1010969_BMT125","PRJNA1010969_BMT125","BMT125","Stool","Trauma","Trauma","Yes","Hospital day 14–21",NA,1,"ICU_admission","None",NA,NA,NA,"External_validation","Locked_external_test","Include","Confirmed","API + paper","High",NA,"PASS","Sampling window retained as a range; no exact day was imputed.","Core_Case_Control",26194,26194,0,0,"uniform_target_Bacteria_Archaea_v1","rerun_v2_paired","Project_Final_Nonzero",0.000229060090096969,0.00633732915934947,0.000190883408414141,0.00301595785294342,0.000152706726731313,0.121783614568222,0.000954417042070703,0,0.000114530045048484,0,0.366190730701687,0.00232877758265252,0,0.000267236771779797,0.000114530045048484,0.00782621974497977,0.000267236771779797,0,0.0109567076429717,0,0,0.0213025883790181,0,0.0251966099106666,7.63533633656563e-05,0,0,7.63533633656563e-05,0.0193937542948767,0,0,0.00145071390394747,0,0.000534473543559594,0,0,0,0,0,0,0.00629915247766664,0.0414598763075513,0.0957089409788501,0.000496296861876766,0,0.0369550278689776,0,0.0180193937542949,0,0,0.0484843857371917,0,0.000878063678705047,0,0,0,0.00626097579598381,0.0279453309918302,0.00152706726731313,0,0,0,0,3.81766816828281e-05,0,0,0.00736809956478583,0.00129800717721616,0,0,0,0.00106894708711919,0,0,0,0,0.00862793006031916,0,0,0,0.000419943498511109,0,0,0,0.00328319462472322,0.000343590135145453,0,0,0,0,0,0,0.00664274261281209,0.0288615713522181,0.00202336412918989,0.000649003588608078,0,0.00156524394899595,0,0,0.000534473543559594,0,0.00248148430938383,0.00702450942964038,0,0,0,0,0,0.00897152019546461,0,0.000305413453462625,0,0,0,0,0.000419943498511109,0,0.0012216538138505,0.00248148430938383,0.000839886997022219,0,0,0,0,0,0,0,0,0,0,0,0,0,0,0,0,0,0,0,0,0,0,0,0,0,0,0,0,0,0,0,0,0,0,0,0,0,0,0,0.000229060090096969,0,0,0,0,0.000534473543559594,0,0,0,0,0,0,0.00061082690692525,0,0,0,0,0,0,0,0,0,0,0,0,0,7.63533633656563e-05,0,0.000152706726731313,0,0,0.00141253722226464,0,0,0,0,0,0,0,0.00183248072077575,0,0.00110712376880202,0,0,0,0.00110712376880202,0,0,0,0,0,0,0,0,0,0,0,0,0,0,0,0,0,0,0,0,0,0,0,0,0,0,0,0,0,0,0,0,0,0,0,0,0,0,0,0,0,0,0,0,0,0,0
457,"PRJNA1010969|SRR25819694","PRJNA1010969","SRR25819694","SAMN37204953","PRJNA1010969_BMT121","PRJNA1010969_BMT121","BMT121","Stool","Trauma","Trauma","Yes","Hospital day 14–21",NA,1,"ICU_admission","None",NA,NA,NA,"External_validation","Locked_external_test","Include","Confirmed","API + paper","High",NA,"PASS","Sampling window retained as a range; no exact day was imputed.","Core_Case_Control",41218,41139,79,0.00191663836188073,"uniform_target_Bacteria_Archaea_v1","rerun_v2_paired","Project_Final_Nonzero",0.039524538758842,0.14859379177909,0.0012153917207516,0.000194462675320256,0.0109871411555944,0.0681591676997496,4.86156688300639e-05,0,0.101558132186004,0,0.00381633000316002,0.11439266875714,0.0466467342424463,0.00012153917207516,0,0.00751112083424488,0.000850774204526119,0,0.0458202678723353,0,0.0160917863827512,0.025061377281898,0,0.044118719463283,0,2.4307834415032e-05,0,0.0179391817982936,0.0118622231945356,0.000364617516225479,0,0.00102092904543134,0,0.0011424682175065,0.0146576241522643,0.00831327936994093,0,0,0.000316001847395416,0,0.00675757796737889,0,7.29235032450959e-05,0.000777850701281023,0,0.00498310605508155,0,0.00109385254867644,0,0,0.00012153917207516,0,0.00721942682126449,0,0,0.00024307834415032,0.000340309681810448,0.0160674785483361,0.0132963854250225,2.4307834415032e-05,0.00913974574005202,0,0,0,0.0059311115972678,0.00204185809086269,9.72313376601279e-05,0,0,0.000145847006490192,0.00571234108753251,0.000607695860375799,0.00892097523031673,0,0.0011424682175065,0,0.000170154840905224,0.00605265076934296,0.0124699190549114,0,0.00102092904543134,0.00474002771093123,0,0,0.0012153917207516,0.00831327936994093,0.00935851624978731,0,0,0,0.00415663968497047,0,0.00277109312331364,0,0.000316001847395416,0,0,0.00126400738958166,0,0.00605265076934296,0,2.4307834415032e-05,0.000218770509735288,0,0,0.000680619363620895,0,0,0,4.86156688300639e-05,0.012129609373101,0,0,0,0,0.000316001847395416,0.00272247745448358,0,0.00447264153236588,0.00493449038625149,0.000680619363620895,0.00012153917207516,0,0,0,0,0.00024307834415032,0.00374340649991492,0,0,0,0,0.000194462675320256,0,0,0,0,0,9.72313376601279e-05,0,0,0,0,0,0,0.000316001847395416,0,0,0,0,0,0,0,0,0,0,0.000656311529205863,0,0,0,0,0,0,0.000850774204526119,0,0,0,0,0,0,0,0,0.000437541019470575,0,0,0.000194462675320256,0,0,0,0,0,0,0,0,0,0,0,0,0.000413233185055543,0,0,0,0,0,0,0,0,0,0,0,0,0,0,0,0,0,9.72313376601279e-05,0,0,0,0,0,0,0,0,0,0,0,2.4307834415032e-05,0,0,0,0,0.000753542866865991,0,0,0,0,0,0,0,0,0,0,0,0,0,0,0,0,0,0,0,0,0,0,0,0,0,0,0,0,0
458,"PRJNA1010969|SRR25819695","PRJNA1010969","SRR25819695","SAMN37204952","PRJNA1010969_BMT120","PRJNA1010969_BMT120","BMT120","Stool","Trauma","Trauma","Yes","Hospital day 14–21",NA,1,"ICU_admission","None",NA,NA,NA,"External_validation","Locked_external_test","Include","Confirmed","API + paper","High",NA,"PASS","Sampling window retained as a range; no exact day was imputed.","Core_Case_Control",23722,23716,6,0.000252929769833909,"uniform_target_Bacteria_Archaea_v1","rerun_v2_paired","Project_Final_Nonzero",0.000969809411367853,0.0641339180300219,0.00670433462641255,0.000168662506324844,0.0796508686119076,0.0204081632653061,0,0,0.00493337831000169,0,0.178993084837241,0.0484483049418114,0.0339433293978749,0.000969809411367853,0,0.0115112160566706,0.11038961038961,0,0,0,0.0192696913476134,0.00198178444931692,0,0.0110052285376961,0,0.000969809411367853,0,0.000126496879743633,8.4331253162422e-05,0,0.000885478158205431,0.00560802833530106,0,0.000168662506324844,0.0482796424354866,0,0,0,0.00130713442401754,0,0.0252572103221454,0.015390453702142,0,0.00042165626581211,0.0131556754933378,0.0181733850565019,0,0.00826446280991736,0,0.00084331253162422,0.00105414066453027,0.00522853769607016,0.0173300725248777,0,0,0.000337325012649688,0.000337325012649688,0.0104149097655591,0.00126496879743633,0,0.000632484398718165,0,0,0,0.00320458762017204,0.0382020576825772,0,0,0,0,0,0.000379490639230899,0.00189745319615449,0.000252993759487266,0,0,0.000590318772136954,0.00189745319615449,0.00084331253162422,0,0.000252993759487266,0.0128605161072694,0,0,0.0072946533985495,0,0.0430932703659976,0,0.000210828132906055,0,0.00244560634171024,0,0.00244560634171024,0,0,0,0.00227694383538539,0.00143363130376117,0,0.00615618148085681,0,0,4.2165626581211e-05,0.00042165626581211,0,0,0,0.0142519817844493,0,0.000126496879743633,0,8.4331253162422e-05,0,0,0,0,0.00042165626581211,0,0,0.00737898465171192,0.00328891887333446,0.000168662506324844,0,0,0,0,0.00316242199359082,0.000801146905043009,0,0,0,0,0,0,0,0,0,0,0.00084331253162422,0,0,0.000295159386068477,0,0,0,8.4331253162422e-05,0,0,0.000126496879743633,0,0,0,0,0,0,0,0.000463821892393321,0,0,0,0.000168662506324844,0,0,0,0,0.000252993759487266,0,0,0,8.4331253162422e-05,0,0,0.00109630629111149,0,0,0.000126496879743633,0,0,0,0,0,0,0,0,0,0,4.2165626581211e-05,0,8.4331253162422e-05,0,0,0,0.000168662506324844,0,0,0,0,0,0,0,0,0,0,0,0,0,0.000210828132906055,0,0,0,0,0,0,0,0,0,0,0,0,0,0.00084331253162422,0,0,0,0,0,0,0,0,0.000758981278461798,0,0,0,0,0,0,0,0,0,0,0,0,0,0,0,0,0,0,0,0,0,0,0
459,"PRJNA1010969|SRR25819696","PRJNA1010969","SRR25819696","SAMN37204951","PRJNA1010969_BMT119","PRJNA1010969_BMT119","BMT119","Stool","Trauma","Trauma","Yes","Hospital day 14–21",NA,1,"ICU_admission","None",NA,NA,NA,"External_validation","Locked_external_test","Include","Confirmed","API + paper","High",NA,"PASS","Sampling window retained as a range; no exact day was imputed.","Core_Case_Control",36954,36881,73,0.00197542891161985,"uniform_target_Bacteria_Archaea_v1","rerun_v2_paired","Project_Final_Nonzero",0.000189799625823595,0.297714270220439,0.000162685393563081,0.000189799625823595,0.000271142322605135,0.0186817060274938,0.000135571161302568,0,2.71142322605135e-05,0,0.00046094194842873,0,0.022965754724655,0.000135571161302568,0,0.176730565874027,0.000406713483907703,0,0,0,0,0.0242943521054201,0,0.00263008052926981,0.000108456929042054,0,0,5.42284645210271e-05,0.00867655432336433,0,0,0.000108456929042054,0,5.42284645210271e-05,0.000325370787126163,0.0431929719909981,0,0,2.71142322605135e-05,0,0.0228301835633524,0,0,0.000189799625823595,0,0.000325370787126163,0,0.0396410075648708,0,0,0.0628779046121309,0,0.00322659363900111,0,2.71142322605135e-05,0.000216913858084108,8.13426967815406e-05,0.01794962175646,0.000189799625823595,0,0.0328624494997424,0,0,0.0455790244299233,0,5.42284645210271e-05,0.0243214663376806,0,0,0,0,0.00241316667118571,0,0,2.71142322605135e-05,0.0129063745560044,0.018003850220981,0,0,0.00526016105853963,0,0.00225048127762262,0,0,0.0119031479623654,0,0.015102627369106,0,0,0.00184376779371492,0,0,0.0146416854206773,0,0,0,0,0.0014099400775467,0,0.00349773596160625,0,0,0,0,0,0,0,0,0,0.0124725468398362,0,0.000623627341991811,0,0,0,0,0,0,0,0,0.002006453187278,0,0,0,0,0,0.001003226593639,0,0,0.0021962528131016,0,0,0,0,0,0,0,0,0,0,0,0,0,0,0,0.00504324720045552,0,0,0,0,0,0,0,0,0,0,0.00222336704536211,0,0,0,0,0,0,0.00168108240015184,0,0,0,0,0,0,0,0,0.000244028090344622,0,0,0,0,0,0,0,0,0,0,0,0,0,0,0,0.00084054120007592,0,0,0,0,0,0,0,0,0,0,0,0,0,0,0,0,0,0,0,0,0,0,5.42284645210271e-05,0,0,0,0,0,0,0,0,0.000162685393563081,0,0,0,0,0,0,0,0,0,0,0,0,0,0,0,0,0.000325370787126163,0,0,0,0,0,0,0,0,0,0,0,0,0,0,0
460,"PRJNA1010969|SRR25819697","PRJNA1010969","SRR25819697","SAMN37204950","PRJNA1010969_BMT111","PRJNA1010969_BMT111","BMT111","Stool","Trauma","Trauma","Yes","Hospital day 14–21",NA,1,"ICU_admission","None",NA,NA,NA,"External_validation","Locked_external_test","Include","Confirmed","API + paper","High",NA,"PASS","Sampling window retained as a range; no exact day was imputed.","Core_Case_Control",40929,40890,39,0.00095286960345965,"uniform_target_Bacteria_Archaea_v1","rerun_v2_paired","Project_Final_Nonzero",0.090266568843238,0.0130349718757642,0.0127904133039863,0.0880410858400587,0.176693568109562,0.216140865737344,0,0.0188065541697236,9.78234287111763e-05,0,0.208828564441184,0.0164832477378332,0.00129616043042309,0.000195646857422353,0.000146735143066764,0.00222548300317926,0.000195646857422353,0.000709219858156028,0.000978234287111763,0,0.0217657128882367,0.00193201271704573,0,0.000513573000733676,0.00542920029347029,0,0,0.000391293714844705,0.0372218146246026,0,0,0.000146735143066764,0,0.000464661286378088,0.010809488872585,0.000562484715089264,0,0,0.00344827586206897,0.000807043286867205,0.018170701883101,0.000244558571777941,0.00227439471753485,0.000317926143311323,7.33675715333822e-05,0.00728784543898264,0,0.00217657128882367,0.00053802885791147,0,0.000513573000733676,0.000611396429444852,0.000709219858156028,0,0,0.000195646857422353,0,0.000855955001222793,0.000342382000489117,0.00484225972120323,0.000464661286378088,0.00156517485937882,0.000195646857422353,0,0,0.000366837857666911,0.000415749572022499,0.000366837857666911,0.000733675715333822,0,0.00146735143066764,0.000415749572022499,0.00313034971875764,0,0,0,9.78234287111763e-05,0,4.89117143555882e-05,0,4.89117143555882e-05,0.000758131572511617,0,0,0.000366837857666911,0,4.89117143555882e-05,0,0,0,0,0,0.000880410858400587,0,0,0,0.000611396429444852,0.00102714600146735,0.000171191000244559,0,0,0,0,0,0,0,9.78234287111763e-05,0,0,0,0,9.78234287111763e-05,0,0,0,0,9.78234287111763e-05,0,0.000464661286378088,0.000611396429444852,0.000855955001222793,9.78234287111763e-05,0,0,0,0,0,0,0,0,0,0,0,0,0.000855955001222793,0,0,0,0.0012227928588897,0,0,9.78234287111763e-05,0,0,0,4.89117143555882e-05,0,0,0,0,0,0,0,0,0,9.78234287111763e-05,4.89117143555882e-05,0,0,0,0,0,0,0,0,0,0,0,0,0.000366837857666911,0,0,0,0.000293470286133529,0,0.000611396429444852,0,0,0,0,0,0,0.000733675715333822,0,0,0.00269014428955735,0.000929322572756175,0,0.000317926143311323,0,0,0,0,0,0,0,0,0,0,0,0,0,0,0,0,0,0,0,0,0,0,7.33675715333822e-05,0,0,0,0,0,0,0,0,0,0,0,0,0,0,0,0,0,0,0,0,0,0,0,0,0,0,0,0,0,0,0,0,0,0,0,0,0,0,0,7.33675715333822e-05,0
461,"PRJNA1010969|SRR25819698","PRJNA1010969","SRR25819698","SAMN37204914","PRJNA1010969_HMB005","PRJNA1010969_HMB005","HMB005","Stool","Healthy_control","Healthy","Yes",NA,NA,1,"Unresolved","None",NA,NA,NA,"External_validation","Locked_external_test","Include","Confirmed","API + paper","High",NA,"PASS","Healthy control; no ICU-relative time assigned.","Core_Case_Control",28293,28273,20,0.000706888629696391,"uniform_target_Bacteria_Archaea_v1","rerun_v2_paired","Project_Final_Nonzero",0.000247586036147561,0.114632334736321,0.00360768224100732,0.00120256074700244,0.00753368938563294,0.127754394652142,0,0,0.114915290206204,0.0866904820853818,0.0337070703498037,0.00774590598804513,0.0148551621688537,0.000141477734941464,0.00332472677112439,0.0187457998797439,0.019912991193011,0.00060128037350122,0.00183921055423903,0,0.00696777844586708,7.07388674707318e-05,0.00887772786757684,0.0111413716266403,0.000884235843384147,0.00824107806034025,0,0.0385526827715488,0,0.0256428394581403,0,0.000282955469882927,0,0.000247586036147561,0,0.00608354260248293,0,0,0.0078873837229866,0,0.00424433204824391,0.0232377179641354,7.07388674707318e-05,0.0219290489159269,0,7.07388674707318e-05,0,0.000247586036147561,0,0.00293566300003537,0,0,0.00113182187953171,0,0,0,0.00219290489159269,0,0.00427970148197927,0.0163760478194744,0.00491635128921586,0,0,0,0,0.00452728751812683,0.000459802638559757,0,0.00286492413256464,0,0,0,0.00187457998797439,0.000672019240971952,0.00148551621688537,0.0195592968556573,0.000282955469882927,0.0448838114101793,0.0220705266508683,0,0.00562373996392318,0.000106108301206098,0,0,0.00130866904820854,0,0.00304177130124147,0.0269515085063488,0.00820570862660489,0,0.00229901319279878,0,0.00113182187953171,0,0,0,0.000990344144590245,0.00130866904820854,0.0045626569518622,0.0062250203374244,0,0.000919605277119513,0.000742758108442684,0,0,0,0,0,0,3.53694337353659e-05,0,0.00817033919286952,0,0,0,0,0,0.00350157393980122,0.0152442259399427,0.000636649807236586,0.000813496975913416,0,0,0.00176847168676829,0,0,0,0.00236975206026952,0,0.00137940791567927,0,0,0.00389063771089025,0,0,0,0,0,0.000106108301206098,0,0,0.000106108301206098,0.00572984826512928,0,0,0,0,0,0,0,0,0,0,0,0,0.000176847168676829,0,3.53694337353659e-05,0,0,0,0,0,0,0,0,0.000106108301206098,0,0.000176847168676829,0.000848866409648782,0,0,7.07388674707318e-05,0.00130866904820854,0,0,0,0,0,0,0,0,0,0,0,0,0,0,0,0,0,0,0,0,0,7.07388674707318e-05,0,0,0,0,0,0,0,0,0,0,0,0,0,0,0,3.53694337353659e-05,0,0,0,0,0,0,0,0,0,0,0,0,0,0,0,0,0,0,0,0,0,0,0,0,0,0,0,0,0,0,0,0,0,0,0,0,0,0,0,0,3.53694337353659e-05
462,"PRJNA1010969|SRR25819699","PRJNA1010969","SRR25819699","SAMN37204949","PRJNA1010969_BMT100","PRJNA1010969_BMT100","BMT100","Stool","Trauma","Trauma","Yes","Hospital day 14–21",NA,1,"ICU_admission","None",NA,NA,NA,"External_validation","Locked_external_test","Include","Confirmed","API + paper","High",NA,"PASS","Sampling window retained as a range; no exact day was imputed.","Core_Case_Control",30426,30421,5,0.00016433313613357,"uniform_target_Bacteria_Archaea_v1","rerun_v2_paired","Project_Final_Nonzero",0.000460208408665067,0.0175207915584629,0.000197232175142172,0,0.000230104204332533,0.231057493179054,0,0.333651096282173,0.0175207915584629,0,0.00105190493409158,0.000394464350284343,0.00917129614411098,0.000197232175142172,0.00522665264126755,0.0108148976036291,9.86160875710858e-05,0,0.00085467275894941,0,0.016436014595181,0.0256730547976727,0,0.00841523947273265,0,0,0,0.0758686433713553,0.0204792741855955,0,0,0.00016436014595181,0.0197232175142172,0.0144965648729496,0.012622859209099,0,0,0.000328720291903619,0.000328720291903619,0.0167647348870846,0.0290260017750896,0.000953288846520496,0,0.000394464350284343,0.000394464350284343,0.00466782814503139,0.00417474770717596,0.00203806580980244,0,0,0.0238650931922028,0,0.000460208408665067,0,0,0,0.000821800729759048,0.0154827257486605,0.00230104204332533,0,0.0048321882909832,0,0,3.28720291903619e-05,0,0.000394464350284343,0.000197232175142172,0,0,0,0.00489793234936393,0,0,0,9.86160875710858e-05,0.00144636928437592,0.000558824496236153,0,0,0,0,0.00174221754708918,0,0,0.000821800729759048,0.000624568554616876,0.00841523947273265,0,0,0,0.00210380986818316,0,6.57440583807238e-05,0,0.000493080437855429,0,0,0.00262976233522895,0,0.0023339140725157,0,0,0.0187041846093159,0.00016436014595181,0,0,0,0,0,0.00312284277308438,0.00161072943032773,0.000427336379474705,0,0,0,3.28720291903619e-05,0.000493080437855429,0,0,0.00147924131356629,0.00355017915255909,0,0,0,0,0,0.000262976233522895,0,0,0,0,0,0,0,0,0,0,0,0.000131488116761448,0,0.00085467275894941,0.00016436014595181,0,0,0,3.28720291903619e-05,0,0,0,0,0,0,0,0,0,0,9.86160875710858e-05,0.000460208408665067,0,0,0,0,0,0,0,0.000657440583807238,0,0,0,6.57440583807238e-05,0,0,0.000624568554616876,3.28720291903619e-05,0,0.000525952467045791,0,0,0,0,0,0,0,0,0,0,0,0.00210380986818316,0.00016436014595181,0,0,0,0.00016436014595181,0,0,0,0,0,0,0,0,0,0,0,0,0,9.86160875710858e-05,0,0,0,0,0.000131488116761448,0,0,0,0,0,0,0,0,0.000262976233522895,0,0,0,0,0,0,0,0,0.000230104204332533,0,0,0,0,0,0,0,0,0,0,0,0,0,0,0,0,0,0,0,0,0,0,0
463,"PRJNA1010969|SRR25819700","PRJNA1010969","SRR25819700","SAMN37204948","PRJNA1010969_BMT099","PRJNA1010969_BMT099","BMT099","Stool","Trauma","Trauma","Yes","Hospital day 14–21",NA,1,"ICU_admission","None",NA,NA,NA,"External_validation","Locked_external_test","Include","Confirmed","API + paper","High",NA,"PASS","Sampling window retained as a range; no exact day was imputed.","Core_Case_Control",67290,67172,118,0.00175360380442859,"uniform_target_Bacteria_Archaea_v1","rerun_v2_paired","Project_Final_Nonzero",0.193622342642768,0.00270946227594831,0.00418329065682129,0.107053534210683,0.249359852319419,0.0167331626272852,0,0.0477431072470672,7.44357768117668e-05,0,0.00942356934436968,0.000729470612755315,0.00132495682724945,8.93229321741202e-05,0.0119841600666945,0.0179092479009111,0.000104210087536474,0,0.000312630262609421,0,0.0117013041148097,0.035684511403561,0,0.000163758708985887,0.00102721372000238,0,0,0,0.0379771333293634,0,0,8.93229321741202e-05,0,0.00169713571130828,0.000342404573334127,0.000297743107247067,0,0,0.000148871553623534,0.000431727505508247,0.00297743107247067,0,0.000253081641160007,0.00017864586434824,1.48871553623534e-05,0.0175221818614899,0,0.0146340737211934,0,0.0237003513368665,0,0.00934913356755791,0.0002233073304353,0,4.46614660870601e-05,0.00303697969392009,0,0.000714583457392961,0.0136664086226404,0.000193533019710594,0.00635681533972489,0,0,0.00187578157565652,0.00013398439826118,0.00013398439826118,0.000640147680581195,0,4.46614660870601e-05,0.000655034835943548,0.00638658965044959,0.00104210087536474,0.00498719704638838,0,0.00294765676174597,0,0.000119097242898827,0.000163758708985887,0,0,0,0.000476388971595308,0,0,0.000253081641160007,0,0.00272434943131067,0,0,0.000282855951884714,0,0,0.000461501816232954,0,0,0.000193533019710594,0,0.000923003632465908,0,0,0,0,0,0,0,0,0.00166736140058358,0,0,0,0,5.95486214494134e-05,0,0.00698207586494373,0,0,5.95486214494134e-05,0,0,0.000312630262609421,0.00205442744000476,0.000119097242898827,0,0,0,0,0.00181623295420711,0,0,0,0,0,0,0,0.001979991663193,0,0,0,0.00361757875305187,0,0,4.46614660870601e-05,0,0,0,4.46614660870601e-05,0,0,0,0,0.00104210087536474,0,0,0,0,0.0010867623414518,0,0,0,0,0,0,0,0,0,0,0,0,0,0,0,0,0,0,0,0.000640147680581195,0,0,0,0,0,0,0,0,0,0,0,0,0,0,0,0,0.000863455011016495,0,0,0,0,0,0,0,0,0,0,0,0,0,0.000506163282320014,0,0,0,0,0,0,0,0,0.000521050437682368,0,0,0,0,0,0,0,0,0,0,0,0,0,5.95486214494134e-05,0,0,0,0,0,0,0,0,0,0,0,0,0,0,0,0,0,0,0,0,0,0,0
464,"PRJNA1010969|SRR25819701","PRJNA1010969","SRR25819701","SAMN37204947","PRJNA1010969_BMT098","PRJNA1010969_BMT098","BMT098","Stool","Trauma","Trauma","Yes","Hospital day 14–21",NA,1,"ICU_admission","None",NA,NA,NA,"External_validation","Locked_external_test","Include","Confirmed","API + paper","High",NA,"PASS","Sampling window retained as a range; no exact day was imputed.","Core_Case_Control",24941,24941,0,0,"uniform_target_Bacteria_Archaea_v1","rerun_v2_paired","Project_Final_Nonzero",0.955895914357885,0.00080189246622028,0.00613447736658514,8.0189246622028e-05,0.000320756986488112,0.00613447736658514,0.000120283869933042,0.00890100637504511,0.000481135479732168,0,0.00192454191892867,8.0189246622028e-05,0.000120283869933042,0.000761797842909266,8.0189246622028e-05,0.000481135479732168,4.0094623311014e-05,0,0.00020047311655507,0,0.00060141934966521,0.000280662363177098,0,0.000280662363177098,0,0,0,0.00208492041217273,0.000320756986488112,0,0,0.000240567739866084,0.000721703219598252,0.000160378493244056,0.000120283869933042,0,0,8.0189246622028e-05,0,0.000882081712842308,0.00080189246622028,0,8.0189246622028e-05,0.000320756986488112,0,0.00040094623311014,0,0.00020047311655507,0,0,0.00080189246622028,0,0,0,0,0,0,0.000120283869933042,0,0,0,0,0,0,0,0,0,0,0,0,0.000160378493244056,0,0,0,0,0,0,0,0,0,0,8.0189246622028e-05,0,0,0,0,0,0,0,0,0,0,0,0,0,0,0,0.00188444729561766,0,0,0,0,0,0,0,0,0,0,0,0,0,0,0,0,0,0,0,0,0,0,0,0.000160378493244056,0,0,0,0,0,0,0,0,0,0,0,0,0,0,0,0,0,0,0,0,0,0,0,0,0,0,0.00609438274327413,0,0,0,0,0,0,0,0,0,0,0,0,0,0,0,0,0,0,0,0,0,0,0,0,0,0,0,0,0,0,0,0,0,0,0,0,0,0,0,0,0,0,0,0,0,0,0,0,0,0,0,0,0,0,0,0,0,0,0,0,0,0,0,0,0,0,0,0,0,0,0,0,0,0,0,0,0,0,0,0,0,0,0,0,0,0,0,0,0,0,0,0,0,0,0,0,0,0,0,0,0,0,0,0
465,"PRJNA1010969|SRR25819702","PRJNA1010969","SRR25819702","SAMN37204946","PRJNA1010969_BMT094","PRJNA1010969_BMT094","BMT094","Stool","Trauma","Trauma","Yes","Hospital day 14–21",NA,1,"ICU_admission","None",NA,NA,NA,"External_validation","Locked_external_test","Include","Confirmed","API + paper","High",NA,"PASS","Sampling window retained as a range; no exact day was imputed.","Core_Case_Control",44845,44761,84,0.00187311851934441,"uniform_target_Bacteria_Archaea_v1","rerun_v2_paired","Project_Final_Nonzero",0.224146019972744,0.00328410893411675,0.0034404950738366,0.110140524116977,0.248720984785863,0.00359688121355644,0.00017872701682268,0.0278814146243382,8.93635084113402e-05,0,0.000491499296262371,8.93635084113402e-05,0.000960657715421907,0.000223408771028351,0.0120864145126338,0.0321485221509796,8.93635084113402e-05,0,0.000156386139719845,4.46817542056701e-05,0.00922678224347088,0.0399231473827662,0,2.23408771028351e-05,0.000268090525234021,0,0,0,0.0373762873930431,0,0,0,0,0.00147449788878711,2.23408771028351e-05,0.000223408771028351,0,0,0,0,0.00223408771028351,0,0,0.000245749648131186,0,0.0140300708205804,0,0.0102768034673041,0,0.0256696677911575,0,0.00647885435982217,0.000290431402336856,0,2.23408771028351e-05,0.00113938473224459,0,0.000402135787851031,0.00665758137664485,2.23408771028351e-05,0.00283729139206005,0,0,0.00138513438037577,0,0.00017872701682268,0.000379794910748196,0,0,0.000848953329907732,0.00373092647617345,0.00145215701168428,0.00120640736355309,0,0.00332879068832242,0,0.000245749648131186,0,0,0,0,0,0,0,0.000469158419159536,0,0.00373092647617345,0,0,0.000268090525234021,0,0,0.000424476664953866,0,0,0.00017872701682268,0,0.00174258841402113,0,0,0,0,0,0,0,0,0.0133151627532897,0,0,0,0,0,0,0,0,0,0,0,0,0.00017872701682268,0.00189897455374098,0,0,0,0,0,0.00156386139719845,0,0,0,0,0,0,0,0.00192131543084381,0,0,0,0.00207770157056366,0,0,0.000201067893925516,0,0,0,0,0,0,0,0,0.00250217823551753,0,0,0,0,0.000759589821496392,0,8.93635084113402e-05,0,0,0,0,0,0,0,0,0,0,0,0,0,0.000111704385514175,0,0,0,0.000603203681776547,0,0,0,0,0,0,0,0,0,0,0,0,0,0,0,0,0.00013404526261701,0,0,0,0,0,0,0,0,0,0,0,0,0,0.000357454033645361,0,0,0,0,0,0,0,0,0.000558521927570876,0,0,0,0,0,0,0,0,0,0,0,0,0,0,0,0,0,0,0,0,0,0,0,0,0,0,0,0,0,0,0,0,0.00013404526261701,0,0,0,0
466,"PRJNA1010969|SRR25819703","PRJNA1010969","SRR25819703","SAMN37204945","PRJNA1010969_SMB010","PRJNA1010969_SMB010","SMB010","Stool","Sepsis",NA,"Yes","Hospital day 14–21",NA,1,"ICU_admission","None",NA,NA,NA,"External_validation","Locked_external_test","Include","Confirmed","API + paper","High",NA,"PASS","Sampling window retained as a range; no exact day was imputed.","Core_Case_Control",38975,38950,25,0.00064143681847338,"uniform_target_Bacteria_Archaea_v1","rerun_v2_paired","Project_Final_Nonzero",0.000256739409499358,0.177458279845956,0.00189987163029525,0.004801026957638,0.000179717586649551,0.0410526315789474,0.00120667522464698,0,0.000128369704749679,0,0.0263414634146341,0,0.0848267008985879,0.00654685494223363,0.00128369704749679,0.024801026957638,0.000231065468549422,0,0.011604621309371,0,2.56739409499358e-05,0.0065211810012837,0,0.0958921694480103,0,0,0,0.0502695763799743,0.0462387676508344,0,0.000154043645699615,0.000821566110397946,0,0,0,2.56739409499358e-05,0,0,0,7.70218228498074e-05,0.0379717586649551,0.00048780487804878,0.00410783055198973,0.000718870346598203,0.00346598202824133,0.0172528883183569,0,0.00662387676508344,0.00682926829268293,0,0.0162002567394095,0,0.0110654685494223,0,0,0.000718870346598203,0.00670089858793325,0.0272913992297818,0.00418485237483954,0,0,0,0,0,0.00200256739409499,0.0289088575096277,0.00220795892169448,0,0,0.0363286264441592,0.0212323491655969,0.0017201540436457,0,0,0.000821566110397946,0,0.00161745827984596,0,0.000205391527599487,0,0.000564826700898588,0.0590500641848524,0,0,0.00251604621309371,0,0,0,0,0,0,0,0.000462130937098845,0,0.0153786906290116,7.70218228498074e-05,0,0.00164313222079589,0,0,0,0,0.00328626444159178,0.00528883183568678,0,0,0,0.00362002567394095,0.013992297817715,0,0,0.000770218228498074,0,0,0,0,0.00130937098844673,0,0,0,0.00408215661103979,5.13478818998716e-05,0.00433889602053915,0,0,5.13478818998716e-05,0.00225930680359435,0,0,0,0,0,0,0.00582798459563543,0,0,0,0,0.00282413350449294,0,0,0.000333761232349166,0,0,0,5.13478818998716e-05,0,0,0.0010012836970475,0,0,2.56739409499358e-05,0,0,0,0.000256739409499358,0.0020795892169448,0,0,0,2.56739409499358e-05,0.00233632862644416,0,0,0,0.000667522464698331,0.0010012836970475,0,0.00061617458279846,0,0,0.00143774069319641,0.000128369704749679,0,0,0.000256739409499358,0.00213093709884467,0,0,0,0,0,0,0.00195121951219512,0,0,0,0,0,0,0,0,0,0,0.00120667522464698,0,0.00130937098844673,0,0,0,0,0,0,0,0,0,0,0,0,0.000949935815147625,0,0,0,0,0,0,0,0,0,0,0,0,0,0,0.000949935815147625,0,0,0,0,0,0,0,0,0,0,0.000333761232349166,0,0.000231065468549422,0,0.000282413350449294,0.000282413350449294,0,0.000256739409499358,0,0,0,0,0,0,0,0,0,0
467,"PRJNA1010969|SRR25819704","PRJNA1010969","SRR25819704","SAMN37204944","PRJNA1010969_SMB009","PRJNA1010969_SMB009","SMB009","Stool","Sepsis",NA,"Yes","Hospital day 14–21",NA,1,"ICU_admission","None",NA,NA,NA,"External_validation","Locked_external_test","Include","Confirmed","API + paper","High",NA,"PASS","Sampling window retained as a range; no exact day was imputed.","Core_Case_Control",39699,39659,40,0.0010075820549636,"uniform_target_Bacteria_Archaea_v1","rerun_v2_paired","Project_Final_Nonzero",0.000277364532640762,0.797902115534935,0.000806878640409491,0,0.000302579490153559,0.000504299150255932,0.0392849038049371,0,0,0,0.000428654277717542,0,5.04299150255932e-05,0.00015128974507678,0,0.000176504702589576,0,0,0,0,0.000378224362691949,0.000428654277717542,0,5.04299150255932e-05,0,0,0,2.52149575127966e-05,0,0,0,0.000176504702589576,0,0,0.000176504702589576,0.000100859830051186,0,0,0.000176504702589576,0,0,2.52149575127966e-05,0,0.132529816687259,0,0,0,0,0,0,0,0.000353009405179152,5.04299150255932e-05,0,0,0,0,0,0,0,0,0,0,0,0,0,0,0,0,0,0.00605158980307118,0,0,0,0,0,0,0,0,0,0,0,0,0,0,0,0,0,0,0,0,0,0,0,0,0,2.52149575127966e-05,0.00242063592122847,0,0,0,0,0,0,0,0,0,0,0,0,0,0,0,0,0,0,0,0,0,0,0,0,0,0,0,0,0,0,0,0,0,0,0,0,0,0,0,0.00617766459063517,0,0,0,0.000605158980307118,0,0,0,0,0,0,0,0,0,0,0,0,0,0,0,0,0,0,0,0,0,0,0,0,0,0,0,0,0,0,0,0,0,0,0,0,0,0,0,0,0,0,0,0,0.000504299150255932,0,0,0,0,0,0,0,0,0,0,0,0,0,0,0,0,0,0,0,0,0,0,0,0,0,0,0,0,0,0,0,0,0,0,0,0,0,0,0,0,0,0,0,0,0,0,0,0,0,0,0,0,0,0,0,0,0,0,0,0,0,0,0,0,0,0
468,"PRJNA1010969|SRR25819705","PRJNA1010969","SRR25819705","SAMN37204943","PRJNA1010969_SMB008","PRJNA1010969_SMB008","SMB008","Stool","Sepsis",NA,"Yes","Hospital day 14–21",NA,1,"ICU_admission","None",NA,NA,NA,"External_validation","Locked_external_test","Include","Confirmed","API + paper","High",NA,"PASS","Sampling window retained as a range; no exact day was imputed.","Core_Case_Control",38550,38453,97,0.00251621271076524,"uniform_target_Bacteria_Archaea_v1","rerun_v2_paired","Project_Final_Nonzero",0.0244974384313318,0.149871271422256,0.00195043299612514,0.0409330871453463,0.339635399058591,0.0759368579824721,0.000104023093126674,0,0,2.60057732816685e-05,0.000286063506098354,0,0.0439497568460198,0.000260057732816685,0,0.041427196837698,5.20115465633371e-05,0,0.0620237692767794,0,0,0.00088419629157673,0,0.0171638103659012,0,0,0,0,0.00566925857540374,0,0,0.000130028866408343,0,0.000130028866408343,0.00122227134423842,0.0153174004629028,0,0,0,0,0.0301666970067355,0,0,0.000416092372506697,0,0.0149793254102411,0,0.00101422515798507,0.00733362806543053,0,0,0,0,0,0,0,0,0.0255636751358802,0.0160455621147895,0,0,0,0.000234051959535017,0,0,2.60057732816685e-05,0,0,0,0,0.0204405377993915,0,0,0,0,0,0.000442098145788365,0,0,0,0.00265258887473019,0.00184640990299847,0,0,0.0037188255792786,0,0,0,0,0,0,0,0.00377083712584194,0,0,0,0,0.0023145138220685,0,0,0,0,0,2.60057732816685e-05,0,0,0,0.000260057732816685,0,0,0,0,0,0,0,0,0.000962213611421736,0,0,0,0,0,0.000260057732816685,0,0,0.00665747796010714,0.000988219384703404,0,0,0,0,0,0,0,0,0,0,0,0,0,0,0.000494109692351702,0,0,0,0,0,0,0,0,0,0.00356279093958859,0,0,0,0,0,0.000546121238915039,0,0,0,0,0,0,0,0,0,0,0,0,0,0,5.20115465633371e-05,0,0,0.000156034639690011,0,0,0,0,0,0,0,0,0,0,0.00104023093126674,0,0,0,0,0,0,0,0,0,0,0,0,0,0,0,0,0,0,0,0,0.000156034639690011,0,0,0,0,0,0,0,0,0,0,0.000598132785478376,0,0,0,0,0,0,0,0,0,0,0,0,0,0,0,0,0,0,0,0,0,0,0,0,0,0,0,0,0,0,0,0,0,0
469,"PRJNA1010969|SRR25819706","PRJNA1010969","SRR25819706","SAMN37204942","PRJNA1010969_SMB007","PRJNA1010969_SMB007","SMB007","Stool","Sepsis",NA,"Yes","Hospital day 14–21",NA,1,"ICU_admission","None",NA,NA,NA,"External_validation","Locked_external_test","Include","Confirmed","API + paper","High",NA,"PASS","Sampling window retained as a range; no exact day was imputed.","Core_Case_Control",24350,24324,26,0.00106776180698152,"uniform_target_Bacteria_Archaea_v1","rerun_v2_paired","Project_Final_Nonzero",0.250287781614866,0.0983802006248972,0.000123334977799704,0.56372307186318,0.000164446637066272,0,0,0,0,0,0.000370004933399112,0,0.00592007893438579,0.000287781614865976,0.00111001480019734,0.000123334977799704,0,0,0,0,0,0.0195691498108864,0,4.1111659266568e-05,0,0,0,0,0,0,0,0.000123334977799704,0,0.000287781614865976,0,0.0288192731458642,0,0,0,0,0,0,0,0.000246669955599408,0,4.1111659266568e-05,0,0.0173080085512251,0,0,0,0,0,0,0,0,0,4.1111659266568e-05,0.000164446637066272,0,0.000575563229731952,0,0,0,0,0,0,0.00957901660911034,0,0,0,0,0.00020555829633284,0,0,0,8.2223318533136e-05,0,8.2223318533136e-05,0,0,0,0,0,0,0,0,0,0,0,0,0,0,0,0,0,0,0.00164446637066272,0,0,0,0,0,0,0,0,0,0,0,0,0,0,0,0,0,0,0,0,0,0,0,0,4.1111659266568e-05,0,0,0,0,0,0,0,0,0,0,0,0,0,0,0,0,0,0,0.000164446637066272,0,0,0,0,0,0,0,0,0,0,0,0,0,0,0,0,0,0,0,0,0,0,0,0,0,0,0,0,0,0,0,0,0,0,0,0,0,0,0,0,0,0,0,0,0,0,0,0,0,0,0,0,0,0,0,0,0,0,0,0,0,0,0,0,0,0,0,0,0,0,0,0,0,0,0,0,0,0,0,0,0,0,0,0,0,0,0,0,0,0,0,0,0,0,0,0,0,0,0,0,0,0,0,0,0,0,0,0,0,0,0
470,"PRJNA1010969|SRR25819707","PRJNA1010969","SRR25819707","SAMN37204941","PRJNA1010969_SMB006","PRJNA1010969_SMB006","SMB006","Stool","Sepsis",NA,"Yes","Hospital day 14–21",NA,1,"ICU_admission","None",NA,NA,NA,"External_validation","Locked_external_test","Include","Confirmed","API + paper","High",NA,"PASS","Sampling window retained as a range; no exact day was imputed.","Core_Case_Control",39609,39582,27,0.000681663258350375,"uniform_target_Bacteria_Archaea_v1","rerun_v2_paired","Project_Final_Nonzero",0.061997877823253,0.468596836946087,0.000151584053357587,0.0293062503158001,0.000151584053357587,0.0095750593704209,7.57920266787934e-05,0,0,0,0.000328432115608105,0,0,0.000176848062250518,0.000858976302359658,0.0687686322065585,0,7.57920266787934e-05,0.00176848062250518,0,0,0.0206406952655247,0,5.05280177858623e-05,0.0340811479965641,0,0,0.00022737608003638,0,0,0,2.52640088929311e-05,0,0.0186448385629832,0,5.05280177858623e-05,0,5.05280177858623e-05,0,0,0.00573493001869537,0,0.00179374463139811,0.000277904097822242,0,0.00399171340508312,0,0.0111414279217826,0.0356727805568188,0.000429488151179829,0,0.0411803344954777,0.0595977969784245,0,0,7.57920266787934e-05,0.000176848062250518,0,0,0,0.00760446667677227,0,0,0,0,0,0,0.0404476782375827,0,5.05280177858623e-05,0.00252640088929311,0,0.00338537719165277,0,0,0,0.00694760244555606,0,0,0,0.000126320044464656,0,0,0,0.00151584053357587,0,0,0,0,0,0,0,0.00856449901470365,0,0,0,0,0.00174321661361225,0,0,0,0,0,0,0,0,0,0,0,0,0,0.00192006467586277,0,0,0,0,0.00192006467586277,0,0,0,0.000555808195644485,0,0.00447172957404881,0,0,0,0,0.0184932545096256,0,0,0,0,0,0,0,0,0,0,0,0,0,0.000353696124501036,0,0,0,0,0,0,0,0,0,0.000808448284573796,0,0,0,0,0,0,0,0,0,0,0,0,0,0,0,0,0,0,0,0,5.05280177858623e-05,0,0,0,0,0,0,0,0,0,0,0,0,0,0,0,0.000631600222323278,0,0,0,0,0,0,0,0,0,0,0,0,0,0,0,0,0,0.000202112071143449,0,0,0,0,0,0,0,0,0,0,0,0,0,0,0,0,0,0,0,0,0,0,0,0,0,0,0,0,0,0,0,0,0,0,0,0,0,0,0,0,0,0,0,0,0,0
471,"PRJNA1010969|SRR25819708","PRJNA1010969","SRR25819708","SAMN37204940","PRJNA1010969_SMB005","PRJNA1010969_SMB005","SMB005","Stool","Sepsis",NA,"Yes","Hospital day 14–21",NA,1,"ICU_admission","None",NA,NA,NA,"External_validation","Locked_external_test","Include","Confirmed","API + paper","High",NA,"PASS","Sampling window retained as a range; no exact day was imputed.","Core_Case_Control",25291,25287,4,0.000158159028903563,"uniform_target_Bacteria_Archaea_v1","rerun_v2_paired","Project_Final_Nonzero",0.326768695377071,0.0432237908806897,0.00166093249495788,0.000870012259263653,7.9092023569423e-05,0.081978882429707,0.000355914106062404,0,0.191323605014434,0.00166093249495788,0.0010281963064025,0.0744651401906118,0.011507889429351,0.000435006129631827,0.000118638035354135,0.000751374223909519,0.00079092023569423,0,0.00866057658085182,0,0.00628781587376913,0,0,0.00051409815320125,0,0,0,0.000949104282833076,0.000435006129631827,0.000593190176770673,3.95460117847115e-05,7.9092023569423e-05,0,0.000118638035354135,0,0.00079092023569423,0,0.0731601218017163,0.0314390793688457,0.00264958278957567,0.00371732510776288,7.9092023569423e-05,0,0.000553644164985961,0.00383596314311702,0.00177957053031202,0.00387550915490173,0.000237276070708269,0,0,0,0.000949104282833076,0.00146320243603433,0,0.00525961956736663,0,0.00166093249495788,7.9092023569423e-05,0.0054968956380749,0,0.00502234349665836,0,0.000118638035354135,0,0.00122592636532606,0.0131292759125242,0.000197730058923558,0.0138806501364337,0,0,0.00106774231818721,0,0.000672282200340096,0,0,0.000237276070708269,0.0102028710404556,0.00079092023569423,0.0013841104124649,0,0.00126547237711077,0,0,0,0.000632736188555384,0,0.00051409815320125,0,0,0,0.000395460117847115,0,0.000474552141416538,0,0,0,0,0.002056392612805,0,0.00051409815320125,0,0,0,0,0,0,0,0,0,0,0,0.00201684660102029,0,0,0,0,0,0,0,0,0,0,0,0.000197730058923558,0,3.95460117847115e-05,0,0,0,0.00051409815320125,0,0.00363823308419346,0,0,0.0030845889192075,0,0,0,0,0,0,0.000276822082492981,0,0,0,0,0,0,0,0,0,0.00225412267172856,0,0,0,0.000197730058923558,0,0,0,0,0.00494325147308894,0,0,0,0,0,0,0,0,0,0,0,7.9092023569423e-05,0,0,0,0,0,0,0,0,0,0,0,0,0,0,0,0,0,0,0,0,0,0,0,0,0,0,0,0,0,0,0,0,0,0,0,0,0,0,0,0,0,0,0,0,0,0,0,0,0,0,0,0,0.000830466247478942,0,0,0,0,0,0,0,0,0,0,0,0,0,0,0,0,0,0,0,0,0,0,0,0,0,0,0
472,"PRJNA1010969|SRR25819709","PRJNA1010969","SRR25819709","SAMN37204913","PRJNA1010969_HMB004","PRJNA1010969_HMB004","HMB004","Stool","Healthy_control","Healthy","Yes",NA,NA,1,"Unresolved","None",NA,NA,NA,"External_validation","Locked_external_test","Include","Confirmed","API + paper","High",NA,"PASS","Healthy control; no ICU-relative time assigned.","Core_Case_Control",25521,25513,8,0.000313467340621449,"uniform_target_Bacteria_Archaea_v1","rerun_v2_paired","Project_Final_Nonzero",0.00478187590640066,0.261552933798456,0.0274761886097284,0.0001567828166033,0,0.169834986085525,0,0,0.00462509308979736,0.0211264845372947,0.0101124916709129,0.0290048210716106,0,0.0001567828166033,0,0.00403715752753498,3.91957041508251e-05,0,0.00517383294790891,0,0,0.00517383294790891,0,0.0267314702308627,0.0287696468467056,0,0,0.0207737231999373,0,0.0991651315015874,0,0,0,0.0230078783365343,0,0.00917179477129307,0,0,0,0.00117587112452475,0.000313565633206601,0.0827029357582409,0.0444479285070356,0.000352761337357426,0,0.00164621957433465,0,0.00133265394112805,0,0.00113667542037393,0.00697683533884686,0,0,0,0,0,0.00164621957433465,0.010308470191667,0.00152863246188218,0,0,0,0,0,0,0,0.00431152745659076,0,0.00509544153960726,0,0,0,0.0021949594324462,0,0.000587935562262376,0,0.00274369929055775,0,0.00023517422490495,0,0.00290048210716106,0.000352761337357426,0,0,0.00717281385960099,0,0,0,0,0,0,0,0.000823109787167326,0,0.00160702387018383,0.00427233175243993,0,0.000313565633206601,0.00983812174185709,0,0,0,0,0.000352761337357426,0,0,0,0.000666326970564026,0,0,0,0.00168541527848548,0,0,0,0,0,0.00105828401207228,0,0,0,0,0,0,0,0.0012542625328264,0,0,0,0.000509544153960726,0,0,0,0,0,0,0,0,0.000470348449809901,0,0,7.83914083016501e-05,0,0,0,0,0,0,0,0,0,0.00309646062791518,0,0,0,0,0,0.00309646062791518,0,0,0,0,0,0,0,0,0,0,0,0,0,0,0.000509544153960726,0.00227335084074785,0,0.000548739858111551,0,0,0,0,0,0,0,0,0,0,0,0,0,0,0,0,0,0,0,0,0,0,0,0,0,0,0,0,0,0,0,0,0,0,0,0,0,0,0,0,0,0,0,0,0,0,0,0,0,0,0,0,0,0,0,0,0,0,0,0,0,0,0,0,0,0,0,0,0,0,0,0,0,0,0,0,0
473,"PRJNA1010969|SRR25819710","PRJNA1010969","SRR25819710","SAMN37204939","PRJNA1010969_SMB004","PRJNA1010969_SMB004","SMB004","Stool","Sepsis",NA,"Yes","Hospital day 14–21",NA,1,"ICU_admission","None",NA,NA,NA,"External_validation","Locked_external_test","Include","Confirmed","API + paper","High",NA,"PASS","Sampling window retained as a range; no exact day was imputed.","Core_Case_Control",32032,31249,783,0.0244443056943057,"uniform_target_Bacteria_Archaea_v1","rerun_v2_paired","Project_Final_Nonzero",0.114051649652789,0.000640020480655381,0.515824506384204,0.00358411469167013,0.00358411469167013,0.00732823450350411,0,0,0.00035201126436046,0.000128004096131076,0.0672341514928478,0,9.60030720983072e-05,0.0063042017344555,0.114019648628756,0.000256008192262152,0.00224007168229383,0,6.40020480655381e-05,0,0.00412813210022721,0.00419213414829275,0,0.00035201126436046,0,0,0,0.00169605427373676,0.0122563922045505,9.60030720983072e-05,0,0.00214406861019553,0,0.000192006144196614,0.0615379692150149,6.40020480655381e-05,0,0.000448014336458767,0.000128004096131076,0,0.000832026624851995,0,0,0.00371211878780121,0,0.000608019456622612,0.00035201126436046,9.60030720983072e-05,0,0,0,0,0.0018560593939006,0,0.00425613619635828,0,0,0.000384012288393229,0.000512016384524305,0,0,0,0,0.000160005120163845,0,0.00144004608147461,0,0.00512016384524305,0,0,0,0.000256008192262152,0.00032001024032769,0,0.00294409421101475,0,0,3.2001024032769e-05,0.000256008192262152,0,0.000128004096131076,0.000128004096131076,0.00128004096131076,0,0,0,0.00294409421101475,0,0,0,0.000512016384524305,0,0,0,0,0.00105603379308138,0,0.00249607987455599,0,0.00345611059553906,0,0,0,0,0,0,0,0,0,0,0,0,0,0,0,0.00035201126436046,0,0,0,6.40020480655381e-05,0.00204806553809722,0.00099203174501584,0,0,0,0,0.000704022528720919,0,0,0,0,0,0,0.00067202150468815,0.00035201126436046,0,0.00825626420045441,0,0.000288009216294921,0,0,0.00198406349003168,0,0,0,0,0,0,0,0,0.0053761720375052,0,0,0,0,0.00032001024032769,0,3.2001024032769e-05,0,0,0,0.000224007168229383,0,0,0,0,0,0,0,0,0,0,0,0,0,0,0,0,0,0,0,0,0,0,0,0,0,0,0,0,0,0,0,0.0018560593939006,0,0,0,0,0,0,0,0,0,0,0,0,0,0,0,0,0,0,0,0,0,0,0,0,0,0,0,0,0,0,0,0,0,0,0,0,0,0,0,0,0,0,0,0,0,0,0,0,0,0,0,9.60030720983072e-05,0,0,0,0,0,0,0
474,"PRJNA1010969|SRR25819711","PRJNA1010969","SRR25819711","SAMN37204938","PRJNA1010969_SMB003","PRJNA1010969_SMB003","SMB003","Stool","Sepsis",NA,"Yes","Hospital day 14–21",NA,1,"ICU_admission","None",NA,NA,NA,"External_validation","Locked_external_test","Include","Confirmed","API + paper","High",NA,"PASS","Sampling window retained as a range; no exact day was imputed.","Core_Case_Control",23558,21650,1908,0.0809915952118176,"uniform_target_Bacteria_Archaea_v1","rerun_v2_paired","Project_Final_Nonzero",0.00535796766743649,0.00212471131639723,0.0513625866050808,0.0012933025404157,0.0012933025404157,0.0937182448036951,0.00046189376443418,0.000138568129330254,0.000554272517321016,9.2378752886836e-05,0.210993071593533,0.000277136258660508,9.2378752886836e-05,0.311593533487298,0.0023094688221709,0.000277136258660508,0,0.00046189376443418,4.6189376443418e-05,0.000600461893764434,0.000600461893764434,0.0134872979214781,0,0.0125635103926097,0.000877598152424942,9.2378752886836e-05,0,0.02,0.00914549653579677,0,0.00110854503464203,0.00046189376443418,0,0.038337182448037,0,9.2378752886836e-05,0,0.000184757505773672,0.000138568129330254,0,0.0103926096997691,0,0.00327944572748268,0.000785219399538106,0,0.0018013856812933,0,0.000554272517321016,4.6189376443418e-05,0,0.000138568129330254,0,9.2378752886836e-05,0,0,0.00023094688221709,0,0.0190762124711316,0.000323325635103926,0,0.00646651270207852,0,0.000969976905311778,0,0,0,0,0.000138568129330254,0,0,0,0.000277136258660508,0.00166281755196305,0,0.00115473441108545,0,0,0,9.2378752886836e-05,0.0523325635103926,0.000138568129330254,0,0,0.0436951501154734,0,0,0,0,0,0,0,0,0,0,0,0,4.6189376443418e-05,0.00337182448036951,0,0,0.00023094688221709,0,0.000138568129330254,0.0108545034642032,0.027621247113164,0,0,0,0,0,0,0,0,0,0,0,0,0,0,0,0.00189376443418014,0.00434180138568129,0,0,0,0,0.00023094688221709,0,0,0,0,0,0,0,0,0,0,0,0,0,0,0.000739030023094688,0,0,0,0,0,0,0,0,0,0,0,0.00697459584295612,0,0,4.6189376443418e-05,0,0,0,0,0,0,0,0,0,0,0,0,0,0,0,0.00046189376443418,0,0,9.2378752886836e-05,0.000785219399538106,0,0.00489607390300231,0,0.00360277136258661,0.00240184757505774,0,0,0,0,0.000877598152424942,0,0,0,0,0,9.2378752886836e-05,0,0,0,0,0,0,0,0.000138568129330254,0,0,0,0,0,0,0.000739030023094688,0,0,0,0.000138568129330254,0.00157043879907621,0,0,0,0,0.00046189376443418,0,0,0,0,0,0,0,0,0,0,0,0,0,0,0,0,0,0,0,0,0,0,0,0,0,0,0,0,0,0,0,0,0,0,0
475,"PRJNA1010969|SRR25819712","PRJNA1010969","SRR25819712","SAMN37204937","PRJNA1010969_SMB002","PRJNA1010969_SMB002","SMB002","Stool","Sepsis",NA,"Yes","Hospital day 14–21",NA,1,"ICU_admission","None",NA,NA,NA,"External_validation","Locked_external_test","Include","Confirmed","API + paper","High",NA,"PASS","Sampling window retained as a range; no exact day was imputed.","Core_Case_Control",37825,37825,0,0,"uniform_target_Bacteria_Archaea_v1","rerun_v2_paired","Project_Final_Nonzero",0.000740251156642432,0.000898876404494382,0.246847323198943,0.00161269001982816,0.000237937871777925,0.000528750826173166,0.641110376734964,0.00290812954395241,0,0,0.00137475214805023,0,0.000290812954395241,0.0281031064111038,0.000423000660938533,7.93126239259749e-05,7.93126239259749e-05,0.000423000660938533,5.28750826173166e-05,0,0.000396563119629874,0.000264375413086583,0,0.000396563119629874,0.000211500330469266,2.64375413086583e-05,0,0.00015862524785195,0.000687376074025116,0,0,0.00163912756113681,0,7.93126239259749e-05,2.64375413086583e-05,2.64375413086583e-05,0,0,0.000105750165234633,0,0.000185062789160608,0,5.28750826173166e-05,0.000713813615333774,0,0.000872438863185724,0,0,7.93126239259749e-05,0,0,0,2.64375413086583e-05,0,0,0,0,0.000237937871777925,0.000185062789160608,0,0,0,0.048512888301388,0,0,0.000105750165234633,0,0,0,0.00015862524785195,0,0,2.64375413086583e-05,0,0,0,2.64375413086583e-05,0,0,0,0,0.000237937871777925,0,0,2.64375413086583e-05,0,2.64375413086583e-05,0,0,0,0,0,7.93126239259749e-05,0,0,0.000846001321877065,0,0.00200925313945803,0,0,0,0,0,0,0.000105750165234633,0,0,0,0,0,0,0,0,0,0,0,0,0,0,0,0,0.00967614011896894,0.000132187706543291,0,0,0,0,0,0,0,0,0,0,0,0.000264375413086583,0,0,0,0,0,0,0.000290812954395241,0,0,0,0,0,0,0.00465300727032386,0,0,0,0,0,0,0,0,0,0,0,2.64375413086583e-05,0,0,0,0,0,0,0,0,0,0,0,0,0,0,0,0,0,0,0,0,0,0,0,0,0,0,0,0,0,0,0,0,0,0,0,0,0,0,0,0.000132187706543291,0,0,0,0,0,0,0,0,0,0,0,0,0,0,0,0,0,0,0,0,0,0,0,0,0,0,0,0,0,0,0,0,0,0,0,0,0,0,0,0,0,0,0,0,0,0,0,0,0,0,0,0
476,"PRJNA1010969|SRR25819713","PRJNA1010969","SRR25819713","SAMN37204936","PRJNA1010969_SMB001","PRJNA1010969_SMB001","SMB001","Stool","Sepsis",NA,"Yes","Hospital day 14–21",NA,1,"ICU_admission","None",NA,NA,NA,"External_validation","Locked_external_test","Include","Confirmed","API + paper","High",NA,"PASS","Sampling window retained as a range; no exact day was imputed.","Core_Case_Control",37860,35262,2598,0.068621236133122,"uniform_target_Bacteria_Archaea_v1","rerun_v2_paired","Project_Final_Nonzero",0.00150303442799614,0.000595541943168283,0.680959673302705,0.000170154840905224,0.000198513981056094,0.000623901083319154,0.000794055924224377,0,0.000141795700754353,5.67182803017413e-05,0.000198513981056094,0.000255232261357836,0.000113436560603483,0.0251261981736714,0.00107764732573308,8.50774204526119e-05,2.83591401508706e-05,0.00317622369689751,0,0,5.67182803017413e-05,0,0,0.000255232261357836,0,0,0.220010209290454,0.00187170324995746,5.67182803017413e-05,0,0.00286427315523793,0.000283591401508706,0,0,0,0.000113436560603483,0,0,0.000311950541659577,0,0,0.000680619363620895,2.83591401508706e-05,0.000226873121206965,0,0.000141795700754353,0,8.50774204526119e-05,0,0,0,0,0,0,0,0,0,0,0,0,0,0,0,0,0,0,0,0,0,0,0,0,0,0,0,0,0,0,2.83591401508706e-05,0,0,0,0,0,0,0,0,0,0,0,0,0.0325562928931995,0,0,0,0,0,0.00252396347342749,0,0,0,0,0,0,0,0,0,0,0,0,0,0,0,0,0,0,0,0,0,0,0,0.00141795700754353,0,0,0,0,0,0,0,0,0,0,0,0,0,0,0,0,0,0,0,0.000311950541659577,0,0,0,0,0,0,0,0,0,0,0,0,0,0,0,0,0,0,0,0,0.00121944302648744,0,0.00294935057569055,0,0,0.00286427315523793,0,0,0.000425387102263059,0,0,0,0.00263740003403097,0,0,0,0,0,0,0.00221201293176791,0,0,0.000255232261357836,0,0.000652260223470024,0,0,0,0,0,0,0,0,0,0,0.00138959786739266,0,0,0.000311950541659577,0,0,0.00124780216663831,0,0,0,0,0,0,0.00102092904543134,0,0,0.000935851624978731,0,0,0,0,0,0,0,0,0,0,0,0,0,0,0,0,0,0,0,0,0,0,0,0,0,0,0,0,0,0,0,0,0,0,0,0,0,0,0
477,"PRJNA1010969|SRR25819714","PRJNA1010969","SRR25819714","SAMN37204935","PRJNA1010969_P0667","PRJNA1010969_P0667","P0667","Stool","Sepsis",NA,"Yes","Hospital day 14–21",NA,1,"ICU_admission","None",NA,NA,NA,"External_validation","Locked_external_test","Include","Confirmed","API + paper","High",NA,"PASS","Sampling window retained as a range; no exact day was imputed.","Core_Case_Control",31419,31386,33,0.00105031987014227,"uniform_target_Bacteria_Archaea_v1","rerun_v2_paired","Project_Final_Nonzero",0.44035557254827,0.00755113744981839,0.00503409163321226,0.00430128082584592,0.122698018224686,0.0425667495061492,0.0146562161473268,0,0.000509781431211368,0,0.000573504110112789,0.000414197412859237,0.00130631491747913,9.55840183521315e-05,0.0956796023704837,0.00223029376154974,0,0,0.000318613394507105,0,0.00618109985343784,0.00401452877078952,0,0.000159306697253553,0,0,0,9.55840183521315e-05,0.0863442299114255,0,0,0.000191168036704263,0,0.000350474733957816,0,0,0,0,0,0,0.00525712100936723,0,0,0.00146562161473268,0,0.0162174217804116,0,0.000477920091760658,0.0440960937997833,0,0.00353660867902887,0.000764672146817052,0,0,0,0.00315427260562034,0,0.0105779646976359,0.000732810807366342,0,0.00254890715605684,0,0,0,0,0.000796533486267763,0,0,0,0,0.00815650289938189,0,0.000923978844070605,0,0,0,0,0,0,0,0,0,0,0,0,0,0,0,0,0,0.0109603007710444,0,0.00140189893583126,0,0.000350474733957816,0,0,0.00203912572484547,0,0.014528770789524,0,0,0,0.000828394825718473,0,0,0,0,0,0.00117886955967629,0,0,0,0,0,0,0,0,0,0,0.0118205569362136,0,0,0,0,0,0.000828394825718473,0,0,0,0,0,0,0,0,0,0,0,0.000446058752309947,0,0,0.000446058752309947,0,0,0,0,0,0,0,0,0,0,0,0,0.00474733957815587,0,0.000159306697253553,6.3722678901421e-05,0,0,0,0,0,0,0,0,0,0,0,0,0,0,0,0,0,0.000191168036704263,0,0,0,0,0,0,0,0,0,0,0,0,0.00143376027528197,0,0,0,0.00175237366978908,0,0,0,0,0,0,0.000955840183521315,6.3722678901421e-05,0,0,0,0,0,0,0,0,0,0,0,0,0,0,0.000286752055056395,0,0,0,0,0,0.000127445357802842,0,0,0,0,0,0,0,0,0,0,0,0,0,0,0,0.000127445357802842,0,0,0,0,0,0,0,0,0,0,0,0,0,0,0
478,"PRJNA1010969|SRR25819715","PRJNA1010969","SRR25819715","SAMN37204934","PRJNA1010969_P0665","PRJNA1010969_P0665","P0665","Stool","Sepsis",NA,"Yes","Hospital day 14–21",NA,1,"ICU_admission","None",NA,NA,NA,"External_validation","Locked_external_test","Include","Confirmed","API + paper","High",NA,"PASS","Sampling window retained as a range; no exact day was imputed.","Core_Case_Control",44237,44048,189,0.00427244162126727,"uniform_target_Bacteria_Archaea_v1","rerun_v2_paired","Project_Final_Nonzero",0.0147793316382129,0.0572103160188885,0.000681075190701053,0.188862150381402,0.000136215038140211,0.0552806029785688,0.00447239375227025,0.0461087904104613,9.08100254268071e-05,0,0.0013394478750454,0,6.81075190701053e-05,0.000340537595350527,0.00108972030512169,6.81075190701053e-05,0.000204322557210316,0,0.00063567017798765,0.27127224845623,0,0,0,0.000658372684344352,0.0108972030512169,0,0,9.08100254268071e-05,2.27025063567018e-05,0,0,0.00102161278605158,0.12073192880494,0,0,6.81075190701053e-05,0.103841264075554,0,4.54050127134036e-05,0,0.00948964765710134,2.27025063567018e-05,0,0.000794587722484562,0,0.000227025063567018,0,0.0013394478750454,0,0,0,0,0,0,0,0.00422266618234653,0,0,0.00247457319288049,0,0,0.0468352706138758,0,0,0,0,0,0,0,0.00883127497275699,0,0,0,0,0,0,0.0120550308754086,0,0,0,0,0,0,0,0.000885397747911369,0,0,0,0,0.0172766073374501,0,0,0.000930802760624773,0,0,0,0,0.00106701779876498,0,0,0,0,0,0,0,0,0,0,0,0,0,0.000136215038140211,0,0,0,0,0,0,0,0,0,0,0,0,0,0,0,0.00154377043225572,0,0,0,0,0,0,0.000158917544496912,0,0,0,0,0,0,0.00024972756992372,0,0,0,0,0,0,0,0,0,0,0,0,0,0,0,0.00063567017798765,0,0,0,0,0,0,0,0,0,0,0,0,0,0.00202052306574646,0,0,0,0,0,0,0,0,0,0,0,0,0,0,0,0,0,0,0,0,0,0,0.001294042862332,0,0,0,0,0,0,0,0,0,0,0,0,0,0,0,0,0,0,0,0,0,0,0,0,0,0,0,0,0,0,0,0.000476752633490737,0,0,0,0,0,0,0,0,0,0,0,0.000272430076280421,0,0,0,0,0,0,0,0,0,0,0,0,0,0
479,"PRJNA1010969|SRR25819716","PRJNA1010969","SRR25819716","SAMN37204933","PRJNA1010969_P0661","PRJNA1010969_P0661","P0661","Stool","Sepsis",NA,"Yes","Hospital day 14–21",NA,1,"ICU_admission","None",NA,NA,NA,"External_validation","Locked_external_test","Include","Confirmed","API + paper","High",NA,"PASS","Sampling window retained as a range; no exact day was imputed.","Core_Case_Control",41165,41152,13,0.000315802259200777,"uniform_target_Bacteria_Archaea_v1","rerun_v2_paired","Project_Final_Nonzero",0.387951982892691,0.0827906298600311,0.0010206065318818,0.000680404354587869,0,0.078052099533437,0.000704704510108865,0,0.000267301710730949,9.72006220839813e-05,0.000486003110419907,0,0.0188812208398134,9.72006220839813e-05,0.000194401244167963,0.067700233281493,4.86003110419907e-05,0,0.010230365474339,0,2.43001555209953e-05,0.010278965785381,0,0.0142641912908243,0,0,0,0.000121500777604977,0.00172531104199067,0,0,9.72006220839813e-05,0.00170101088646967,0.0057105365474339,0,0,0,0,0,0,0.00420392690513219,0.00473853032659409,0.036231531881804,0.000486003110419907,0,0.0211897356143079,0,0.00359642301710731,0,0,0.00352352255054432,0,0.00323192068429238,0,0,0.0918545878693624,0,0.00116640746500778,0.021068234836703,0.00383942457231726,0.000461702954898911,0,0,0,0.000291601866251944,0,0.00342632192846034,0,0.0356969284603421,0,0.0144099922239502,0.00347492223950233,0.00646384136858476,0,0,0,0,4.86003110419907e-05,0.000583203732503888,0,0.00704704510108865,0.000340202177293935,0,0,0,0,0.00213841368584759,0,0,0,0,0,0,0,0.00726574650077761,9.72006220839813e-05,0,0.00140940902021773,0,0.000388802488335925,0,0,0,0,0,0,0.00126360808709176,0,0,0,0,0.00111780715396579,0,0,0,0,0.000972006220839813,0,0,0.000145800933125972,0.000510303265940902,0,0.00036450233281493,0,0,0.000145800933125972,0,0.000534603421461897,0,0,0,0,0,0.00114210730948678,0,0.00673114307931571,0.00264871695178849,0,0.000267301710730949,0,0,0.000243001555209953,0,0,0,0.0010206065318818,0,0,0,0,0,0,0,0,0,0,9.72006220839813e-05,0,0,0,0,0,0.00153090979782271,0,0,0.000145800933125972,0,0,0,0,0,0,7.2900466562986e-05,0,0,0.0010206065318818,0,0,0,0,0,0,0,0,0,0,0,0,7.2900466562986e-05,0,0,0,0,0,0,0,0,0,0,0,0,0,0.00109350699844479,0,0,0,0,0,0,0,0,0,0,0,0,0,0,0,0,0,0,0.000558903576982893,0,0,0,0,0,0,0,0,0,0,0,0,0,0,0,0,0,0,0,0,0,0,0,0,0,0,0,0,0,0,0
480,"PRJNA1010969|SRR25819717","PRJNA1010969","SRR25819717","SAMN37204932","PRJNA1010969_P0660","PRJNA1010969_P0660","P0660","Stool","Sepsis",NA,"Yes","Hospital day 14–21",NA,1,"ICU_admission","None",NA,NA,NA,"External_validation","Locked_external_test","Include","Confirmed","API + paper","High",NA,"PASS","Sampling window retained as a range; no exact day was imputed.","Core_Case_Control",20902,20758,144,0.00688929289063248,"uniform_target_Bacteria_Archaea_v1","rerun_v2_paired","Project_Final_Nonzero",0.000240870989498025,0.00077078716639368,0.000240870989498025,0.000626264572694865,0.000433567781096445,0.00038539358319684,0,0,9.63483957992099e-05,0,0.00057809037479526,0.000144522593698815,0.00019269679159842,0.000144522593698815,0.99026881202428,0.000240870989498025,0,0,0,0,0,0,0.000144522593698815,4.8174197899605e-05,0,0,0,9.63483957992099e-05,0,0,0,0,0,0,0,0.00028904518739763,0,0,0,0,4.8174197899605e-05,0,0,0.000818961364293285,0,0,0,0,0,0,0,0,4.8174197899605e-05,0,0,0,0,0,0,0,0,0,0,0,0,0,0,0,0,0,0,0,0,0,0,0,0,0.000144522593698815,0,0,0,0,0,0,0,0,0,0,0,0,0,0,0,0,0,0,0,0.00264958088447827,0,0,0,0,0,0,0,0,0,0,0,0,0,0,0,0,0,0,0,0,0,9.63483957992099e-05,0,0,0,0,0,0,0,0,0,0,0,0,0,0,0,0,0,0,0,0,0,0.00019269679159842,0,0,0,0,0,0,0,0,0,0,0,0,0,0,0,0,0,0,0,0,0,0,0,0,0,0,0,0,0,0,0,0,0,0,0,0,0,0,0,0,0,0,0,0,0,0,0,0,0,0,0,0,0,0,0,0,0,0,0,0,0,0,0,0,0,0,0,0,0,0,0,0,0,0,0,0,0,0,0,0,0.00028904518739763,0,0,0,0,0,0,0,0,0,0,0,0,0,0,0,0,0,0,0,0,0,0,0,0,0,0,0,0,0,0
481,"PRJNA1010969|SRR25819718","PRJNA1010969","SRR25819718","SAMN37204931","PRJNA1010969_P0657","PRJNA1010969_P0657","P0657","Stool","Sepsis",NA,"Yes","Hospital day 14–21",NA,1,"ICU_admission","None",NA,NA,NA,"External_validation","Locked_external_test","Include","Confirmed","API + paper","High",NA,"PASS","Sampling window retained as a range; no exact day was imputed.","Core_Case_Control",42280,42214,66,0.00156102175969726,"uniform_target_Bacteria_Archaea_v1","rerun_v2_paired","Project_Final_Nonzero",0.000142132941678116,0.000189510588904155,4.73776472260388e-05,7.10664708390581e-05,4.73776472260388e-05,0.000118444118065097,0,0,0.0327379542331928,0.000118444118065097,0.000473776472260388,0.0135973847538731,0.348273084758611,0.000142132941678116,0.000213199412517174,0.224522670204198,0,7.10664708390581e-05,0.121618420429241,0,2.36888236130194e-05,0.115364570995404,0,0,9.47552944520775e-05,0,0,4.73776472260388e-05,0,2.36888236130194e-05,0,0.000331643530582271,0,0.0237835789074715,0.0325721324679016,4.73776472260388e-05,0,0,0,0,9.47552944520775e-05,0,0,0.000686975884777562,0,0,0,4.73776472260388e-05,0,0,0.000402710001421329,0,0,0,0,0,0,7.10664708390581e-05,0,0,0,0,0,0,0,7.10664708390581e-05,0.00473776472260388,0,0,0,0,0,0,0,4.73776472260388e-05,0,0,0,0,0,0,0,0,0,0.00234519353768892,0,0,0,2.36888236130194e-05,0,0.00355332354195291,0,0.00573269531435069,0,0,0,0,0.0014687070640072,2.36888236130194e-05,0,0,0,0,0,0,0,0,0,0,0.0128156535746435,0,0.000236888236130194,0,0,0,0,0,0,0,0,0,0,0.00037902117780831,0,0,0,0,0,0,0,0,0,0,0,0,0,0,0,0,0,0,0.00037902117780831,0,0,0,0,0,0,0,0,0,0,0,0,0,0,0,0,0,0,0.000592220590325484,0,0.00265314824465817,0,0,0,0,0,0,0,0,0,0,0,0.00203723883071967,0,0,0,0,0,0,0,0,0,0,0,0,0,0,0,0,0,0,0,0,0,0,0,0,0,0,0,0,0,0,0,2.36888236130194e-05,0,0,0,0,0,0,0,0,0,0,0,0,0,0,0,0,0,0,0,0,0,0,0,0,0,0,0,0,0,0,0,0,0,0,0,0,0,0,0,0,0,0,0,0,0,0
482,"PRJNA1010969|SRR25819719","PRJNA1010969","SRR25819719","SAMN37204930","PRJNA1010969_P0650","PRJNA1010969_P0650","P0650","Stool","Sepsis",NA,"Yes","Hospital day 14–21",NA,1,"ICU_admission","None",NA,NA,NA,"External_validation","Locked_external_test","Include","Confirmed","API + paper","High",NA,"PASS","Sampling window retained as a range; no exact day was imputed.","Core_Case_Control",20000,19970,30,0.0015,"uniform_target_Bacteria_Archaea_v1","rerun_v2_paired","Project_Final_Nonzero",0.000701051577366049,0.000300450676014021,0.00170255383074612,0.000250375563345017,0.000200300450676014,0.000350525788683025,0,0,5.00751126690035e-05,0,0.000550826239359039,0,0,0.000150225338007011,0.822083124687031,0.000100150225338007,0,0,0,0,0.000100150225338007,5.00751126690035e-05,0,0,0.17035553329995,0,0,0,0,0,0,0.000100150225338007,0,0,0,0,0,0,0.000250375563345017,0,0,0,0,0.000701051577366049,0,0,0,0,0,0,0,0,0,0.000200300450676014,0,0,0,0,0,0,0,0,0,0,0,0,0,0,0,0,0,0,0,0,0,0,0,0,0,0,0,0,0,0,0,0,0,0,0,0,0,0,0,0,0,0,0,0.00120180270405608,0,5.00751126690035e-05,0,0,0,0,0,0,0,0,0,0,0,0,0,0,0,0,0,0,0,0,0,0,0,0,0,0,0,0,0,0,0,0,0,0,0,0,0,0,0,0,0,0.000350525788683025,0,0,0,0,0,0,0,0,0,0,0,0,0,0,0,0,0,0,0,0,0,0,0,0,0,0,0,0,0,0,0,0,0,0,0,0,0,0,0,0,0,0,0,0,0,0,0,0,0,0,0,0,0,0,0,0,0,0,0,0,0,0,0,0,0,0,0,0,0,0,0,0,0,0,0,0,0,0,0,0,0,0,0,0,0,0,0,0,0,0,0,0,0,0,0,0,0,0,0,0,0,0,0,0,0,0,0,0,0,0,0
483,"PRJNA1010969|SRR25819720","PRJNA1010969","SRR25819720","SAMN37204912","PRJNA1010969_HMB003","PRJNA1010969_HMB003","HMB003","Stool","Healthy_control","Healthy","Yes",NA,NA,1,"Unresolved","None",NA,NA,NA,"External_validation","Locked_external_test","Include","Confirmed","API + paper","High",NA,"PASS","Healthy control; no ICU-relative time assigned.","Core_Case_Control",34296,34220,76,0.00221600186610683,"uniform_target_Bacteria_Archaea_v1","rerun_v2_paired","Project_Final_Nonzero",0.0010812390414962,0.166481589713618,0.0174459380479252,0.000409117475160725,0.00935125657510228,0.0691700759789597,0,0,0.134862653419053,0.0250146113383986,0.00242548217416715,0.0380771478667446,0.00625365283459965,0.000146113383985973,0.00113968439509059,0.0193454120397428,0.0873758036236119,0,0.00406195207481005,0,0.0243424897720631,0.000116890707188778,0.021624780829924,0.00400350672121566,0,0.00940970192869667,0,0.0176504967855056,0,0.0127118644067797,0,0.010812390414962,0,0.000730566919929866,0,0.00102279368790181,0,0,0.00783167738164816,0.00116890707188778,0.0010812390414962,0.019812974868498,0,0.00333138515488019,0,0.000467562828755114,0,0.000146113383985973,0,0,0,0,0.00169491525423729,0,0,0,0.000233781414377557,0,0.00113968439509059,0.0154295733489188,0.0119520748100526,0,0,0,0.000876680303915839,0.0148743424897721,0.00169491525423729,0.00879602571595558,0.00774400935125658,0,0,0,0.00225014611338399,0.00298071303331385,0.00169491525423729,0.0156049094097019,0.000467562828755114,0.00528930450029223,0.0240502630040912,0,0.00187025131502046,0,0,0,0.00146113383985973,0,0.0104324956165985,0.0334015195791935,0,0,0.00356516656925774,0,0.00201636469900643,0,2.92226767971946e-05,0.000789012273524255,0.00075978959672706,0.00140268848626534,0.00619520748100526,0.00569842197545295,0,0,0.00075978959672706,0,0,0.000526008182349503,0,0,0,0.000233781414377557,0,0.00274693161893629,0,0,0,0.000409117475160725,0.000116890707188778,0.0054354178842782,0.00075978959672706,0,0.00146113383985973,0.000263004091174752,0,0.00423728813559322,0,0,0,0.000701344243132671,0,0.00140268848626534,0.00210403272939801,0,0.00420806545879603,0,0,0,0,0,0,0,0,0.000233781414377557,0.00137346580946815,0,0,0.000116890707188778,0,0,0,0,0,0,0,0,0,0,2.92226767971946e-05,0.000263004091174752,0,0,0.00113968439509059,0,0,0,0,0,0,0,0.000555230859146698,0.00137346580946815,0,0,0,0.00195791934541204,0,0,0,0,0,0,0,0,0,0,0,0,0,0,8.76680303915839e-05,0.000701344243132671,0,0,0,0,0,0,0,0,0,0.000350672121566335,0,0.000555230859146698,0,0,0,0,0.000116890707188778,0,0,0,0,5.84453535943892e-05,0,0,0,0,0,0,5.84453535943892e-05,0,0,0,0,0,0,0,0,0,0,0,0,0,0,0,0,0,0,0,0,0,0,0,0,0,0.000116890707188778,0,0,0,0,0,0,0,0
484,"PRJNA1010969|SRR25819721","PRJNA1010969","SRR25819721","SAMN37204929","PRJNA1010969_P0632","PRJNA1010969_P0632","P0632","Stool","Sepsis",NA,"Yes","Hospital day 14–21",NA,1,"ICU_admission","None",NA,NA,NA,"External_validation","Locked_external_test","Include","Confirmed","API + paper","High",NA,"PASS","Sampling window retained as a range; no exact day was imputed.","Core_Case_Control",31904,31893,11,0.000344784353059178,"uniform_target_Bacteria_Archaea_v1","rerun_v2_paired","Project_Final_Nonzero",0.00937509798388361,0.000470322641331954,0.0285956165929828,0.000125419371021854,0.000125419371021854,0.000470322641331954,0.000313548427554636,0.0690433637475308,0,0.000250838742043709,0.000376258113065563,6.27096855109272e-05,6.27096855109272e-05,0.00429561345749851,0.0365597466528705,0,0,0.601448593735302,0,0,6.27096855109272e-05,0,3.13548427554636e-05,6.27096855109272e-05,0.0110369046499232,0,0.000533032326842881,6.27096855109272e-05,0,0,0.232590223560029,0.000282193584799172,0,0,0,6.27096855109272e-05,0,0,0,0,0,0,0,0.000564387169598344,0,0,0,0,0.000376258113065563,0,0,0,0,0,0,0,0,0,0.000250838742043709,0,6.27096855109272e-05,0,0,0,0,0,0,0,0,0,0,0,0,0,0,0,6.27096855109272e-05,0,0,0,0,0,0,0,0,0,0,0,0,0,0,0,9.40645282663907e-05,0,0,0,0,0.00109741949644123,0,0,0,0,0,0,0,0,0,0,0,0,0,0,0,0,0,0,0,0,0,0,3.13548427554636e-05,0,0,0,0,0,0,0,0,0,0,0,0,0.000156774213777318,0,0,0,0,0,0,0,0.000250838742043709,0,0,0,0,0,0,0,0,0,0,0,0,0,0,0,0,0,0,0,0,0,0,0,0,0,0,0,0,0,0,0,0,0,0,0,0,0,0,0,0,0,0,0,0,0,0,0,0,0,0,0,0,0,0,0,0,0,0,0,0,0,0,0,0,0,0,0,0,0,0,0,0,0,0,0,0,0,0,0,0,0,0,0,0,0,0,0,0,0,0,0,0,0,0,0,0,0,0,0,0,0,0,0,0,0,0,0,0,0,0,0
485,"PRJNA1010969|SRR25819722","PRJNA1010969","SRR25819722","SAMN37204928","PRJNA1010969_P0614","PRJNA1010969_P0614","P0614","Stool","Sepsis",NA,"Yes","Hospital day 14–21",NA,1,"ICU_admission","None",NA,NA,NA,"External_validation","Locked_external_test","Include","Confirmed","API + paper","High",NA,"PASS","Sampling window retained as a range; no exact day was imputed.","Core_Case_Control",22133,22125,8,0.000361451226675101,"uniform_target_Bacteria_Archaea_v1","rerun_v2_paired","Project_Final_Nonzero",0.00953672316384181,0.00203389830508475,0.087593220338983,0,9.03954802259887e-05,0.746847457627119,0,0,0,0,0.0285197740112994,4.51977401129943e-05,0.00515254237288136,0.00072316384180791,0.0405875706214689,4.51977401129943e-05,4.51977401129943e-05,9.03954802259887e-05,0.00510734463276836,0,0.0184406779661017,0.0248135593220339,0,0,0.000497175141242938,0,0,0.000406779661016949,0,0,0,0.000271186440677966,0,0.000271186440677966,0.000361581920903955,0,0,0,0,0.000903954802259887,0,0,0.000271186440677966,0.000542372881355932,0,0,0,0.000542372881355932,0,0,0.000587570621468927,0,0,0,0.00438418079096045,0,0,0.00587570621468927,0,0,0,0,0,0,0,0,0,0,0,0,0,0,0,0,0,0.000361581920903955,0,0,0,0,0,0,0,0,0,0,0,0,0,0,0,0,0,0,0,0,0,0.00144632768361582,0,0,0,0,0,0,0,0,0,0,0,0.00112994350282486,0,0,0,0,0,0,0,0,0,0,0,0.000406779661016949,0,0,0,0,0,0,0,0,0,0,0,0,0,0,0,0,0.000271186440677966,0,0,0.000180790960451977,0,0,0,0,0,0,0,0,0,0,0,0,0,0,0,0,0,0,0,0.000858757062146893,0,0,0,0,0,0,0,0,0,0,0,0,0,0,0,0,0,0,0,0,0,0,0,0,0.00131073446327684,0,0,0,0,0,0,0,0,0,0.000271186440677966,0,0,0,0,0,0,0,0,0,0,0,0,0,0,0,0.000768361581920904,0,0,0,0,0.00122033898305085,0,0,0,0,9.03954802259887e-05,0,0,0,0,0,0,0,0,0,0,0,0,0,0,0,0,0,0,0,0,0.000406779661016949,0,0,0,0,0,0,0,0,0
486,"PRJNA1010969|SRR25819723","PRJNA1010969","SRR25819723","SAMN37204927","PRJNA1010969_PC050","PRJNA1010969_PC050","PC050","Stool","Healthy_control","Healthy","Yes",NA,NA,1,"Unresolved","None",NA,NA,NA,"External_validation","Locked_external_test","Include","Confirmed","API + paper","High",NA,"PASS","Healthy control; no ICU-relative time assigned.","Core_Case_Control",50829,50808,21,0.000413149973440359,"uniform_target_Bacteria_Archaea_v1","rerun_v2_paired","Project_Final_Nonzero",0,0.00448748228625413,0.00281451739883483,0.00856164383561644,0.000531412376003779,0.0872303574240277,0,0,0.0467052432687766,0.0458786017949929,0.000708549834671705,0.0102542906628877,0.00135805384978743,0,0,0.00425129900803023,0.102050858132578,0,0.00137773578963943,0,0.0259014328452212,0,0,0.0306054164698473,0.000472366556447804,0.00118091639111951,0,0.00704613446701307,0,0.0062588568729334,0,0.062431113210518,0,0,0.00368052275232247,0,0,0.0779011179341836,0.0213549047394111,0.0162179184380413,0.00279483545898284,0.00873878129428437,0,0.0038576602109904,0,3.93638797039836e-05,0.0136789481971343,0.000354274917335853,0,0,0,0,0.000373956857187844,0,0.0362738151472209,0,0.00173201070697528,0,0.00425129900803023,0.00399543378995434,0.0249173358526216,0,0,0,0.000177137458667926,0.0164541017162652,0.00283419933868682,0.0014367816091954,0,0,0.00242087860179499,0,0.000137773578963943,0.00309006455676271,0.000118091639111951,0.000236183278223902,0,0.0125177137458668,0.00328688395528263,0,0.00153519130845536,0,0.0188552983782082,0,0,0,0.0156668241221855,0.0124586679263108,0,0,0.00763659266257282,0,0.00442843646669816,0,0,0.00104314281215557,0.000196819398519918,0.00129900803023146,0.00436939064714218,0.00261769800031491,0.0137183120768383,0.00116123445126752,0.00112187057156353,0,0,0,0,0,0,0.000610140135411746,0,0.0166509211147851,0.00942764918910408,0,0.0113171154148953,0.00476302944418202,3.93638797039836e-05,0.00570776255707763,0,0,0.00436939064714218,0.000137773578963943,0,0.000295229097779877,0,0,0,0.000413320736891828,0,0.00165328294756731,0.000255865218075894,0.00578649031648559,0,0.00125964415052748,0.00137773578963943,0.00118091639111951,0,0,0,0,0.00086600535348764,0.000688867894819713,0.00114155251141553,0,0,7.87277594079672e-05,0,0.00153519130845536,0,0,0,0,0.00307038261691072,0,0,0.00251928830105495,0,0,0,0.00261769800031491,0,0,0,0,0,0,0,0,0,0.000413320736891828,0,0,0,0.00196819398519918,0,0,0,0,0,0,0,0,0,0,0,0,0.000413320736891828,0,0.000236183278223902,3.93638797039836e-05,0.0012005983309715,0,0,0,0,0.000255865218075894,0,0,0,0,0,0,0,0,0,0,1.96819398519918e-05,0,0,0,0,0,0,0,0.000629822075263738,0,0,0,0,0,0,0,0,0,0,0,0,0.000393638797039836,0,0,0,0.000314911037631869,0,0,0,0,0,0,0,0,0,0,0,0,0,0,0,0,0,0.000118091639111951,0,0,0
487,"PRJNA1010969|SRR25819724","PRJNA1010969","SRR25819724","SAMN37204926","PRJNA1010969_PC049","PRJNA1010969_PC049","PC049","Stool","Healthy_control","Healthy","Yes",NA,NA,1,"Unresolved","None",NA,NA,NA,"External_validation","Locked_external_test","Include","Confirmed","API + paper","High",NA,"PASS","Healthy control; no ICU-relative time assigned.","Core_Case_Control",27796,27796,0,0,"uniform_target_Bacteria_Archaea_v1","rerun_v2_paired","Project_Final_Nonzero",0,0.231364225068355,0.0206144769031515,0.000287811195855519,0.000287811195855519,0.0805511584400633,0,0,0.108648726435458,0.0410850482083753,0.000503669592747158,0.0145344653907037,0.00708735069794215,3.59763994819398e-05,0.000179881997409699,0.00500071952798964,0.000215858396891639,0,0.00302201755648295,0,0.0130954094114261,3.59763994819398e-05,0,0.0543603396172111,0,0.0770254712908332,0,0.0684990646136135,0,0.0395380630306519,0,0.000791480788602677,0,0.00115124478342208,0,0.028097567995395,0,0,0.0241761404518636,0.0231328248668873,0.00194272557202475,0.02392430565549,0.000575622391711038,0.000179881997409699,0,0.00197870197150669,0,0,0,0,0,0,0.00143905597927759,0,0,0,0.00431716793783278,0,0.00640379910778529,0,0.00582817671607426,0,0,0,0,0.00485681393006188,0.0035256871492301,0,0.00259030076269967,0,0,0.000179881997409699,0.00244639516477191,0.000179881997409699,0.00111526838394014,0,0.000827457188084617,0.0183479637357893,0.0305439631601669,0,0.00251834796373579,0.000215858396891639,0,0,0.000179881997409699,0,0,0.00906605266944884,0,0,7.19527989638797e-05,0,0.000143905597927759,0,0,0,0.00133112678083177,0.0010792919844582,0.00446107353576054,0,0,0.000575622391711038,0.000539645992229098,0,0,0,0,0,0,0,0,0.00485681393006188,0,0,0,0,0,0.00856238307670168,0,0,0.000215858396891639,0,0,0.00151100877824147,0,0,0,0,0,0.00341775795078429,0,0,0,0,0,0,0,0,0.000179881997409699,0,0,0,0,0,0,0.000143905597927759,0,0,0,0,0,0.000215858396891639,0,0,0,0,0,0,0,0,0,0,0,0,0,0,0,0,0,0,0,0,0,0.00143905597927759,0,0,0,0,0,0,0,0,0,0,0,0,7.19527989638797e-05,0,0,0,0,0,0,0,0,0,0,0,0,0,0,0,0,0,0,0,3.59763994819398e-05,0,0,0,0,0,0,0,0,0,0,0,0,0,0,0,0,0,0,0,0,0,0,0,0,0,0,0,0,0,0,0,0,0,0,0,0,0,0,0,0,0,0,0,0,0,0
488,"PRJNA1010969|SRR25819725","PRJNA1010969","SRR25819725","SAMN37204925","PRJNA1010969_PC045","PRJNA1010969_PC045","PC045","Stool","Healthy_control","Healthy","Yes",NA,NA,1,"Unresolved","None",NA,NA,NA,"External_validation","Locked_external_test","Include","Confirmed","API + paper","High",NA,"PASS","Healthy control; no ICU-relative time assigned.","Core_Case_Control",40693,40613,80,0.00196594008797582,"uniform_target_Bacteria_Archaea_v1","rerun_v2_paired","Project_Final_Nonzero",0.00792849580183685,0.0880013788688351,0.0226282224903356,0.000344717208775515,0.00861793021938788,0.262748381060252,0,7.3867973309039e-05,0.0103415162632655,0.00888877945485436,0.00231452983034989,0.00901189274370276,0.00654962696673479,0.00268386969689508,0,0.00674660822889223,0.0457981434516042,0,0.000911038337478147,0,0,0.0116957624405978,0.0672937236845345,0.075172974170832,0.0384113461207003,0.0169650112033093,0,0.00258537906581636,0.00105877428409623,0.0042350971363849,0,0.00209292591042277,0,0.0042350971363849,0,0.00297934159013124,0,0,4.92453155393593e-05,0,0.00322556816782804,0.0350380420062542,0.0127299140669244,0.000615566444241992,0,0.00733755201536454,0,0.00349641740329451,0,0,0.0249673749784552,0,0.00172358604387758,0,0,0.00073867973309039,0.00531849407825081,0,0.00622953241572895,0,0.00913500603255115,0,0.000246226577696797,0,0.000664811759781351,0.00228990717258021,0.00187132199049565,0,0.00465368231846946,0,0,0.000344717208775515,0.00194518996380469,0.00246226577696797,0.00339792677221579,0,0.0013296235195627,0.000861793021938788,0.000295471893236156,0,0,0.00214217122596213,0,0,0.00595868318026248,4.92453155393593e-05,0.00797774111737621,0.00558934331371728,0,0,0.00645113633565607,0,0.00214217122596213,0,0,0.0110555733385862,0.0043582104252333,0.000935660995247827,0.00539236205155985,0.00467830497623913,0,0,0.000147735946618078,0,0.000787925048629749,0,0,0,0,0.000590943786472312,0,0.000763302390860069,0,0,0,0,0.000295471893236156,0.000517075813163273,0,0.00637726836234703,0.00453056902962106,0.000147735946618078,0.000393962524314875,0,0.000590943786472312,0,0,0,0.00748528796198262,0,0,0,0,0,0,0,0,0,0.00115726491517494,0,0,0.000147735946618078,0.00487528623839657,0,0,0.00103415162632655,0,0,0,0,0,9.84906310787186e-05,0,0,0,0,0,0.000123113288848398,0,0,0,0,0,0,0,0,0,0,0,0.00150198212395046,0,0,0.000763302390860069,0,0,0.000393962524314875,0,0.0016989633861079,0,0,0,0,0,0,0,0,0.000147735946618078,0,0.000123113288848398,0,0,0,0.000295471893236156,0,0,0,0,0,0,0,0,0,0,0,0,0,4.92453155393593e-05,9.84906310787186e-05,0,0,0,0.000344717208775515,0,0,0,0,0,0.000295471893236156,0,0,0,0,0,0,0,0,0,0,0,0.000172358604387758,0,0,0,0,0,0,0,0,0,0,0,0,0,0,0,0,0,0,0,0,0.000147735946618078,0,0
489,"PRJNA1010969|SRR25819726","PRJNA1010969","SRR25819726","SAMN37204924","PRJNA1010969_PC034","PRJNA1010969_PC034","PC034","Stool","Healthy_control","Healthy","Yes",NA,NA,1,"Unresolved","None",NA,NA,NA,"External_validation","Locked_external_test","Include","Confirmed","API + paper","High",NA,"PASS","Healthy control; no ICU-relative time assigned.","Core_Case_Control",16344,16293,51,0.00312041116005874,"uniform_target_Bacteria_Archaea_v1","rerun_v2_paired","Project_Final_Nonzero",0,0.00362118701282759,0.0823666605290616,0.588473577610017,0.0137482354385319,0.173325968207206,0,0,0,0.00558522064690358,0.000613760510648745,0,6.13760510648745e-05,0.000184128153194623,0,0.000245504204259498,0.000122752102129749,0,0.00141164917449211,0,0.0351071012091082,0,0,6.13760510648745e-05,0.00116614497023262,0,0,0.000368256306389247,0.00196403363407598,0.00484870803412508,0,0.000306880255324372,0,0.000368256306389247,0,0.00429632357454121,0,0,0.0147302522555699,0.00822439084269318,0.0132572270300129,0,0.000245504204259498,0,0,0.00233228994046523,0,0,0,0,0.000184128153194623,0,0,0,0,0,0.000122752102129749,0,0.00233228994046523,0.000122752102129749,0.0031301786043086,0,0,0,0,0,0,0,0,0,0,0,0.000613760510648745,0,0,0,0,0.0188424476769165,6.13760510648745e-05,0,0.000491008408518996,0,0,0,0,0,0,0,0,0,0,0,0,0,0,0,0,0.00141164917449211,0.000122752102129749,0,0,0.00822439084269318,0,0,0,0,0,0,0,0,0,0.00135027312342724,0,0,0,0,0,0,0,0,0,0,0,0,0,0,0,0,0,0.000184128153194623,0,0,0,0,0,0,0,0,0,0,0,0,0,0,0,0,0,0,0,0,0,0,0,0,0,0,0,0,0,0,0,0,0,0,0,0,0,0,0,0,0,0,0,0,0,0,0,0,0,0,0,0,0,0,0,0,0.00128889707236236,0,0,0,0,0,0,0,0,0,0,0,0,0,0,0,0,0,0,0,0,0,0,0,0,0,0,0,0,0,0,0,0,0,0,0,0,0,0,0,0,0,0,0,0,0,0,0,0,0,0,0,0,0,0,0,0,0,0,0,0,0,0,0,0,0,0
490,"PRJNA1010969|SRR25819727","PRJNA1010969","SRR25819727","SAMN37204923","PRJNA1010969_PC032","PRJNA1010969_PC032","PC032","Stool","Healthy_control","Healthy","Yes",NA,NA,1,"Unresolved","None",NA,NA,NA,"External_validation","Locked_external_test","Include","Confirmed","API + paper","High",NA,"PASS","Healthy control; no ICU-relative time assigned.","Core_Case_Control",38095,38047,48,0.00126000787504922,"uniform_target_Bacteria_Archaea_v1","rerun_v2_paired","Project_Final_Nonzero",0.00107761452939785,0.0686519305070045,0.0434725471127816,0.000341682655662733,0,0.189003075143901,0,7.88498436144768e-05,0.098273188424843,0.0331432175992851,0.0371908429048282,0.0146660709122927,0.00491497358530239,0,0,0.00147186374747023,0.0552211738113386,7.88498436144768e-05,0.000735931873735117,0,0.0178200646568718,0,0.000236549530843431,0.00536178936578442,0,0.0149814702867506,0,0.0308565721344653,2.62832812048256e-05,0.0290693090125371,0,0.000762215154939943,0,0,0.00268089468289221,0.00149814702867506,0,0,0.0255736326122953,0.0116434935737377,0.023812652771572,0.0324335690067548,0,0.000183982968433779,0,7.88498436144768e-05,0,0.000157699687228954,0,0,0,0,0.000394249218072384,0,0,0,0.00325912686939838,0.000341682655662733,0.00249691171445843,0.00835808342313454,0,0,0,0,0.000236549530843431,0.00688621967566431,0.000289116093253082,0.00157699687228954,0,0,7.88498436144768e-05,0,0.000210266249638605,0.0140352721633769,0.000341682655662733,0.0044155912424107,0.00065708203012064,0.0143769548190396,0.0156122690356664,0,0.00938313139012274,0,0,0,0.00042053249927721,0,0.00241806187084396,0.00433674139879623,0.00772728467421873,0,0.00417904171156727,0,0.000131416406024128,0,0,0,0.00118274765421715,0.00120903093542198,0.00396877546192867,0.00302257733855495,0,0,0.00170841327831366,0,0,0,0,0.00643940389518227,0,0,0.00404762530554314,0.00444187452361553,0.00134044734144611,0,0.0188976791862696,0,2.62832812048256e-05,0.00268089468289221,0.000551948905301338,0,0.00065708203012064,0,0,0.00270717796409704,0,0,0,0.000341682655662733,0,0.00283859437012117,0.000105133124819302,0,0.0031802770257839,0,0,0,0,0,0,0,0.00168212999710884,0.00160328015349436,0.00601887139590507,0,0.00528293952216995,0.000131416406024128,0,0.00281231108891634,0,0,0,0.000105133124819302,0,0,0,0.000105133124819302,2.62832812048256e-05,0,0,0,0,0,0,0,0,0,0,0,0,0.000289116093253082,0,0,0,0.00084106499855442,0,0,0,0,0,0.00207637921518122,0,0.000341682655662733,0,0,0,0,0,0,0,0.000735931873735117,0,0,0,0,0,0,0,0,0,0,0,0.000709648592530291,0,0,0,0,0,0,0,0,0,0,0,0,0,0,0,0,0,0,0,0,0,0,0,0,0,0,0,0,0,0,0,0,0,0,0,0,0,0,0,0,0,0,0,0,0,0,0,0,0,0,0
491,"PRJNA1010969|SRR25819728","PRJNA1010969","SRR25819728","SAMN37204922","PRJNA1010969_PC029","PRJNA1010969_PC029","PC029","Stool","Healthy_control","Healthy","Yes",NA,NA,1,"Unresolved","None",NA,NA,NA,"External_validation","Locked_external_test","Include","Confirmed","API + paper","High",NA,"PASS","Healthy control; no ICU-relative time assigned.","Core_Case_Control",41870,41836,34,0.000812037258180081,"uniform_target_Bacteria_Archaea_v1","rerun_v2_paired","Project_Final_Nonzero",0,0.0383640883449661,0.00152978296204226,0.0043981260158715,0.0199110813653313,0.0466822832010708,0,0.350750549765752,0.0210106128692992,0.00743378908117411,0.00444593173343532,0.0154412467731141,0.00590400611913185,0.000358542881728655,4.78057175638206e-05,0.0046371546036906,0.0438378430060235,0,0.00327469165312171,0,0.0217276986327565,0,0,0.0276317047518883,2.39028587819103e-05,0.00157758867960608,0,0.0265321732479205,0,0.0148436753035663,0,0.00141026866813271,0,0,0.00669280045893489,0.000621474328329668,0,0.0469452146476719,0.0298307677598241,0.0140787838225452,0.00105172578640405,0.0295678363132231,0,0.0272970647289416,0,0,0,0.000382445740510565,0,0,0.000262931446601013,0.000645377187111579,0.00181661726742518,0,0,0,0.00136246295056889,0,0.00143417152691462,0.00253370303088249,0,0,0,0,0.00133856009178698,0.0233530930299264,0.00148197724447844,0.00210345157280811,0,0,0,0.000693182904675399,0.000525862893202027,0.0184530069796348,0.0016253943971699,0.00480447461516397,0.000191222870255283,0.00372884596997801,0.00461325174490869,0,0.00222296586671766,0,0,0,0.000693182904675399,0,0.00107562864518596,0.00071708576345731,0.00284444019504733,0,0.00631035471842432,0,0.000334640022946744,0,0,0,0.00143417152691462,0.00121904579787743,0.00525862893202027,0.00769672052777512,0,0.000191222870255283,0.000645377187111579,0,0,0,0,0.00420690314561622,0,2.39028587819103e-05,0,0.00184052012620709,0,0,0.0108997036045511,0,0.000262931446601013,0.00303566306530261,0,0.00291614877139306,0.00148197724447844,4.78057175638206e-05,0,0.00303566306530261,0,0.000262931446601013,0,0.00152978296204226,0.00071708576345731,0.000286834305382924,0.000836600057366861,0,0,0,0,0,0,0,0,0,0,0.000167320011473372,0.00136246295056889,0,0,0.000191222870255283,0,0,0,0,0,0,0,0,0,0,0,4.78057175638206e-05,0,0,0,0,0,0,0,0,0.00136246295056889,0,9.56114351276413e-05,0.000430251458074386,0,0,9.56114351276413e-05,0.00160149153838799,0,7.17085763457309e-05,0,0,0,0,0,0,0,0,0,0,0,0,0,0,0,0,0,0,0,0.000358542881728655,0,0,0,0,0,0,0,0,0,0,4.78057175638206e-05,0,0,0,0,0,0,0,0,0,0,0,0,0,0,0,0,0,0,0,0,0,0,0,0,0,0,0,0,0,0,0,0,0,0,0,0,0,0,0,0,0,0,0,0,0,0
492,"PRJNA1010969|SRR25819729","PRJNA1010969","SRR25819729","SAMN37204921","PRJNA1010969_PC017","PRJNA1010969_PC017","PC017","Stool","Healthy_control","Healthy","Yes",NA,NA,1,"Unresolved","None",NA,NA,NA,"External_validation","Locked_external_test","Include","Confirmed","API + paper","High",NA,"PASS","Healthy control; no ICU-relative time assigned.","Core_Case_Control",24910,24877,33,0.00132476916900843,"uniform_target_Bacteria_Archaea_v1","rerun_v2_paired","Project_Final_Nonzero",0,0.000924548779997588,0.0932588334606263,0.00012059331913012,0.0111749809060578,0.288700405997508,0,0.0024118663826024,0.00261285524781927,0.00422076616955421,0.0997306749206094,0.0719540137476384,0,0.000602966595650601,0.000321582184346987,0.000160791092173494,0.0642360413233107,0,0,0,0.0706676850102504,0,0,0.0190135466495156,0,0.0391124331712023,0,0.0176468223660409,0.000160791092173494,0.025726574747759,0,0.00132652651043132,0,0.00156771314869156,0,0.000160791092173494,0,0,0.0264099368894963,0.0230735217268963,0.00430116171564095,0.0756522088676287,0,0.00229127306347228,0,0.000723559914780721,0,0.000522571049563854,0,0,0.00144711982956144,0,4.01977730433734e-05,0,0,0,0,0.000160791092173494,0,0,0,0,0,0,4.01977730433734e-05,0.00140692205651807,0,0,0,4.01977730433734e-05,0,0.000361779957390361,0,0,0.0025726574747759,0.000160791092173494,0,0.0129436829199662,0.000361779957390361,0,0,0,0,0,0,0,0,0.000924548779997588,0,0,0,0,0.000643164368693974,0,0,0.00024118663826024,0,0.0018088997869518,0.00269325079390602,0,0,0,0.00285404188607951,0,0,0,0,0,0,0,0,0.00385898621216385,0,0,0,0,0,0.000160791092173494,0,0,0.00249226192868915,0,0,8.03955460867468e-05,0,0,0,0,0,0,0,0,0,0,0,0,0,0,0.00024118663826024,0,0,0.00160791092173494,0,0,0,0,0,0,0,0,0,0,0,0,0,0,0,4.01977730433734e-05,0,0,0,0,0,0,0,0,0,0,0,0,0,0,0.000160791092173494,0,0,0,0,0,0,0,0,0,0,0,0,0.00108533987217108,0.000924548779997588,0,0,0,0,0,0,0,0,0,0,0,0,0,0,0,0,0,0,0,0,0.000200988865216867,0,0,0,0.00024118663826024,0,0,0,0,0,0,0,0,0,0,0,0,0,0,0,0,0,0,0,0,0,0,0,0,0,0,0,0,0,0,0,0,0,0,0,0,0,0,0,0,0
493,"PRJNA1010969|SRR25819730","PRJNA1010969","SRR25819730","SAMN37204920","PRJNA1010969_PC011","PRJNA1010969_PC011","PC011","Stool","Healthy_control","Healthy","Yes",NA,NA,1,"Unresolved","None",NA,NA,NA,"External_validation","Locked_external_test","Include","Confirmed","API + paper","High",NA,"PASS","Healthy control; no ICU-relative time assigned.","Core_Case_Control",65986,65976,10,0.000151547297911678,"uniform_target_Bacteria_Archaea_v1","rerun_v2_paired","Project_Final_Nonzero",0,0.0491997089850855,0.0511852794955742,0.000757851339881169,0.0116405965805748,0.22232326906754,0,0,0.0646295622650661,0.0816660603855948,0.0257821025827574,0.0119740511701225,0.00281920698435795,6.06281071904935e-05,0.00169758700133382,0.00430459561052504,0.0801352006790348,0,0.000151570267976234,0,0.00970049715047896,0.000197041348369104,0,0.0667515460167334,0,0.033603128410331,0,0.0655086698193282,9.09421607857403e-05,0.00639626530859707,0,0.000363768643142961,0,0.000409239723535831,0,0.00322844670789378,0,0,0.0324057232933188,0.0247817388141142,0.00497150478962047,0.0356644840548078,0.000909421607857403,0.000697223232690675,0,0.00436522371771553,0,0.000409239723535831,0,0,0,0,0.000394082696738208,0,0,1.51570267976234e-05,0.000303140535952468,0.000227355401964351,0.00231902510003638,0.00180368618891718,0,0,0.000197041348369104,0,0.000257669455559597,0.00231902510003638,0.0044713229052989,0,0.00234933915363162,0.000197041348369104,0,0.000454710803928701,0.000636595125500182,0.00098520674184552,0.0105947617315387,0,0.000515338911119195,0.00256153752879835,0.00659330665696617,0,0.0048654056020371,3.03140535952468e-05,0,0,0.000651752152297805,6.06281071904935e-05,0.00483509154844186,0.00427428155692979,0,0,0.000879107554262156,0,0.00474414938765612,0,0,0.000212198375166727,0.0014247605189766,0.000894264581059779,0.00733600097004971,0.000212198375166727,0,0,7.57851339881169e-05,6.06281071904935e-05,0,0,0,0.00221292591245301,0,4.54710803928701e-05,0,0.00131866133139323,0,0,0,0,4.54710803928701e-05,0.000166727294773857,0,6.06281071904935e-05,0.0044106947981084,0.000530495937916818,0.000287983509154844,0,0,0,0,0,0,0,0,0,0,0,0,0,0,0,0.000954892688250273,0,0,0.000106099187583364,0.000939735661452649,0,0,0.000378925669940584,0,0,0,0,0,0,0,0,0,0,0,0.000181884321571481,0,0,0,1.51570267976234e-05,0,0,0,0,0.000954892688250273,0,0.000545652964714442,0.000409239723535831,0,0,3.03140535952468e-05,0.000666909179095429,0,0.000242512428761974,0,0,0,0,0,0,0,0,0,0,0.000257669455559597,0,0,0,0,0,0.000106099187583364,0,0,0,0,0,0,0,0,0,0,0,0,0,0,7.57851339881169e-05,0,0,0,0.000106099187583364,1.51570267976234e-05,0,0,0,0,0,0,0,0,0,0,0,0,0,0,0,0,0,0,0,0,0,0.000212198375166727,0,0,0,0,0,0,0,0,4.54710803928701e-05,0.000121256214380987,0,0,0,0,0,0,0,0
494,"PRJNA1010969|SRR25819731","PRJNA1010969","SRR25819731","SAMN37204911","PRJNA1010969_HMB002","PRJNA1010969_HMB002","HMB002","Stool","Healthy_control","Healthy","Yes",NA,NA,1,"Unresolved","None",NA,NA,NA,"External_validation","Locked_external_test","Include","Confirmed","API + paper","High",NA,"PASS","Healthy control; no ICU-relative time assigned.","Core_Case_Control",36245,36204,41,0.00113119050903573,"uniform_target_Bacteria_Archaea_v1","rerun_v2_paired","Project_Final_Nonzero",0,0.0880841895923102,0.00135344160866203,0.000276212573196332,0.0460998784664678,0.112611866092145,0,0,0.03463705667882,0.0749364711081648,0.0122914595072368,0.0130372334548669,0.00654623798475307,0.000110485029278533,0.000469561374433764,0.0222074908849851,0.0342227378190255,0,0.000662910175671197,0,0.0426748425588333,0,0,0.00502706883217324,0.000662910175671197,0.039305049165838,0,0.0172356645674511,0,0.0170423157662137,0,0.00414318859794498,0,0.000359076345155231,0,0.00679482930062976,0,0,0.0131200972268258,0.00138106286598166,0.00596619158104077,0.00930836371671638,0.000220970058557066,0.00894928737156115,0,0.000580046403712297,0.0312396420285051,0.00060766766103193,0,0,0,0.000745773947630096,0.000580046403712297,0,0,0.000220970058557066,0.00104960777814606,0,0.00792730085073473,0.000386697602474865,0,0,0,0,0.00127057783670313,0.0558501823002983,0.00527566014804994,0,0,0,0.00466799248701801,0.000994365263506795,0.00312120207711855,0.00353552093691305,0.00146392663794056,0,0.000911501491547895,0.00596619158104077,0.00685007181526903,0,0.00430891614186278,0.00060766766103193,0,0,0.00116009280742459,8.28637719588996e-05,0.0260468456524141,0.0113799580156889,0,0,0.0148049939233234,0,0.00104960777814606,0,2.76212573196332e-05,0,0.00187824549773506,0.00124295657938349,0.00519279637609104,0.0125400508231135,0,0.00187824549773506,0.000773395204949729,0,0,0,0,0.00577284277980334,0,0,0,0.00162965418185836,0.0125952933377527,0,0,0,5.52425146392664e-05,0.0143354325488896,0,0.00069053143299083,0.00342503590763452,0,0,0.00781681582145619,0,5.52425146392664e-05,0,0,0.00364600596619158,0.00154679040989946,0,0,0.000966744006187162,0,0,0,0,0,0,0.00629764666887637,0,2.76212573196332e-05,0.000580046403712297,0,0,0,0,0,0,0,0,0,0,0,0,0.00317644459175782,0,0.000718152690310463,0,0,0.000580046403712297,0,0,0,0,0,0.00069053143299083,0,0.000276212573196332,0,0,0,0.000303833830515965,0.00060766766103193,0,0,0,0,0,0,0,0,0,0,0,0,0.000165727543917799,0,0,0,0,0.000469561374433764,0,0,0,0.000220970058557066,0,0,0,0,0,0,0,0,0,0,0,0,0,0,0,0,0,0,0,0,0,0,8.28637719588996e-05,0.000580046403712297,0,0,0,0,0,0,0,0,0,0,0,0,0,0,0,0,0,0,0,0,0,0,0,0,0,0,0,0,0,0,0,0,0
495,"PRJNA1010969|SRR25819732","PRJNA1010969","SRR25819732","SAMN37204910","PRJNA1010969_HMB001","PRJNA1010969_HMB001","HMB001","Stool","Healthy_control","Healthy","Yes",NA,NA,1,"Unresolved","None",NA,NA,NA,"External_validation","Locked_external_test","Include","Confirmed","API + paper","High",NA,"PASS","Healthy control; no ICU-relative time assigned.","Core_Case_Control",35222,35217,5,0.000141956731588212,"uniform_target_Bacteria_Archaea_v1","rerun_v2_paired","Project_Final_Nonzero",0,0.271005480307806,0.00113581508930346,0.00244200244200244,0.000369139904023625,0.0624414345344578,0,0,0.158900530993554,0.0685464406394639,0.000965442825907942,0.00579265695544765,0.0118408723059886,0.000170372263395519,0,0.00292472385495641,0.0352386631456399,0,0.0120112445693841,0,0.00218644404690916,0.000113581508930346,0,0.0337337081523128,0.000369139904023625,0.00184569952011812,0,0.0519635403356334,0.000198767640628106,0.0362041059715478,0,0.00136297810716415,0,0,0,0.0431325780162989,0,0.000141976886162933,0,0,0.000567907544651731,0.021154556038277,0.00482721412953971,0.000198767640628106,0,0.000851861316977596,0,0.000283953772325865,0,0,0.00891614845103217,0,0.00215804866967658,0,0,0,0.00332225913621262,0.0234829769713491,0.0161569696453417,0,0.012153221455547,0,0,0,0.00414572507595763,0.000312349149558452,0.00420251583042281,0,0,0.000454326035721385,0,0,0.00298151460942159,0,0.00340744526791038,0,0.00187409489735071,0,0.0116705000425931,0,0.000880256694210183,0.000283953772325865,0,0,0.00468523724337678,0,0,0,0,0,0,0,0.000283953772325865,0,0.000255558395093279,0.00124939659823381,0.0191668796319959,0.00150495499332709,0.00212965329244399,0.0010506289576057,0,0.0181730414288554,0.000369139904023625,0,0,0,0,0,0,0,0,0.0010506289576057,0,0,0,0,0.000141976886162933,0,0,0,0.000425930658488798,0,0,0,0,0,0,0.00423091120765539,0,0.0021012579152114,0,0,0,0,0,0,0,0,0.000227163017860692,0,0,0.00167532725672261,0,0,0,0.000113581508930346,0,0,0,0,0,0,0,0,0,0,0,0,0,0,0.000425930658488798,0,0,0,0,0,0,0,0,0,0,0,0,0.000624698299116904,0,0,0,0,0,0,0,0,0,0,0,0,0,0,0,0,0,0,0,0,0,0,0,0,0,0,0,0,0,0,0,0,0,0,0,0,0,0,0,0,0,0,0,0,0,0,0,0,0,0,0,0,0,0,0,0,0,0,0.000425930658488798,0,0,0,0,0,0,0,0,0,0,0,0,0,0.000198767640628106,0,0,0,0,0,0
